#pragma once

#include <cstdint>

namespace OpenXcom
{
namespace GenericMenuArtwork3DS
{

constexpr int WIDTH = 304;
constexpr int HEIGHT = 168;

/*
 * RGB565 generic-menu artwork using the X-COM logo supplied for the
 * Nintendo 3DS lower-screen touchpad. The touchpad background remains
 * at its existing cool blue-gray color; only the logo is softly blended
 * into it so it does not look pasted over the panel.
 */
static constexpr std::uint16_t PIXELS[WIDTH * HEIGHT] =
{
        0x324B, 0x324B, 0x324B, 0x324B, 0x324B, 0x324B, 0x324B, 0x324B, 0x324B, 0x324B, 0x324B, 0x324B,
        0x324B, 0x324B, 0x324B, 0x324B, 0x324B, 0x324B, 0x324B, 0x324B, 0x324B, 0x324B, 0x324B, 0x324B,
        0x324B, 0x324B, 0x324B, 0x324B, 0x324B, 0x324B, 0x324B, 0x324B, 0x324B, 0x324B, 0x324B, 0x324B,
        0x324B, 0x324B, 0x324B, 0x324B, 0x324B, 0x324B, 0x324B, 0x324B, 0x324B, 0x324B, 0x324B, 0x324B,
        0x324B, 0x324B, 0x324B, 0x324B, 0x324B, 0x324B, 0x324B, 0x324B, 0x324B, 0x324B, 0x324B, 0x324B,
        0x324B, 0x324B, 0x324B, 0x324B, 0x324B, 0x324B, 0x324B, 0x324B, 0x324B, 0x324B, 0x324B, 0x324B,
        0x324B, 0x324B, 0x324B, 0x324B, 0x324B, 0x324B, 0x324B, 0x324B, 0x324B, 0x324B, 0x324B, 0x324B,
        0x324B, 0x324B, 0x324B, 0x324B, 0x324B, 0x324B, 0x324B, 0x324B, 0x324B, 0x324B, 0x324B, 0x324B,
        0x324B, 0x324B, 0x324B, 0x324B, 0x324B, 0x324B, 0x324B, 0x324B, 0x324B, 0x324B, 0x324B, 0x324B,
        0x324B, 0x324B, 0x324B, 0x324B, 0x324B, 0x324B, 0x324B, 0x324B, 0x324B, 0x324B, 0x324B, 0x324B,
        0x324B, 0x324B, 0x324B, 0x324B, 0x324B, 0x324B, 0x324B, 0x324B, 0x324B, 0x324B, 0x324B, 0x324B,
        0x324B, 0x324B, 0x324B, 0x324B, 0x324B, 0x324B, 0x324B, 0x324B, 0x324B, 0x324B, 0x324B, 0x324B,
        0x324B, 0x324B, 0x324B, 0x324B, 0x324B, 0x324B, 0x324B, 0x324B, 0x324B, 0x324B, 0x324B, 0x324B,
        0x324B, 0x324B, 0x324B, 0x324B, 0x324B, 0x324B, 0x324B, 0x324B, 0x324B, 0x324B, 0x324B, 0x324B,
        0x324B, 0x324B, 0x324B, 0x324B, 0x324B, 0x324B, 0x324B, 0x324B, 0x324B, 0x324B, 0x324B, 0x324B,
        0x324B, 0x324B, 0x324B, 0x324B, 0x324B, 0x324B, 0x324B, 0x324B, 0x324B, 0x324B, 0x324B, 0x324B,
        0x324B, 0x324B, 0x324B, 0x324B, 0x324B, 0x324B, 0x324B, 0x324B, 0x324B, 0x324B, 0x324B, 0x324B,
        0x324B, 0x324B, 0x324B, 0x324B, 0x324B, 0x324B, 0x324B, 0x324B, 0x324B, 0x324B, 0x324B, 0x324B,
        0x324B, 0x324B, 0x324B, 0x324B, 0x324B, 0x324B, 0x324B, 0x324B, 0x324B, 0x324B, 0x324B, 0x324B,
        0x324B, 0x324B, 0x324B, 0x324B, 0x324B, 0x324B, 0x324B, 0x324B, 0x324B, 0x324B, 0x324B, 0x324B,
        0x324B, 0x324B, 0x324B, 0x324B, 0x324B, 0x324B, 0x324B, 0x324B, 0x324B, 0x324B, 0x324B, 0x324B,
        0x324B, 0x324B, 0x324B, 0x324B, 0x324B, 0x324B, 0x324B, 0x324B, 0x324B, 0x324B, 0x324B, 0x324B,
        0x324B, 0x324B, 0x324B, 0x324B, 0x324B, 0x324B, 0x324B, 0x324B, 0x324B, 0x324B, 0x324B, 0x324B,
        0x324B, 0x324B, 0x324B, 0x324B, 0x324B, 0x324B, 0x324B, 0x324B, 0x324B, 0x324B, 0x324B, 0x324B,
        0x324B, 0x324B, 0x324B, 0x324B, 0x324B, 0x324B, 0x324B, 0x324B, 0x324B, 0x324B, 0x324B, 0x324B,
        0x324B, 0x324B, 0x324B, 0x324B, 0x324B, 0x324B, 0x324B, 0x324B, 0x324B, 0x324B, 0x324B, 0x324B,
        0x324B, 0x324B, 0x324B, 0x324B, 0x324B, 0x324B, 0x324B, 0x324B, 0x324B, 0x324B, 0x324B, 0x324B,
        0x324B, 0x324B, 0x324B, 0x324B, 0x324B, 0x324B, 0x324B, 0x324B, 0x324B, 0x324B, 0x324B, 0x324B,
        0x324B, 0x324B, 0x324B, 0x324B, 0x324B, 0x324B, 0x324B, 0x324B, 0x324B, 0x324B, 0x324B, 0x324B,
        0x324B, 0x324B, 0x324B, 0x324B, 0x324B, 0x324B, 0x324B, 0x324B, 0x324B, 0x324B, 0x324B, 0x324B,
        0x324B, 0x324B, 0x324B, 0x324B, 0x324B, 0x324B, 0x324B, 0x324B, 0x324B, 0x324B, 0x324B, 0x324B,
        0x324B, 0x324B, 0x324B, 0x324B, 0x324B, 0x324B, 0x324B, 0x324B, 0x324B, 0x324B, 0x324B, 0x324B,
        0x324B, 0x324B, 0x324B, 0x324B, 0x324B, 0x324B, 0x324B, 0x324B, 0x324B, 0x324B, 0x324B, 0x324B,
        0x324B, 0x324B, 0x324B, 0x324B, 0x324B, 0x324B, 0x324B, 0x324B, 0x324B, 0x324B, 0x324B, 0x324B,
        0x324B, 0x324B, 0x324B, 0x324B, 0x324B, 0x324B, 0x324B, 0x324B, 0x324B, 0x324B, 0x324B, 0x324B,
        0x324B, 0x324B, 0x324B, 0x324B, 0x324B, 0x324B, 0x324B, 0x324B, 0x324B, 0x324B, 0x324B, 0x324B,
        0x324B, 0x324B, 0x324B, 0x324B, 0x324B, 0x324B, 0x324B, 0x324B, 0x324B, 0x324B, 0x324B, 0x324B,
        0x324B, 0x324B, 0x324B, 0x324B, 0x324B, 0x324B, 0x324B, 0x324B, 0x324B, 0x324B, 0x324B, 0x324B,
        0x324B, 0x324B, 0x324B, 0x324B, 0x324B, 0x324B, 0x324B, 0x324B, 0x324B, 0x324B, 0x324B, 0x324B,
        0x324B, 0x324B, 0x324B, 0x324B, 0x324B, 0x324B, 0x324B, 0x324B, 0x324B, 0x324B, 0x324B, 0x324B,
        0x324B, 0x324B, 0x324B, 0x324B, 0x324B, 0x324B, 0x324B, 0x324B, 0x324B, 0x324B, 0x324B, 0x324B,
        0x324B, 0x324B, 0x324B, 0x324B, 0x324B, 0x324B, 0x324B, 0x324B, 0x324B, 0x324B, 0x324B, 0x324B,
        0x324B, 0x324B, 0x324B, 0x324B, 0x324B, 0x324B, 0x324B, 0x324B, 0x324B, 0x324B, 0x324B, 0x324B,
        0x324B, 0x324B, 0x324B, 0x324B, 0x324B, 0x324B, 0x324B, 0x324B, 0x324B, 0x324B, 0x324B, 0x324B,
        0x324B, 0x324B, 0x324B, 0x324B, 0x324B, 0x324B, 0x324B, 0x324B, 0x324B, 0x324B, 0x324B, 0x324B,
        0x324B, 0x324B, 0x324B, 0x324B, 0x324B, 0x324B, 0x324B, 0x324B, 0x324B, 0x324B, 0x324B, 0x324B,
        0x324B, 0x324B, 0x324B, 0x324B, 0x324B, 0x324B, 0x324B, 0x324B, 0x324B, 0x324B, 0x324B, 0x324B,
        0x324B, 0x324B, 0x324B, 0x324B, 0x324B, 0x324B, 0x324B, 0x324B, 0x324B, 0x324B, 0x324B, 0x324B,
        0x324B, 0x324B, 0x324B, 0x324B, 0x324B, 0x324B, 0x324B, 0x324B, 0x324B, 0x324B, 0x324B, 0x324B,
        0x324B, 0x324B, 0x324B, 0x324B, 0x324B, 0x324B, 0x324B, 0x324B, 0x324B, 0x324B, 0x324B, 0x324B,
        0x324B, 0x324B, 0x324B, 0x324B, 0x324B, 0x324B, 0x324B, 0x324B, 0x324B, 0x324B, 0x324B, 0x324B,
        0x324B, 0x324B, 0x324B, 0x324B, 0x324B, 0x324B, 0x324B, 0x324B, 0x324B, 0x324B, 0x324B, 0x324B,
        0x324B, 0x324B, 0x324B, 0x324B, 0x324B, 0x324B, 0x324B, 0x324B, 0x324B, 0x324B, 0x324B, 0x324B,
        0x324B, 0x324B, 0x324B, 0x324B, 0x324B, 0x324B, 0x324B, 0x324B, 0x324B, 0x324B, 0x324B, 0x324B,
        0x324B, 0x324B, 0x324B, 0x324B, 0x324B, 0x324B, 0x324B, 0x324B, 0x324B, 0x324B, 0x324B, 0x324B,
        0x324B, 0x324B, 0x324B, 0x324B, 0x324B, 0x324B, 0x324B, 0x324B, 0x324B, 0x324B, 0x324B, 0x324B,
        0x324B, 0x324B, 0x324B, 0x324B, 0x324B, 0x324B, 0x324B, 0x324B, 0x324B, 0x324B, 0x324B, 0x324B,
        0x324B, 0x324B, 0x324B, 0x324B, 0x324B, 0x324B, 0x324B, 0x324B, 0x324B, 0x324B, 0x324B, 0x324B,
        0x324B, 0x324B, 0x324B, 0x324B, 0x324B, 0x324B, 0x324B, 0x324B, 0x324B, 0x324B, 0x324B, 0x324B,
        0x324B, 0x324B, 0x324B, 0x324B, 0x324B, 0x324B, 0x324B, 0x324B, 0x324B, 0x324B, 0x324B, 0x324B,
        0x324B, 0x324B, 0x324B, 0x324B, 0x324B, 0x324B, 0x324B, 0x324B, 0x324B, 0x324B, 0x324B, 0x324B,
        0x324B, 0x324B, 0x324B, 0x324B, 0x324B, 0x324B, 0x324B, 0x324B, 0x324B, 0x324B, 0x324B, 0x324B,
        0x324B, 0x324B, 0x324B, 0x324B, 0x324B, 0x324B, 0x324B, 0x324B, 0x324B, 0x324B, 0x324B, 0x324B,
        0x324B, 0x324B, 0x324B, 0x324B, 0x324B, 0x324B, 0x324B, 0x324B, 0x324B, 0x324B, 0x324B, 0x324B,
        0x324B, 0x324B, 0x324B, 0x324B, 0x324B, 0x324B, 0x324B, 0x324B, 0x324B, 0x324B, 0x324B, 0x324B,
        0x324B, 0x324B, 0x324B, 0x324B, 0x324B, 0x324B, 0x324B, 0x324B, 0x324B, 0x324B, 0x324B, 0x324B,
        0x324B, 0x324B, 0x324B, 0x324B, 0x324B, 0x324B, 0x324B, 0x324B, 0x324B, 0x324B, 0x324B, 0x324B,
        0x324B, 0x324B, 0x324B, 0x324B, 0x324B, 0x324B, 0x324B, 0x324B, 0x324B, 0x324B, 0x324B, 0x324B,
        0x324B, 0x324B, 0x324B, 0x324B, 0x324B, 0x324B, 0x324B, 0x324B, 0x324B, 0x324B, 0x324B, 0x324B,
        0x324B, 0x324B, 0x324B, 0x324B, 0x324B, 0x324B, 0x324B, 0x324B, 0x324B, 0x324B, 0x324B, 0x324B,
        0x324B, 0x324B, 0x324B, 0x324B, 0x324B, 0x324B, 0x324B, 0x324B, 0x324B, 0x324B, 0x324B, 0x324B,
        0x324B, 0x324B, 0x324B, 0x324B, 0x324B, 0x324B, 0x324B, 0x324B, 0x324B, 0x324B, 0x324B, 0x324B,
        0x324B, 0x324B, 0x324B, 0x324B, 0x324B, 0x324B, 0x324B, 0x324B, 0x324B, 0x324B, 0x324B, 0x324B,
        0x324B, 0x324B, 0x324B, 0x324B, 0x324B, 0x324B, 0x324B, 0x324B, 0x324B, 0x324B, 0x324B, 0x324B,
        0x324B, 0x324B, 0x324B, 0x324B, 0x324B, 0x324B, 0x324B, 0x324B, 0x324B, 0x324B, 0x324B, 0x324B,
        0x324B, 0x324B, 0x324B, 0x324B, 0x324B, 0x324B, 0x324B, 0x324B, 0x324B, 0x324B, 0x324B, 0x324B,
        0x324B, 0x324B, 0x324B, 0x324B, 0x324B, 0x324B, 0x324B, 0x324B, 0x324B, 0x324B, 0x324B, 0x324B,
        0x324B, 0x324B, 0x324B, 0x324B, 0x324B, 0x324B, 0x324B, 0x324B, 0x324B, 0x324B, 0x324B, 0x324B,
        0x324B, 0x324B, 0x324B, 0x324B, 0x324B, 0x324B, 0x324B, 0x324B, 0x324B, 0x324B, 0x324B, 0x324B,
        0x324B, 0x324B, 0x324B, 0x324B, 0x324B, 0x324B, 0x324B, 0x324B, 0x324B, 0x324B, 0x324B, 0x324B,
        0x324B, 0x324B, 0x324B, 0x324B, 0x324B, 0x324B, 0x324B, 0x324B, 0x324B, 0x324B, 0x324B, 0x324B,
        0x324B, 0x324B, 0x324B, 0x324B, 0x324B, 0x324B, 0x324B, 0x324B, 0x324B, 0x324B, 0x324B, 0x324B,
        0x324B, 0x324B, 0x324B, 0x324B, 0x324B, 0x324B, 0x324B, 0x324B, 0x324B, 0x324B, 0x324B, 0x324B,
        0x324B, 0x324B, 0x324B, 0x324B, 0x324B, 0x324B, 0x324B, 0x324B, 0x324B, 0x324B, 0x324B, 0x324B,
        0x324B, 0x324B, 0x324B, 0x324B, 0x324B, 0x324B, 0x324B, 0x324B, 0x324B, 0x324B, 0x324B, 0x324B,
        0x324B, 0x324B, 0x324B, 0x324B, 0x324B, 0x324B, 0x324B, 0x324B, 0x324B, 0x324B, 0x324B, 0x324B,
        0x324B, 0x324B, 0x324B, 0x324B, 0x324B, 0x324B, 0x324B, 0x324B, 0x324B, 0x324B, 0x324B, 0x324B,
        0x324B, 0x324B, 0x324B, 0x324B, 0x324B, 0x324B, 0x324B, 0x324B, 0x324B, 0x324B, 0x324B, 0x324B,
        0x324B, 0x324B, 0x324B, 0x324B, 0x324B, 0x324B, 0x324B, 0x324B, 0x324B, 0x324B, 0x324B, 0x324B,
        0x324B, 0x324B, 0x324B, 0x324B, 0x324B, 0x324B, 0x324B, 0x324B, 0x324B, 0x324B, 0x324B, 0x324B,
        0x324B, 0x324B, 0x324B, 0x324B, 0x324B, 0x324B, 0x324B, 0x324B, 0x324B, 0x324B, 0x324B, 0x324B,
        0x324B, 0x324B, 0x324B, 0x324B, 0x324B, 0x324B, 0x324B, 0x324B, 0x324B, 0x324B, 0x324B, 0x324B,
        0x324B, 0x324B, 0x324B, 0x324B, 0x324B, 0x324B, 0x324B, 0x324B, 0x324B, 0x324B, 0x324B, 0x324B,
        0x324B, 0x324B, 0x324B, 0x324B, 0x324B, 0x324B, 0x324B, 0x324B, 0x324B, 0x324B, 0x324B, 0x324B,
        0x324B, 0x324B, 0x324B, 0x324B, 0x324B, 0x324B, 0x324B, 0x324B, 0x324B, 0x324B, 0x324B, 0x324B,
        0x324B, 0x324B, 0x324B, 0x324B, 0x324B, 0x324B, 0x324B, 0x324B, 0x324B, 0x324B, 0x324B, 0x324B,
        0x324B, 0x324B, 0x324B, 0x324B, 0x324B, 0x324B, 0x324B, 0x324B, 0x324B, 0x324B, 0x324B, 0x324B,
        0x324B, 0x324B, 0x324B, 0x324B, 0x324B, 0x324B, 0x324B, 0x324B, 0x324B, 0x324B, 0x324B, 0x324B,
        0x324B, 0x324B, 0x324B, 0x324B, 0x324B, 0x324B, 0x324B, 0x324B, 0x324B, 0x324B, 0x324B, 0x324B,
        0x324B, 0x324B, 0x324B, 0x324B, 0x324B, 0x324B, 0x324B, 0x324B, 0x324B, 0x324B, 0x324B, 0x324B,
        0x324B, 0x324B, 0x324B, 0x324B, 0x324B, 0x324B, 0x324B, 0x324B, 0x324B, 0x324B, 0x324B, 0x324B,
        0x324B, 0x324B, 0x324B, 0x324B, 0x324B, 0x324B, 0x324B, 0x324B, 0x324B, 0x324B, 0x324B, 0x324B,
        0x324B, 0x324B, 0x324B, 0x324B, 0x324B, 0x324B, 0x324B, 0x324B, 0x324B, 0x324B, 0x324B, 0x324B,
        0x324B, 0x324B, 0x324B, 0x324B, 0x324B, 0x324B, 0x324B, 0x324B, 0x324B, 0x324B, 0x324B, 0x324B,
        0x324B, 0x324B, 0x324B, 0x324B, 0x324B, 0x324B, 0x324B, 0x324B, 0x324B, 0x324B, 0x324B, 0x324B,
        0x324B, 0x324B, 0x324B, 0x324B, 0x324B, 0x324B, 0x324B, 0x324B, 0x324B, 0x324B, 0x324B, 0x324B,
        0x324B, 0x324B, 0x324B, 0x324B, 0x324B, 0x324B, 0x324B, 0x324B, 0x324B, 0x324B, 0x324B, 0x324B,
        0x324B, 0x324B, 0x324B, 0x324B, 0x324B, 0x324B, 0x324B, 0x324B, 0x324B, 0x324B, 0x324B, 0x324B,
        0x324B, 0x324B, 0x324B, 0x324B, 0x324B, 0x324B, 0x324B, 0x324B, 0x324B, 0x324B, 0x324B, 0x324B,
        0x324B, 0x324B, 0x324B, 0x324B, 0x324B, 0x324B, 0x324B, 0x324B, 0x324B, 0x324B, 0x324B, 0x324B,
        0x324B, 0x324B, 0x324B, 0x324B, 0x324B, 0x324B, 0x324B, 0x324B, 0x324B, 0x324B, 0x324B, 0x324B,
        0x324B, 0x324B, 0x324B, 0x324B, 0x324B, 0x324B, 0x324B, 0x324B, 0x324B, 0x324B, 0x324B, 0x324B,
        0x324B, 0x324B, 0x324B, 0x324B, 0x324B, 0x324B, 0x324B, 0x324B, 0x324B, 0x324B, 0x324B, 0x324B,
        0x324B, 0x324B, 0x324B, 0x324B, 0x324B, 0x324B, 0x324B, 0x324B, 0x324B, 0x324B, 0x324B, 0x324B,
        0x324B, 0x324B, 0x324B, 0x324B, 0x324B, 0x324B, 0x324B, 0x324B, 0x324B, 0x324B, 0x324B, 0x324B,
        0x324B, 0x324B, 0x324B, 0x324B, 0x324B, 0x324B, 0x324B, 0x324B, 0x324B, 0x324B, 0x324B, 0x324B,
        0x324B, 0x324B, 0x324B, 0x324B, 0x324B, 0x324B, 0x324B, 0x324B, 0x324B, 0x324B, 0x324B, 0x324B,
        0x324B, 0x324B, 0x324B, 0x324B, 0x324B, 0x324B, 0x324B, 0x324B, 0x324B, 0x324B, 0x324B, 0x324B,
        0x324B, 0x324B, 0x324B, 0x324B, 0x324B, 0x324B, 0x324B, 0x324B, 0x324B, 0x324B, 0x324B, 0x324B,
        0x324B, 0x324B, 0x324B, 0x324B, 0x324B, 0x324B, 0x324B, 0x324B, 0x324B, 0x324B, 0x324B, 0x324B,
        0x324B, 0x324B, 0x324B, 0x324B, 0x324B, 0x324B, 0x324B, 0x324B, 0x324B, 0x324B, 0x324B, 0x324B,
        0x324B, 0x324B, 0x324B, 0x324B, 0x324B, 0x324B, 0x324B, 0x324B, 0x324B, 0x324B, 0x324B, 0x324B,
        0x324B, 0x324B, 0x324B, 0x324B, 0x324B, 0x324B, 0x324B, 0x324B, 0x324B, 0x324B, 0x324B, 0x324B,
        0x324B, 0x324B, 0x324B, 0x324B, 0x324B, 0x324B, 0x324B, 0x324B, 0x324B, 0x324B, 0x324B, 0x324B,
        0x324B, 0x324B, 0x324B, 0x324B, 0x324B, 0x324B, 0x324B, 0x324B, 0x324B, 0x324B, 0x324B, 0x324B,
        0x324B, 0x324B, 0x324B, 0x324B, 0x324B, 0x324B, 0x324B, 0x324B, 0x324B, 0x324B, 0x324B, 0x324B,
        0x324B, 0x324B, 0x324B, 0x324B, 0x324B, 0x324B, 0x324B, 0x324B, 0x324B, 0x324B, 0x324B, 0x324B,
        0x324B, 0x324B, 0x324B, 0x324B, 0x324B, 0x324B, 0x324B, 0x324B, 0x324B, 0x324B, 0x324B, 0x324B,
        0x324B, 0x324B, 0x324B, 0x324B, 0x324B, 0x324B, 0x324B, 0x324B, 0x324B, 0x324B, 0x324B, 0x324B,
        0x324B, 0x324B, 0x324B, 0x324B, 0x324B, 0x324B, 0x324B, 0x324B, 0x324B, 0x324B, 0x324B, 0x324B,
        0x324B, 0x324B, 0x324B, 0x324B, 0x324B, 0x324B, 0x324B, 0x324B, 0x324B, 0x324B, 0x324B, 0x324B,
        0x324B, 0x324B, 0x324B, 0x324B, 0x324B, 0x324B, 0x324B, 0x324B, 0x324B, 0x324B, 0x324B, 0x324B,
        0x324B, 0x324B, 0x324B, 0x324B, 0x324B, 0x324B, 0x324B, 0x324B, 0x324B, 0x324B, 0x324B, 0x324B,
        0x324B, 0x324B, 0x324B, 0x324B, 0x324B, 0x324B, 0x324B, 0x324B, 0x324B, 0x324B, 0x324B, 0x324B,
        0x324B, 0x324B, 0x324B, 0x324B, 0x324B, 0x324B, 0x324B, 0x324B, 0x324B, 0x324B, 0x324B, 0x324B,
        0x324B, 0x324B, 0x324B, 0x324B, 0x324B, 0x324B, 0x324B, 0x324B, 0x324B, 0x324B, 0x324B, 0x324B,
        0x324B, 0x324B, 0x324B, 0x324B, 0x324B, 0x324B, 0x324B, 0x324B, 0x324B, 0x324B, 0x324B, 0x324B,
        0x324B, 0x324B, 0x324B, 0x324B, 0x324B, 0x324B, 0x324B, 0x324B, 0x324B, 0x324B, 0x324B, 0x324B,
        0x324B, 0x324B, 0x324B, 0x324B, 0x324B, 0x324B, 0x324B, 0x324B, 0x324B, 0x324B, 0x324B, 0x324B,
        0x324B, 0x324B, 0x324B, 0x324B, 0x324B, 0x324B, 0x324B, 0x324B, 0x324B, 0x324B, 0x324B, 0x324B,
        0x324B, 0x324B, 0x324B, 0x324B, 0x324B, 0x324B, 0x324B, 0x324B, 0x324B, 0x324B, 0x324B, 0x324B,
        0x324B, 0x324B, 0x324B, 0x324B, 0x324B, 0x324B, 0x324B, 0x324B, 0x324B, 0x324B, 0x324B, 0x324B,
        0x324B, 0x324B, 0x324B, 0x324B, 0x324B, 0x324B, 0x324B, 0x324B, 0x324B, 0x324B, 0x324B, 0x324B,
        0x324B, 0x324B, 0x324B, 0x324B, 0x324B, 0x324B, 0x324B, 0x324B, 0x324B, 0x324B, 0x324B, 0x324B,
        0x324B, 0x324B, 0x324B, 0x324B, 0x324B, 0x324B, 0x324B, 0x324B, 0x324B, 0x324B, 0x324B, 0x324B,
        0x324B, 0x324B, 0x324B, 0x324B, 0x324B, 0x324B, 0x324B, 0x324B, 0x324B, 0x324B, 0x324B, 0x324B,
        0x324B, 0x324B, 0x324B, 0x324B, 0x324B, 0x324B, 0x324B, 0x324B, 0x324B, 0x324B, 0x324B, 0x324B,
        0x324B, 0x324B, 0x324B, 0x324B, 0x324B, 0x324B, 0x324B, 0x324B, 0x324B, 0x324B, 0x324B, 0x324B,
        0x324B, 0x324B, 0x324B, 0x324B, 0x324B, 0x324B, 0x324B, 0x324B, 0x324B, 0x324B, 0x324B, 0x324B,
        0x324B, 0x324B, 0x324B, 0x324B, 0x324B, 0x324B, 0x324B, 0x324B, 0x324B, 0x324B, 0x324B, 0x324B,
        0x324B, 0x324B, 0x324B, 0x324B, 0x324B, 0x324B, 0x324B, 0x324B, 0x324B, 0x324B, 0x324B, 0x324B,
        0x324B, 0x324B, 0x324B, 0x324B, 0x324B, 0x324B, 0x324B, 0x324B, 0x324B, 0x324B, 0x324B, 0x324B,
        0x324B, 0x324B, 0x324B, 0x324B, 0x324B, 0x324B, 0x324B, 0x324B, 0x324B, 0x324B, 0x324B, 0x324B,
        0x324B, 0x324B, 0x324B, 0x324B, 0x324B, 0x324B, 0x324B, 0x324B, 0x324B, 0x324B, 0x324B, 0x324B,
        0x324B, 0x324B, 0x324B, 0x324B, 0x324B, 0x324B, 0x324B, 0x324B, 0x324B, 0x324B, 0x324B, 0x324B,
        0x324B, 0x324B, 0x324B, 0x324B, 0x324B, 0x324B, 0x324B, 0x324B, 0x324B, 0x324B, 0x324B, 0x324B,
        0x324B, 0x324B, 0x324B, 0x324B, 0x324B, 0x324B, 0x324B, 0x324B, 0x324B, 0x324B, 0x324B, 0x324B,
        0x324B, 0x324B, 0x324B, 0x324B, 0x324B, 0x324B, 0x324B, 0x324B, 0x324B, 0x324B, 0x324B, 0x324B,
        0x324B, 0x324B, 0x324B, 0x324B, 0x324B, 0x324B, 0x324B, 0x324B, 0x324B, 0x324B, 0x324B, 0x324B,
        0x324B, 0x324B, 0x324B, 0x324B, 0x324B, 0x324B, 0x324B, 0x324B, 0x324B, 0x324B, 0x324B, 0x324B,
        0x324B, 0x324B, 0x324B, 0x324B, 0x324B, 0x324B, 0x324B, 0x324B, 0x324B, 0x324B, 0x324B, 0x324B,
        0x324B, 0x324B, 0x324B, 0x324B, 0x324B, 0x324B, 0x324B, 0x324B, 0x324B, 0x324B, 0x324B, 0x324B,
        0x324B, 0x324B, 0x324B, 0x324B, 0x324B, 0x324B, 0x324B, 0x324B, 0x324B, 0x324B, 0x324B, 0x324B,
        0x324B, 0x324B, 0x324B, 0x324B, 0x324B, 0x324B, 0x324B, 0x324B, 0x324B, 0x324B, 0x324B, 0x324B,
        0x324B, 0x324B, 0x324B, 0x324B, 0x324B, 0x324B, 0x324B, 0x324B, 0x324B, 0x324B, 0x324B, 0x324B,
        0x324B, 0x324B, 0x324B, 0x324B, 0x324B, 0x324B, 0x324B, 0x324B, 0x324B, 0x324B, 0x324B, 0x324B,
        0x324B, 0x324B, 0x324B, 0x324B, 0x324B, 0x324B, 0x324B, 0x324B, 0x324B, 0x324B, 0x324B, 0x324B,
        0x324B, 0x324B, 0x324B, 0x324B, 0x324B, 0x324B, 0x324B, 0x324B, 0x324B, 0x324B, 0x324B, 0x324B,
        0x324B, 0x324B, 0x324B, 0x324B, 0x324B, 0x324B, 0x324B, 0x324B, 0x324B, 0x324B, 0x324B, 0x324B,
        0x324B, 0x324B, 0x324B, 0x324B, 0x324B, 0x324B, 0x324B, 0x324B, 0x324B, 0x324B, 0x324B, 0x324B,
        0x324B, 0x324B, 0x324B, 0x324B, 0x324B, 0x324B, 0x324B, 0x324B, 0x324B, 0x324B, 0x324B, 0x324B,
        0x324B, 0x324B, 0x324B, 0x324B, 0x324B, 0x324B, 0x324B, 0x324B, 0x324B, 0x324B, 0x324B, 0x324B,
        0x324B, 0x324B, 0x324B, 0x324B, 0x324B, 0x324B, 0x324B, 0x324B, 0x324B, 0x324B, 0x324B, 0x324B,
        0x324B, 0x324B, 0x324B, 0x324B, 0x324B, 0x324B, 0x324B, 0x324B, 0x324B, 0x324B, 0x324B, 0x324B,
        0x324B, 0x324B, 0x324B, 0x324B, 0x324B, 0x324B, 0x324B, 0x324B, 0x324B, 0x324B, 0x324B, 0x324B,
        0x324B, 0x324B, 0x324B, 0x324B, 0x324B, 0x324B, 0x324B, 0x324B, 0x324B, 0x324B, 0x324B, 0x324B,
        0x324B, 0x324B, 0x324B, 0x324B, 0x324B, 0x324B, 0x324B, 0x324B, 0x324B, 0x324B, 0x324B, 0x324B,
        0x324B, 0x324B, 0x324B, 0x324B, 0x324B, 0x324B, 0x324B, 0x324B, 0x324B, 0x324B, 0x324B, 0x324B,
        0x324B, 0x324B, 0x324B, 0x324B, 0x324B, 0x324B, 0x324B, 0x324B, 0x324B, 0x324B, 0x324B, 0x324B,
        0x324B, 0x324B, 0x324B, 0x324B, 0x324B, 0x324B, 0x324B, 0x324B, 0x324B, 0x324B, 0x324B, 0x324B,
        0x324B, 0x324B, 0x324B, 0x324B, 0x324B, 0x324B, 0x324B, 0x324B, 0x324B, 0x324B, 0x324B, 0x324B,
        0x324B, 0x324B, 0x324B, 0x324B, 0x324B, 0x324B, 0x324B, 0x324B, 0x324B, 0x324B, 0x324B, 0x324B,
        0x324B, 0x324B, 0x324B, 0x324B, 0x324B, 0x324B, 0x324B, 0x324B, 0x324B, 0x324B, 0x324B, 0x324B,
        0x324B, 0x324B, 0x324B, 0x324B, 0x324B, 0x324B, 0x324B, 0x324B, 0x324B, 0x324B, 0x324B, 0x324B,
        0x324B, 0x324B, 0x324B, 0x324B, 0x324B, 0x324B, 0x324B, 0x324B, 0x324B, 0x324B, 0x324B, 0x324B,
        0x324B, 0x324B, 0x324B, 0x324B, 0x324B, 0x324B, 0x324B, 0x324B, 0x324B, 0x324B, 0x324B, 0x324B,
        0x324B, 0x324B, 0x324B, 0x324B, 0x324B, 0x324B, 0x324B, 0x324B, 0x324B, 0x324B, 0x324B, 0x324B,
        0x324B, 0x324B, 0x324B, 0x324B, 0x324B, 0x324B, 0x324B, 0x324B, 0x324B, 0x324B, 0x324B, 0x324B,
        0x324B, 0x324B, 0x324B, 0x324B, 0x324B, 0x324B, 0x324B, 0x324B, 0x324B, 0x324B, 0x324B, 0x324B,
        0x324B, 0x324B, 0x324B, 0x324B, 0x324B, 0x324B, 0x324B, 0x324B, 0x324B, 0x324B, 0x324B, 0x324B,
        0x324B, 0x324B, 0x324B, 0x324B, 0x324B, 0x324B, 0x324B, 0x324B, 0x324B, 0x324B, 0x324B, 0x324B,
        0x324B, 0x324B, 0x324B, 0x324B, 0x324B, 0x324B, 0x324B, 0x324B, 0x324B, 0x324B, 0x324B, 0x324B,
        0x324B, 0x324B, 0x324B, 0x324B, 0x324B, 0x324B, 0x324B, 0x324B, 0x324B, 0x324B, 0x324B, 0x324B,
        0x324B, 0x324B, 0x324B, 0x324B, 0x324B, 0x324B, 0x324B, 0x324B, 0x324B, 0x324B, 0x324B, 0x324B,
        0x324B, 0x324B, 0x324B, 0x324B, 0x324B, 0x324B, 0x324B, 0x324B, 0x324B, 0x324B, 0x324B, 0x324B,
        0x324B, 0x324B, 0x324B, 0x324B, 0x324B, 0x324B, 0x324B, 0x324B, 0x324B, 0x324B, 0x324B, 0x324B,
        0x324B, 0x324B, 0x324B, 0x324B, 0x324B, 0x324B, 0x324B, 0x324B, 0x324B, 0x324B, 0x324B, 0x324B,
        0x324B, 0x324B, 0x324B, 0x324B, 0x324B, 0x324B, 0x324B, 0x324B, 0x324B, 0x324B, 0x324B, 0x324B,
        0x324B, 0x324B, 0x324B, 0x324B, 0x324B, 0x324B, 0x324B, 0x324B, 0x324B, 0x324B, 0x324B, 0x324B,
        0x324B, 0x324B, 0x324B, 0x324B, 0x324B, 0x324B, 0x324B, 0x324B, 0x324B, 0x324B, 0x324B, 0x324B,
        0x324B, 0x324B, 0x324B, 0x324B, 0x324B, 0x324B, 0x324B, 0x324B, 0x324B, 0x324B, 0x324B, 0x324B,
        0x324B, 0x324B, 0x324B, 0x324B, 0x324B, 0x324B, 0x324B, 0x324B, 0x324B, 0x324B, 0x324B, 0x324B,
        0x324B, 0x324B, 0x324B, 0x324B, 0x324B, 0x324B, 0x324B, 0x324B, 0x324B, 0x324B, 0x324B, 0x324B,
        0x324B, 0x324B, 0x324B, 0x324B, 0x324B, 0x324B, 0x324B, 0x324B, 0x324B, 0x324B, 0x324B, 0x324B,
        0x324B, 0x324B, 0x324B, 0x324B, 0x324B, 0x324B, 0x324B, 0x324B, 0x324B, 0x324B, 0x324B, 0x324B,
        0x324B, 0x324B, 0x324B, 0x324B, 0x324B, 0x324B, 0x324B, 0x324B, 0x324B, 0x324B, 0x324B, 0x324B,
        0x324B, 0x324B, 0x324B, 0x324B, 0x324B, 0x324B, 0x324B, 0x324B, 0x324B, 0x324B, 0x324B, 0x324B,
        0x324B, 0x324B, 0x324B, 0x324B, 0x324B, 0x324B, 0x324B, 0x324B, 0x324B, 0x324B, 0x324B, 0x324B,
        0x324B, 0x324B, 0x324B, 0x324B, 0x324B, 0x324B, 0x324B, 0x324B, 0x324B, 0x324B, 0x324B, 0x324B,
        0x324B, 0x324B, 0x324B, 0x324B, 0x324B, 0x324B, 0x324B, 0x324B, 0x324B, 0x324B, 0x324B, 0x324B,
        0x324B, 0x324B, 0x324B, 0x324B, 0x324B, 0x324B, 0x324B, 0x324B, 0x324B, 0x324B, 0x324B, 0x324B,
        0x324B, 0x324B, 0x324B, 0x324B, 0x324B, 0x324B, 0x324B, 0x324B, 0x324B, 0x324B, 0x324B, 0x324B,
        0x324B, 0x324B, 0x324B, 0x324B, 0x324B, 0x324B, 0x324B, 0x324B, 0x324B, 0x324B, 0x324B, 0x324B,
        0x324B, 0x324B, 0x324B, 0x324B, 0x324B, 0x324B, 0x324B, 0x324B, 0x324B, 0x324B, 0x324B, 0x324B,
        0x324B, 0x324B, 0x324B, 0x324B, 0x324B, 0x324B, 0x324B, 0x324B, 0x324B, 0x324B, 0x324B, 0x324B,
        0x324B, 0x324B, 0x324B, 0x324B, 0x324B, 0x324B, 0x324B, 0x324B, 0x324B, 0x324B, 0x324B, 0x324B,
        0x324B, 0x324B, 0x324B, 0x324B, 0x324B, 0x324B, 0x324B, 0x324B, 0x324B, 0x324B, 0x324B, 0x324B,
        0x324B, 0x324B, 0x324B, 0x324B, 0x324B, 0x324B, 0x324B, 0x324B, 0x324B, 0x324B, 0x324B, 0x324B,
        0x324B, 0x324B, 0x324B, 0x324B, 0x324B, 0x324B, 0x324B, 0x324B, 0x324B, 0x324B, 0x324B, 0x324B,
        0x324B, 0x324B, 0x324B, 0x324B, 0x324B, 0x324B, 0x324B, 0x324B, 0x324B, 0x324B, 0x324B, 0x324B,
        0x324B, 0x324B, 0x324B, 0x324B, 0x324B, 0x324B, 0x324B, 0x324B, 0x324B, 0x324B, 0x324B, 0x324B,
        0x324B, 0x324B, 0x324B, 0x324B, 0x324B, 0x324B, 0x324B, 0x324B, 0x324B, 0x324B, 0x324B, 0x324B,
        0x324B, 0x324B, 0x324B, 0x324B, 0x324B, 0x324B, 0x324B, 0x324B, 0x324B, 0x324B, 0x324B, 0x324B,
        0x324B, 0x324B, 0x324B, 0x324B, 0x324B, 0x324B, 0x324B, 0x324B, 0x324B, 0x324B, 0x324B, 0x324B,
        0x324B, 0x324B, 0x324B, 0x324B, 0x324B, 0x324B, 0x324B, 0x324B, 0x324B, 0x324B, 0x324B, 0x324B,
        0x324B, 0x324B, 0x324B, 0x324B, 0x324B, 0x324B, 0x324B, 0x324B, 0x324B, 0x324B, 0x324B, 0x324B,
        0x324B, 0x324B, 0x324B, 0x324B, 0x324B, 0x324B, 0x324B, 0x324B, 0x324B, 0x324B, 0x324B, 0x324B,
        0x324B, 0x324B, 0x324B, 0x324B, 0x324B, 0x324B, 0x324B, 0x324B, 0x324B, 0x324B, 0x324B, 0x324B,
        0x324B, 0x324B, 0x324B, 0x324B, 0x324B, 0x324B, 0x324B, 0x324B, 0x324B, 0x324B, 0x324B, 0x324B,
        0x324B, 0x324B, 0x324B, 0x324B, 0x324B, 0x324B, 0x324B, 0x324B, 0x324B, 0x324B, 0x324B, 0x324B,
        0x324B, 0x324B, 0x324B, 0x324B, 0x324B, 0x324B, 0x324B, 0x324B, 0x324B, 0x324B, 0x324B, 0x324B,
        0x324B, 0x324B, 0x324B, 0x324B, 0x324B, 0x324B, 0x324B, 0x324B, 0x324B, 0x324B, 0x324B, 0x324B,
        0x324B, 0x324B, 0x324B, 0x324B, 0x324B, 0x324B, 0x324B, 0x324B, 0x324B, 0x324B, 0x324B, 0x324B,
        0x324B, 0x324B, 0x324B, 0x324B, 0x324B, 0x324B, 0x324B, 0x324B, 0x324B, 0x324B, 0x324B, 0x324B,
        0x324B, 0x324B, 0x324B, 0x324B, 0x324B, 0x324B, 0x324B, 0x324B, 0x324B, 0x324B, 0x324B, 0x324B,
        0x324B, 0x324B, 0x324B, 0x324B, 0x324B, 0x324B, 0x324B, 0x324B, 0x324B, 0x324B, 0x324B, 0x324B,
        0x324B, 0x324B, 0x324B, 0x324B, 0x324B, 0x324B, 0x324B, 0x324B, 0x324B, 0x324B, 0x324B, 0x324B,
        0x324B, 0x324B, 0x324B, 0x324B, 0x324B, 0x324B, 0x324B, 0x324B, 0x324B, 0x324B, 0x324B, 0x324B,
        0x324B, 0x324B, 0x324B, 0x324B, 0x324B, 0x324B, 0x324B, 0x324B, 0x324B, 0x324B, 0x324B, 0x324B,
        0x324B, 0x324B, 0x324B, 0x324B, 0x324B, 0x324B, 0x324B, 0x324B, 0x324B, 0x324B, 0x324B, 0x324B,
        0x324B, 0x324B, 0x324B, 0x324B, 0x324B, 0x324B, 0x324B, 0x324B, 0x324B, 0x324B, 0x324B, 0x324B,
        0x324B, 0x324B, 0x324B, 0x324B, 0x324B, 0x324B, 0x324B, 0x324B, 0x324B, 0x324B, 0x324B, 0x324B,
        0x324B, 0x324B, 0x324B, 0x324B, 0x324B, 0x324B, 0x324B, 0x324B, 0x324B, 0x324B, 0x324B, 0x324B,
        0x324B, 0x324B, 0x324B, 0x324B, 0x324B, 0x324B, 0x324B, 0x324B, 0x324B, 0x324B, 0x324B, 0x324B,
        0x324B, 0x324B, 0x324B, 0x324B, 0x324B, 0x324B, 0x324B, 0x324B, 0x324B, 0x324B, 0x324B, 0x324B,
        0x324B, 0x324B, 0x324B, 0x324B, 0x324B, 0x324B, 0x324B, 0x324B, 0x324B, 0x324B, 0x324B, 0x324B,
        0x324B, 0x324B, 0x324B, 0x324B, 0x324B, 0x324B, 0x324B, 0x324B, 0x324B, 0x324B, 0x324B, 0x324B,
        0x324B, 0x324B, 0x324B, 0x324B, 0x324B, 0x324B, 0x324B, 0x324B, 0x324B, 0x324B, 0x324B, 0x324B,
        0x324B, 0x324B, 0x324B, 0x324B, 0x324B, 0x324B, 0x324B, 0x324B, 0x324B, 0x324B, 0x324B, 0x324B,
        0x324B, 0x324B, 0x324B, 0x324B, 0x324B, 0x324B, 0x324B, 0x324B, 0x324B, 0x324B, 0x324B, 0x324B,
        0x324B, 0x324B, 0x324B, 0x324B, 0x324B, 0x324B, 0x324B, 0x324B, 0x324B, 0x324B, 0x324B, 0x324B,
        0x324B, 0x324B, 0x324B, 0x324B, 0x324B, 0x324B, 0x324B, 0x324B, 0x324B, 0x324B, 0x324B, 0x324B,
        0x324B, 0x324B, 0x324B, 0x324B, 0x324B, 0x324B, 0x324B, 0x324B, 0x324B, 0x324B, 0x324B, 0x324B,
        0x324B, 0x324B, 0x324B, 0x324B, 0x324B, 0x324B, 0x324B, 0x324B, 0x324B, 0x324B, 0x324B, 0x324B,
        0x324B, 0x324B, 0x324B, 0x324B, 0x324B, 0x324B, 0x324B, 0x324B, 0x324B, 0x324B, 0x324B, 0x324B,
        0x324B, 0x324B, 0x324B, 0x324B, 0x324B, 0x324B, 0x324B, 0x324B, 0x324B, 0x324B, 0x324B, 0x324B,
        0x324B, 0x324B, 0x324B, 0x324B, 0x324B, 0x324B, 0x324B, 0x324B, 0x324B, 0x324B, 0x324B, 0x324B,
        0x324B, 0x324B, 0x324B, 0x324B, 0x324B, 0x324B, 0x324B, 0x324B, 0x324B, 0x324B, 0x324B, 0x324B,
        0x324B, 0x324B, 0x324B, 0x324B, 0x324B, 0x324B, 0x324B, 0x324B, 0x324B, 0x324B, 0x324B, 0x324B,
        0x324B, 0x324B, 0x324B, 0x324B, 0x324B, 0x324B, 0x324B, 0x324B, 0x324B, 0x324B, 0x324B, 0x324B,
        0x324B, 0x324B, 0x324B, 0x324B, 0x324B, 0x324B, 0x324B, 0x324B, 0x324B, 0x324B, 0x324B, 0x324B,
        0x324B, 0x324B, 0x324B, 0x324B, 0x324B, 0x324B, 0x324B, 0x324B, 0x324B, 0x324B, 0x324B, 0x324B,
        0x324B, 0x324B, 0x324B, 0x324B, 0x324B, 0x324B, 0x324B, 0x324B, 0x324B, 0x324B, 0x324B, 0x324B,
        0x324B, 0x324B, 0x324B, 0x324B, 0x324B, 0x324B, 0x324B, 0x324B, 0x324B, 0x324B, 0x324B, 0x324B,
        0x324B, 0x324B, 0x324B, 0x324B, 0x324B, 0x324B, 0x324B, 0x324B, 0x324B, 0x324B, 0x324B, 0x324B,
        0x324B, 0x324B, 0x324B, 0x324B, 0x324B, 0x324B, 0x324B, 0x324B, 0x324B, 0x324B, 0x324B, 0x324B,
        0x324B, 0x324B, 0x324B, 0x324B, 0x324B, 0x324B, 0x324B, 0x324B, 0x324B, 0x324B, 0x324B, 0x324B,
        0x324B, 0x324B, 0x324B, 0x324B, 0x324B, 0x324B, 0x324B, 0x324B, 0x324B, 0x324B, 0x324B, 0x324B,
        0x324B, 0x324B, 0x324B, 0x324B, 0x324B, 0x324B, 0x324B, 0x324B, 0x324B, 0x324B, 0x324B, 0x324B,
        0x324B, 0x324B, 0x324B, 0x324B, 0x324B, 0x324B, 0x324B, 0x324B, 0x324B, 0x324B, 0x324B, 0x324B,
        0x324B, 0x324B, 0x324B, 0x324B, 0x324B, 0x324B, 0x324B, 0x324B, 0x324B, 0x324B, 0x324B, 0x324B,
        0x324B, 0x324B, 0x324B, 0x324B, 0x324B, 0x324B, 0x324B, 0x324B, 0x324B, 0x324B, 0x324B, 0x324B,
        0x324B, 0x324B, 0x324B, 0x324B, 0x324B, 0x324B, 0x324B, 0x324B, 0x324B, 0x324B, 0x324B, 0x324B,
        0x324B, 0x324B, 0x324B, 0x324B, 0x324B, 0x324B, 0x324B, 0x324B, 0x324B, 0x324B, 0x324B, 0x324B,
        0x324B, 0x324B, 0x324B, 0x324B, 0x324B, 0x324B, 0x324B, 0x324B, 0x324B, 0x324B, 0x324B, 0x324B,
        0x324B, 0x324B, 0x324B, 0x324B, 0x324B, 0x324B, 0x324B, 0x324B, 0x324B, 0x324B, 0x324B, 0x324B,
        0x324B, 0x324B, 0x324B, 0x324B, 0x324B, 0x324B, 0x324B, 0x324B, 0x324B, 0x324B, 0x324B, 0x324B,
        0x324B, 0x324B, 0x324B, 0x324B, 0x324B, 0x324B, 0x324B, 0x324B, 0x324B, 0x324B, 0x324B, 0x324B,
        0x324B, 0x324B, 0x324B, 0x324B, 0x324B, 0x324B, 0x324B, 0x324B, 0x324B, 0x324B, 0x324B, 0x324B,
        0x324B, 0x324B, 0x324B, 0x324B, 0x324B, 0x324B, 0x324B, 0x324B, 0x324B, 0x324B, 0x324B, 0x324B,
        0x324B, 0x324B, 0x324B, 0x324B, 0x324B, 0x324B, 0x324B, 0x324B, 0x324B, 0x324B, 0x324B, 0x324B,
        0x324B, 0x324B, 0x324B, 0x324B, 0x324B, 0x324B, 0x324B, 0x324B, 0x324B, 0x324B, 0x324B, 0x324B,
        0x324B, 0x324B, 0x324B, 0x324B, 0x324B, 0x324B, 0x324B, 0x324B, 0x324B, 0x324B, 0x324B, 0x324B,
        0x324B, 0x324B, 0x324B, 0x324B, 0x324B, 0x324B, 0x324B, 0x324B, 0x324B, 0x324B, 0x324B, 0x324B,
        0x324B, 0x324B, 0x324B, 0x324B, 0x324B, 0x324B, 0x324B, 0x324B, 0x324B, 0x324B, 0x324B, 0x324B,
        0x324B, 0x324B, 0x324B, 0x324B, 0x324B, 0x324B, 0x324B, 0x324B, 0x324B, 0x324B, 0x324B, 0x324B,
        0x324B, 0x324B, 0x324B, 0x324B, 0x324B, 0x324B, 0x324B, 0x324B, 0x324B, 0x324B, 0x324B, 0x324B,
        0x324B, 0x324B, 0x324B, 0x324B, 0x324B, 0x324B, 0x324B, 0x324B, 0x324B, 0x324B, 0x324B, 0x324B,
        0x324B, 0x324B, 0x324B, 0x324B, 0x324B, 0x324B, 0x324B, 0x324B, 0x324B, 0x324B, 0x324B, 0x324B,
        0x324B, 0x324B, 0x324B, 0x324B, 0x324B, 0x324B, 0x324B, 0x324B, 0x324B, 0x324B, 0x324B, 0x324B,
        0x324B, 0x324B, 0x324B, 0x324B, 0x324B, 0x324B, 0x324B, 0x324B, 0x324B, 0x324B, 0x324B, 0x324B,
        0x324B, 0x324B, 0x324B, 0x324B, 0x324B, 0x324B, 0x324B, 0x324B, 0x324B, 0x324B, 0x324B, 0x324B,
        0x324B, 0x324B, 0x324B, 0x324B, 0x324B, 0x324B, 0x324B, 0x324B, 0x324B, 0x324B, 0x324B, 0x324B,
        0x324B, 0x324B, 0x324B, 0x324B, 0x324B, 0x324B, 0x324B, 0x324B, 0x324B, 0x324B, 0x324B, 0x324B,
        0x324B, 0x324B, 0x324B, 0x324B, 0x324B, 0x324B, 0x324B, 0x324B, 0x324B, 0x324B, 0x324B, 0x324B,
        0x324B, 0x324B, 0x324B, 0x324B, 0x324B, 0x324B, 0x324B, 0x324B, 0x324B, 0x324B, 0x324B, 0x324B,
        0x324B, 0x324B, 0x324B, 0x324B, 0x324B, 0x324B, 0x324B, 0x324B, 0x324B, 0x324B, 0x324B, 0x324B,
        0x324B, 0x324B, 0x324B, 0x324B, 0x324B, 0x324B, 0x324B, 0x324B, 0x324B, 0x324B, 0x324B, 0x324B,
        0x324B, 0x324B, 0x324B, 0x324B, 0x324B, 0x324B, 0x324B, 0x324B, 0x324B, 0x324B, 0x324B, 0x324B,
        0x324B, 0x324B, 0x324B, 0x324B, 0x324B, 0x324B, 0x324B, 0x324B, 0x324B, 0x324B, 0x324B, 0x324B,
        0x324B, 0x324B, 0x324B, 0x324B, 0x324B, 0x324B, 0x324B, 0x324B, 0x324B, 0x324B, 0x324B, 0x324B,
        0x324B, 0x324B, 0x324B, 0x324B, 0x324B, 0x324B, 0x324B, 0x324B, 0x324B, 0x324B, 0x324B, 0x324B,
        0x324B, 0x324B, 0x324B, 0x324B, 0x324B, 0x324B, 0x324B, 0x324B, 0x324B, 0x324B, 0x324B, 0x324B,
        0x324B, 0x324B, 0x324B, 0x324B, 0x324B, 0x324B, 0x324B, 0x324B, 0x324B, 0x324B, 0x324B, 0x324B,
        0x324B, 0x324B, 0x324B, 0x324B, 0x324B, 0x324B, 0x324B, 0x324B, 0x324B, 0x324B, 0x324B, 0x324B,
        0x324B, 0x324B, 0x324B, 0x324B, 0x324B, 0x324B, 0x324B, 0x324B, 0x324B, 0x324B, 0x324B, 0x324B,
        0x324B, 0x324B, 0x324B, 0x324B, 0x324B, 0x324B, 0x324B, 0x324B, 0x324B, 0x324B, 0x324B, 0x324B,
        0x324B, 0x324B, 0x324B, 0x324B, 0x324B, 0x324B, 0x324B, 0x324B, 0x324B, 0x324B, 0x324B, 0x324B,
        0x324B, 0x324B, 0x324B, 0x324B, 0x324B, 0x324B, 0x324B, 0x324B, 0x324B, 0x324B, 0x324B, 0x324B,
        0x324B, 0x324B, 0x324B, 0x324B, 0x324B, 0x324B, 0x324B, 0x324B, 0x324B, 0x324B, 0x324B, 0x324B,
        0x324B, 0x324B, 0x324B, 0x324B, 0x324B, 0x324B, 0x324B, 0x324B, 0x324B, 0x324B, 0x324B, 0x324B,
        0x324B, 0x324B, 0x324B, 0x324B, 0x324B, 0x324B, 0x324B, 0x324B, 0x324B, 0x324B, 0x324B, 0x324B,
        0x324B, 0x324B, 0x324B, 0x324B, 0x324B, 0x324B, 0x324B, 0x324B, 0x324B, 0x324B, 0x324B, 0x324B,
        0x324B, 0x324B, 0x324B, 0x324B, 0x324B, 0x324B, 0x324B, 0x324B, 0x324B, 0x324B, 0x324B, 0x324B,
        0x324B, 0x324B, 0x324B, 0x324B, 0x324B, 0x324B, 0x324B, 0x324B, 0x324B, 0x324B, 0x324B, 0x324B,
        0x324B, 0x324B, 0x324B, 0x324B, 0x324B, 0x324B, 0x324B, 0x324B, 0x324B, 0x324B, 0x324B, 0x324B,
        0x324B, 0x324B, 0x324B, 0x324B, 0x324B, 0x324B, 0x324B, 0x324B, 0x324B, 0x324B, 0x324B, 0x324B,
        0x324B, 0x324B, 0x324B, 0x324B, 0x324B, 0x324B, 0x324B, 0x324B, 0x324B, 0x324B, 0x324B, 0x324B,
        0x324B, 0x324B, 0x324B, 0x324B, 0x324B, 0x324B, 0x324B, 0x324B, 0x324B, 0x324B, 0x324B, 0x324B,
        0x324B, 0x324B, 0x324B, 0x324B, 0x324B, 0x324B, 0x324B, 0x324B, 0x324B, 0x324B, 0x324B, 0x324B,
        0x324B, 0x324B, 0x324B, 0x324B, 0x324B, 0x324B, 0x324B, 0x324B, 0x324B, 0x324B, 0x324B, 0x324B,
        0x324B, 0x324B, 0x324B, 0x324B, 0x324B, 0x324B, 0x324B, 0x324B, 0x324B, 0x324B, 0x324B, 0x324B,
        0x324B, 0x324B, 0x324B, 0x324B, 0x324B, 0x324B, 0x324B, 0x324B, 0x324B, 0x324B, 0x324B, 0x324B,
        0x324B, 0x324B, 0x324B, 0x324B, 0x324B, 0x324B, 0x324B, 0x324B, 0x324B, 0x324B, 0x324B, 0x324B,
        0x324B, 0x324B, 0x324B, 0x324B, 0x324B, 0x324B, 0x324B, 0x324B, 0x324B, 0x324B, 0x324B, 0x324B,
        0x324B, 0x324B, 0x324B, 0x324B, 0x324B, 0x324B, 0x324B, 0x324B, 0x324B, 0x324B, 0x324B, 0x324B,
        0x324B, 0x324B, 0x324B, 0x324B, 0x324B, 0x324B, 0x324B, 0x324B, 0x324B, 0x324B, 0x324B, 0x324B,
        0x324B, 0x324B, 0x324B, 0x324B, 0x324B, 0x324B, 0x324B, 0x324B, 0x324B, 0x324B, 0x324B, 0x324B,
        0x324B, 0x324B, 0x324B, 0x324B, 0x324B, 0x324B, 0x324B, 0x324B, 0x324B, 0x324B, 0x324B, 0x324B,
        0x324B, 0x324B, 0x324B, 0x324B, 0x324B, 0x324B, 0x324B, 0x324B, 0x324B, 0x324B, 0x324B, 0x324B,
        0x324B, 0x324B, 0x324B, 0x324B, 0x324B, 0x324B, 0x324B, 0x324B, 0x324B, 0x324B, 0x324B, 0x324B,
        0x324B, 0x324B, 0x324B, 0x324B, 0x324B, 0x324B, 0x324B, 0x324B, 0x324B, 0x324B, 0x324B, 0x324B,
        0x324B, 0x324B, 0x324B, 0x324B, 0x324B, 0x324B, 0x324B, 0x324B, 0x324B, 0x324B, 0x324B, 0x324B,
        0x324B, 0x324B, 0x324B, 0x324B, 0x324B, 0x324B, 0x324B, 0x324B, 0x324B, 0x324B, 0x324B, 0x324B,
        0x324B, 0x324B, 0x324B, 0x324B, 0x324B, 0x324B, 0x324B, 0x324B, 0x324B, 0x324B, 0x324B, 0x324B,
        0x324B, 0x324B, 0x324B, 0x324B, 0x324B, 0x324B, 0x324B, 0x324B, 0x324B, 0x324B, 0x324B, 0x324B,
        0x324B, 0x324B, 0x324B, 0x324B, 0x324B, 0x324B, 0x324B, 0x324B, 0x324B, 0x324B, 0x324B, 0x324B,
        0x324B, 0x324B, 0x324B, 0x324B, 0x324B, 0x324B, 0x324B, 0x324B, 0x324B, 0x324B, 0x324B, 0x324B,
        0x324B, 0x324B, 0x324B, 0x324B, 0x324B, 0x324B, 0x324B, 0x324B, 0x324B, 0x324B, 0x324B, 0x324B,
        0x324B, 0x324B, 0x324B, 0x324B, 0x324B, 0x324B, 0x324B, 0x324B, 0x324B, 0x324B, 0x324B, 0x324B,
        0x324B, 0x324B, 0x324B, 0x324B, 0x324B, 0x324B, 0x324B, 0x324B, 0x324B, 0x324B, 0x324B, 0x324B,
        0x324B, 0x324B, 0x324B, 0x324B, 0x324B, 0x324B, 0x324B, 0x324B, 0x324B, 0x324B, 0x324B, 0x324B,
        0x324B, 0x324B, 0x324B, 0x324B, 0x324B, 0x324B, 0x324B, 0x324B, 0x324B, 0x324B, 0x324B, 0x324B,
        0x324B, 0x324B, 0x324B, 0x324B, 0x324B, 0x324B, 0x324B, 0x324B, 0x324B, 0x324B, 0x324B, 0x324B,
        0x324B, 0x324B, 0x324B, 0x324B, 0x324B, 0x324B, 0x324B, 0x324B, 0x324B, 0x324B, 0x324B, 0x324B,
        0x324B, 0x324B, 0x324B, 0x324B, 0x324B, 0x324B, 0x324B, 0x324B, 0x324B, 0x324B, 0x324B, 0x324B,
        0x324B, 0x324B, 0x324B, 0x324B, 0x324B, 0x324B, 0x324B, 0x324B, 0x324B, 0x324B, 0x324B, 0x324B,
        0x324B, 0x324B, 0x324B, 0x324B, 0x324B, 0x324B, 0x324B, 0x324B, 0x324B, 0x324B, 0x324B, 0x324B,
        0x324B, 0x324B, 0x324B, 0x324B, 0x324B, 0x324B, 0x324B, 0x324B, 0x324B, 0x324B, 0x324B, 0x324B,
        0x324B, 0x324B, 0x324B, 0x324B, 0x324B, 0x324B, 0x324B, 0x324B, 0x324B, 0x324B, 0x324B, 0x324B,
        0x324B, 0x324B, 0x324B, 0x324B, 0x324B, 0x324B, 0x324B, 0x324B, 0x324B, 0x324B, 0x324B, 0x324B,
        0x324B, 0x324B, 0x324B, 0x324B, 0x324B, 0x324B, 0x324B, 0x324B, 0x324B, 0x324B, 0x324B, 0x324B,
        0x324B, 0x324B, 0x324B, 0x324B, 0x324B, 0x324B, 0x324B, 0x324B, 0x324B, 0x324B, 0x324B, 0x324B,
        0x324B, 0x324B, 0x324B, 0x324B, 0x324B, 0x324B, 0x324B, 0x324B, 0x324B, 0x324B, 0x324B, 0x324B,
        0x324B, 0x324B, 0x324B, 0x324B, 0x324B, 0x324B, 0x324B, 0x324B, 0x324B, 0x324B, 0x324B, 0x324B,
        0x324B, 0x324B, 0x324B, 0x324B, 0x324B, 0x324B, 0x324B, 0x324B, 0x324B, 0x324B, 0x324B, 0x324B,
        0x324B, 0x324B, 0x324B, 0x324B, 0x324B, 0x324B, 0x324B, 0x324B, 0x324B, 0x324B, 0x324B, 0x324B,
        0x324B, 0x324B, 0x324B, 0x324B, 0x324B, 0x324B, 0x324B, 0x324B, 0x324B, 0x324B, 0x324B, 0x324B,
        0x324B, 0x324B, 0x324B, 0x324B, 0x324B, 0x324B, 0x324B, 0x324B, 0x324B, 0x324B, 0x324B, 0x324B,
        0x324B, 0x324B, 0x324B, 0x324B, 0x324B, 0x324B, 0x7C53, 0x8CF5, 0x8493, 0x8CD4, 0x84B4, 0x8CB4,
        0x8CD4, 0x8CD4, 0x8CD4, 0x8CD4, 0x8CD4, 0x8CD4, 0x8CD4, 0x8CD4, 0x8CD4, 0x8CD4, 0x8CD4, 0x8CD4,
        0x8CD5, 0x8CD5, 0x8CD4, 0x8CF5, 0x8CF5, 0x8CD5, 0x94F5, 0x8CF5, 0x8CF5, 0x8CF5, 0x8CF5, 0x8CF5,
        0x94F5, 0x94F5, 0x94F5, 0x94F5, 0x94F5, 0x94F5, 0x94F5, 0x94F5, 0x94F5, 0x94F5, 0x94F5, 0x94F5,
        0x94F5, 0x94F5, 0x94F5, 0x94F5, 0x94F5, 0x94F5, 0x94F5, 0x94F5, 0x8CF5, 0x94F5, 0x94F5, 0x8CF5,
        0x94F5, 0x8CF5, 0x8CF5, 0x94F5, 0x94F5, 0x8CF5, 0x8493, 0x428C, 0x324B, 0x324B, 0x324B, 0x324B,
        0x324B, 0x324B, 0x324B, 0x324B, 0x324B, 0x324B, 0x324B, 0x324B, 0x324B, 0x324B, 0x324B, 0x324B,
        0x324B, 0x324B, 0x324B, 0x324B, 0x324B, 0x324B, 0x324B, 0x324B, 0x324B, 0x324B, 0x324B, 0x324B,
        0x324B, 0x324B, 0x324B, 0x324B, 0x324B, 0x324B, 0x324B, 0x324B, 0x324B, 0x324B, 0x324B, 0x324B,
        0x324B, 0x324B, 0x324B, 0x324B, 0x324B, 0x324B, 0x324B, 0x324B, 0x324B, 0x324B, 0x324B, 0x324B,
        0x324B, 0x324B, 0x324B, 0x324B, 0x324B, 0x324B, 0x324B, 0x324B, 0x324B, 0x324B, 0x324B, 0x3A4B,
        0x324B, 0x532E, 0x8CF5, 0x8CD4, 0x8CD5, 0x8CD5, 0x8CD4, 0x8CD4, 0x8CD5, 0x8CD5, 0x8CB4, 0x8CD4,
        0x8CD4, 0x8CB4, 0x8CD4, 0x8CD4, 0x8CB4, 0x84B4, 0x8CD4, 0x8CD4, 0x8CD4, 0x84B4, 0x84B4, 0x8CD4,
        0x8CD4, 0x84B4, 0x8CB4, 0x8CB4, 0x84B4, 0x8CB4, 0x8CD4, 0x8CD4, 0x8CD4, 0x84B4, 0x84B4, 0x8CD4,
        0x8CB4, 0x8CD4, 0x8CD5, 0x8CD5, 0x84B4, 0x8CD5, 0x8CD5, 0x8CD5, 0x8CD5, 0x8CD5, 0x8CD5, 0x8CF5,
        0x94F5, 0x8CF5, 0x8CF5, 0x8CF5, 0x8CF5, 0x94F5, 0x94F5, 0x94F5, 0x94F5, 0x94F5, 0x8CF5, 0x8CF5,
        0x8CD5, 0x94F5, 0x6390, 0x324B, 0x324B, 0x324B, 0x324B, 0x324B, 0x324B, 0x324B, 0x324B, 0x324B,
        0x324B, 0x324B, 0x324B, 0x324B, 0x324B, 0x324B, 0x324B, 0x324B, 0x324B, 0x324B, 0x324B, 0x324B,
        0x324B, 0x324B, 0x324B, 0x324B, 0x324B, 0x324B, 0x324B, 0x324B, 0x324B, 0x324B, 0x324B, 0x324B,
        0x324B, 0x324B, 0x324B, 0x324B, 0x324B, 0x324B, 0x324B, 0x324B, 0x324B, 0x324B, 0x324B, 0x324B,
        0x324B, 0x324B, 0x324B, 0x324B, 0x324B, 0x324B, 0x324B, 0x324B, 0x324B, 0x324B, 0x324B, 0x324B,
        0x324B, 0x324B, 0x324B, 0x324B, 0x324B, 0x324B, 0x324B, 0x324B, 0x324B, 0x324B, 0x324B, 0x324B,
        0x324B, 0x324B, 0x324B, 0x324B, 0x324B, 0x324B, 0x324B, 0x324B, 0x324B, 0x324B, 0x324B, 0x324B,
        0x324B, 0x324B, 0x324B, 0x324B, 0x324B, 0x324B, 0x324B, 0x324B, 0x324B, 0x324B, 0x324B, 0x324B,
        0x324B, 0x324B, 0x324B, 0x324B, 0x324B, 0x324B, 0x324B, 0x324B, 0x324B, 0x324B, 0x324B, 0x324B,
        0x324B, 0x324B, 0x324B, 0x324B, 0x324B, 0x324B, 0x324B, 0x324B, 0x324B, 0x324B, 0x530E, 0x8CD4,
        0x8CD5, 0x8CB4, 0x8CB4, 0x7C73, 0x8493, 0x8493, 0x8494, 0x8473, 0x8493, 0x84B4, 0x8493, 0x8493,
        0x8494, 0x8494, 0x8493, 0x8494, 0x8494, 0x8493, 0x8493, 0x8493, 0x8493, 0x7C73, 0x8493, 0x8493,
        0x8493, 0x8493, 0x7C73, 0x7C73, 0x8493, 0x7C73, 0x7C73, 0x8493, 0x8493, 0x7C73, 0x7C73, 0x8493,
        0x7C73, 0x7C73, 0x8493, 0x8473, 0x7C73, 0x8493, 0x8493, 0x7C73, 0x8493, 0x8493, 0x7C73, 0x8493,
        0x84B4, 0x8493, 0x7C73, 0x8494, 0x8493, 0x8493, 0x8493, 0x8493, 0x84B4, 0x84B4, 0x8CD4, 0x7C73,
        0x428C, 0x324B, 0x324B, 0x324B, 0x324B, 0x324B, 0x324B, 0x324B, 0x324B, 0x324B, 0x324B, 0x324B,
        0x324B, 0x324B, 0x324B, 0x324B, 0x324B, 0x324B, 0x324B, 0x324B, 0x324B, 0x324B, 0x324B, 0x324B,
        0x324B, 0x324B, 0x324B, 0x324B, 0x324B, 0x324B, 0x324B, 0x324B, 0x324B, 0x324B, 0x324B, 0x324B,
        0x324B, 0x324B, 0x324B, 0x324B, 0x324B, 0x324B, 0x324B, 0x324B, 0x324B, 0x324B, 0x324B, 0x324B,
        0x324B, 0x324B, 0x324B, 0x324B, 0x324B, 0x324B, 0x324B, 0x324B, 0x324B, 0x324B, 0x324B, 0x324B,
        0x324B, 0x324B, 0x324B, 0x324B, 0x530E, 0x94F5, 0x84B4, 0x8CD4, 0x8493, 0x8493, 0x84B4, 0x8494,
        0x8494, 0x84B4, 0x8CD4, 0x8494, 0x84B4, 0x8CD4, 0x8493, 0x8494, 0x8CB4, 0x84B4, 0x8494, 0x84B4,
        0x84B4, 0x84B4, 0x8CD4, 0x84B4, 0x8494, 0x8CD4, 0x84B4, 0x8493, 0x84B4, 0x84B4, 0x8494, 0x8494,
        0x8494, 0x8493, 0x8493, 0x84B4, 0x8494, 0x8494, 0x8494, 0x84B4, 0x8493, 0x8494, 0x84B4, 0x8493,
        0x8493, 0x8494, 0x8493, 0x8493, 0x8494, 0x8494, 0x8473, 0x8493, 0x8493, 0x8493, 0x8494, 0x8493,
        0x8493, 0x8494, 0x84B4, 0x84B4, 0x94F5, 0x5B70, 0x324B, 0x324B, 0x324B, 0x324B, 0x324B, 0x324B,
        0x324B, 0x324B, 0x324B, 0x324B, 0x324B, 0x324B, 0x324B, 0x324B, 0x324B, 0x324B, 0x324B, 0x324B,
        0x324B, 0x324B, 0x324B, 0x324B, 0x324B, 0x324B, 0x324B, 0x324B, 0x324B, 0x324B, 0x324B, 0x324B,
        0x324B, 0x324B, 0x324B, 0x324B, 0x324B, 0x324B, 0x324B, 0x324B, 0x324B, 0x324B, 0x324B, 0x324B,
        0x324B, 0x324B, 0x324B, 0x324B, 0x324B, 0x324B, 0x324B, 0x324B, 0x324B, 0x324B, 0x324B, 0x324B,
        0x324B, 0x324B, 0x324B, 0x324B, 0x324B, 0x324B, 0x324B, 0x324B, 0x324B, 0x324B, 0x324B, 0x324B,
        0x324B, 0x324B, 0x324B, 0x324B, 0x324B, 0x324B, 0x324B, 0x324B, 0x324B, 0x324B, 0x324B, 0x324B,
        0x324B, 0x324B, 0x324B, 0x324B, 0x324B, 0x324B, 0x324B, 0x324B, 0x324B, 0x324B, 0x324B, 0x324B,
        0x324B, 0x324B, 0x324B, 0x324B, 0x324B, 0x324B, 0x324B, 0x324B, 0x324B, 0x324B, 0x324B, 0x324B,
        0x324B, 0x324B, 0x324B, 0x324B, 0x324B, 0x324B, 0x324B, 0x324B, 0x324B, 0x324B, 0x324B, 0x324B,
        0x324B, 0x324B, 0x324B, 0x52EE, 0x8CD5, 0x8CD5, 0x84B4, 0x5B4E, 0x31E9, 0x428B, 0x428C, 0x426B,
        0x426B, 0x428C, 0x428B, 0x3A4B, 0x428B, 0x428C, 0x426B, 0x428B, 0x4AAC, 0x428B, 0x428B, 0x428B,
        0x428B, 0x426B, 0x426B, 0x3A4B, 0x426B, 0x428C, 0x426B, 0x426B, 0x428C, 0x426B, 0x426B, 0x426B,
        0x426B, 0x426B, 0x428B, 0x426B, 0x426B, 0x428B, 0x4AAC, 0x426B, 0x426B, 0x428C, 0x428B, 0x3A4B,
        0x426B, 0x428B, 0x426B, 0x428B, 0x428C, 0x426B, 0x426B, 0x4AAC, 0x428B, 0x428C, 0x428C, 0x428B,
        0x428C, 0x4AAC, 0x7C32, 0x8CF5, 0x7432, 0x42AD, 0x324B, 0x324B, 0x324B, 0x324B, 0x324B, 0x324B,
        0x324B, 0x324B, 0x324B, 0x324B, 0x324B, 0x324B, 0x324B, 0x324B, 0x324B, 0x324B, 0x324B, 0x324B,
        0x324B, 0x324B, 0x324B, 0x324B, 0x324B, 0x324B, 0x324B, 0x324B, 0x324B, 0x324B, 0x324B, 0x324B,
        0x324B, 0x324B, 0x324B, 0x324B, 0x324B, 0x324B, 0x324B, 0x324B, 0x324B, 0x324B, 0x324B, 0x324B,
        0x324B, 0x324B, 0x324B, 0x324B, 0x324B, 0x324B, 0x324B, 0x324B, 0x324B, 0x324B, 0x324B, 0x324B,
        0x324B, 0x324B, 0x324B, 0x324B, 0x324B, 0x324B, 0x324B, 0x4AEE, 0x94F5, 0x8CD5, 0x7412, 0x4AAC,
        0x428C, 0x428B, 0x4AAC, 0x4AAC, 0x428C, 0x4AAC, 0x4ACC, 0x4AAC, 0x428B, 0x4AAC, 0x428B, 0x426B,
        0x4AAC, 0x4AAC, 0x426B, 0x4AAC, 0x4AAC, 0x4AAC, 0x4ACC, 0x4AAC, 0x428B, 0x4ACD, 0x4AAC, 0x428B,
        0x4ACC, 0x4AAC, 0x428B, 0x4AAC, 0x4AAC, 0x428C, 0x4AAC, 0x4AAC, 0x4AAC, 0x428B, 0x4AAC, 0x4AAC,
        0x428B, 0x428C, 0x4AAC, 0x428B, 0x426B, 0x4AAC, 0x4AAC, 0x428B, 0x4AAC, 0x4AAC, 0x428C, 0x4AAC,
        0x428B, 0x4AAC, 0x4AAC, 0x428B, 0x428B, 0x6BD0, 0x8CD5, 0x94F5, 0x6390, 0x324B, 0x324B, 0x324B,
        0x324B, 0x324B, 0x324B, 0x324B, 0x324B, 0x324B, 0x324B, 0x324B, 0x324B, 0x324B, 0x324B, 0x324B,
        0x324B, 0x324B, 0x324B, 0x324B, 0x324B, 0x324B, 0x324B, 0x324B, 0x324B, 0x324B, 0x324B, 0x324B,
        0x324B, 0x324B, 0x324B, 0x324B, 0x324B, 0x324B, 0x324B, 0x324B, 0x324B, 0x324B, 0x324B, 0x324B,
        0x324B, 0x324B, 0x324B, 0x324B, 0x324B, 0x324B, 0x324B, 0x324B, 0x324B, 0x324B, 0x324B, 0x324B,
        0x324B, 0x324B, 0x324B, 0x324B, 0x324B, 0x324B, 0x324B, 0x324B, 0x324B, 0x324B, 0x324B, 0x324B,
        0x324B, 0x324B, 0x324B, 0x324B, 0x324B, 0x324B, 0x324B, 0x324B, 0x324B, 0x324B, 0x324B, 0x324B,
        0x324B, 0x324B, 0x324B, 0x324B, 0x324B, 0x324B, 0x324B, 0x324B, 0x324B, 0x324B, 0x324B, 0x324B,
        0x324B, 0x324B, 0x324B, 0x324B, 0x324B, 0x324B, 0x324B, 0x324B, 0x324B, 0x324B, 0x324B, 0x324B,
        0x324B, 0x324B, 0x324B, 0x324B, 0x324B, 0x324B, 0x324B, 0x324B, 0x324B, 0x324B, 0x324B, 0x324B,
        0x324B, 0x324B, 0x324B, 0x324B, 0x324B, 0x324B, 0x324B, 0x324B, 0x530E, 0x8CD4, 0x8CD5, 0x7C32,
        0x3A4A, 0x2167, 0x29A8, 0x29A8, 0x2188, 0x2188, 0x29A8, 0x2988, 0x2187, 0x2188, 0x29A8, 0x2988,
        0x2188, 0x2188, 0x2988, 0x2188, 0x2988, 0x2167, 0x2188, 0x2187, 0x2188, 0x2188, 0x2188, 0x2188,
        0x2187, 0x2187, 0x2188, 0x2188, 0x2188, 0x2988, 0x29A8, 0x2188, 0x2188, 0x2188, 0x2187, 0x2187,
        0x2187, 0x2187, 0x2188, 0x2988, 0x2187, 0x2167, 0x2187, 0x2167, 0x2167, 0x2187, 0x2187, 0x2187,
        0x2188, 0x2167, 0x2167, 0x2188, 0x2187, 0x2188, 0x3A4A, 0x7C73, 0x94F5, 0x5B6F, 0x324B, 0x3A4B,
        0x324B, 0x324B, 0x324B, 0x324B, 0x324B, 0x324B, 0x324B, 0x324B, 0x324B, 0x324B, 0x324B, 0x324B,
        0x324B, 0x324B, 0x324B, 0x324B, 0x324B, 0x324B, 0x324B, 0x324B, 0x324B, 0x324B, 0x324B, 0x324B,
        0x324B, 0x324B, 0x324B, 0x324B, 0x324B, 0x324B, 0x324B, 0x324B, 0x324B, 0x324B, 0x324B, 0x324B,
        0x324B, 0x324B, 0x324B, 0x324B, 0x324B, 0x324B, 0x324B, 0x324B, 0x324B, 0x324B, 0x324B, 0x324B,
        0x324B, 0x324B, 0x324B, 0x324B, 0x324B, 0x324B, 0x324B, 0x324B, 0x324B, 0x324B, 0x4AEE, 0x8CD4,
        0x8CD5, 0x7C73, 0x426B, 0x2167, 0x29A8, 0x29A8, 0x2188, 0x2188, 0x29A8, 0x2988, 0x2188, 0x2988,
        0x29A8, 0x2988, 0x2188, 0x2988, 0x2988, 0x29A8, 0x2988, 0x2188, 0x2188, 0x29A8, 0x29A8, 0x2187,
        0x29A8, 0x2988, 0x2988, 0x29A8, 0x2188, 0x2988, 0x29A8, 0x2988, 0x29A8, 0x29A8, 0x29A8, 0x2188,
        0x2988, 0x2988, 0x29A8, 0x29A8, 0x2988, 0x29A8, 0x29A8, 0x2188, 0x2188, 0x29A8, 0x29A8, 0x2188,
        0x29A8, 0x29A8, 0x2988, 0x29A8, 0x29A8, 0x2188, 0x29A8, 0x29A8, 0x428C, 0x7C73, 0x94F5, 0x6390,
        0x324B, 0x3A4B, 0x324B, 0x324B, 0x324B, 0x324B, 0x324B, 0x324B, 0x324B, 0x324B, 0x324B, 0x324B,
        0x324B, 0x324B, 0x324B, 0x324B, 0x324B, 0x324B, 0x324B, 0x324B, 0x324B, 0x324B, 0x324B, 0x324B,
        0x324B, 0x324B, 0x324B, 0x324B, 0x324B, 0x324B, 0x324B, 0x324B, 0x324B, 0x324B, 0x324B, 0x324B,
        0x324B, 0x324B, 0x324B, 0x324B, 0x324B, 0x324B, 0x324B, 0x324B, 0x324B, 0x324B, 0x324B, 0x324B,
        0x324B, 0x324B, 0x324B, 0x324B, 0x324B, 0x324B, 0x324B, 0x324B, 0x324B, 0x324B, 0x324B, 0x324B,
        0x324B, 0x324B, 0x324B, 0x324B, 0x324B, 0x324B, 0x324B, 0x324B, 0x324B, 0x324B, 0x324B, 0x324B,
        0x324B, 0x324B, 0x324B, 0x324B, 0x324B, 0x324B, 0x324B, 0x324B, 0x324B, 0x324B, 0x324B, 0x324B,
        0x324B, 0x324B, 0x324B, 0x324B, 0x324B, 0x324B, 0x324B, 0x324B, 0x324B, 0x324B, 0x324B, 0x324B,
        0x324B, 0x324B, 0x324B, 0x324B, 0x324B, 0x324B, 0x324B, 0x324B, 0x324B, 0x324B, 0x324B, 0x324B,
        0x324B, 0x324B, 0x324B, 0x324B, 0x324B, 0x324B, 0x324B, 0x324B, 0x324B, 0x324B, 0x324B, 0x3A4B,
        0x324B, 0x532E, 0x8CF5, 0x8CF5, 0x7C52, 0x428B, 0x2167, 0x29C8, 0x29A8, 0x2188, 0x2167, 0x29A8,
        0x2988, 0x2188, 0x2188, 0x2188, 0x2187, 0x2188, 0x2188, 0x2188, 0x2187, 0x2167, 0x2187, 0x2167,
        0x2187, 0x2187, 0x2167, 0x2167, 0x2167, 0x2187, 0x2187, 0x2187, 0x2188, 0x2187, 0x2187, 0x2187,
        0x2188, 0x2188, 0x2188, 0x2188, 0x2187, 0x2988, 0x29A8, 0x2188, 0x2187, 0x2188, 0x2188, 0x2988,
        0x2188, 0x2188, 0x2188, 0x2988, 0x29A8, 0x2988, 0x2188, 0x2188, 0x2188, 0x29A8, 0x2187, 0x428B,
        0x8493, 0x8CD4, 0x7411, 0x3A4B, 0x324B, 0x324B, 0x324B, 0x324B, 0x324B, 0x324B, 0x324B, 0x324B,
        0x324B, 0x324B, 0x324B, 0x324B, 0x324B, 0x324B, 0x324B, 0x324B, 0x324B, 0x324B, 0x324B, 0x324B,
        0x324B, 0x324B, 0x324B, 0x324B, 0x324B, 0x324B, 0x324B, 0x324B, 0x324B, 0x324B, 0x324B, 0x324B,
        0x324B, 0x324B, 0x324B, 0x324B, 0x324B, 0x324B, 0x324B, 0x324B, 0x324B, 0x324B, 0x324B, 0x324B,
        0x324B, 0x324B, 0x324B, 0x324B, 0x324B, 0x324B, 0x324B, 0x324B, 0x324B, 0x324B, 0x324B, 0x324B,
        0x324B, 0x4B0E, 0x8CD5, 0x8CF5, 0x8494, 0x4AED, 0x2167, 0x29A8, 0x29A8, 0x2988, 0x2988, 0x2188,
        0x2188, 0x2988, 0x29A8, 0x2988, 0x29A8, 0x29A8, 0x2188, 0x2187, 0x2187, 0x29A8, 0x2988, 0x29A8,
        0x2988, 0x2988, 0x2188, 0x2187, 0x2187, 0x2188, 0x2188, 0x2188, 0x2187, 0x2187, 0x2187, 0x2187,
        0x2187, 0x2188, 0x2187, 0x2187, 0x2188, 0x2187, 0x2188, 0x2167, 0x2187, 0x2988, 0x2988, 0x2188,
        0x2188, 0x2188, 0x2188, 0x2188, 0x2188, 0x2188, 0x2187, 0x2187, 0x29A8, 0x2988, 0x29A8, 0x52ED,
        0x8CD4, 0x94F5, 0x6390, 0x324B, 0x3A4B, 0x324B, 0x324B, 0x324B, 0x324B, 0x324B, 0x324B, 0x324B,
        0x324B, 0x324B, 0x324B, 0x324B, 0x324B, 0x324B, 0x324B, 0x324B, 0x324B, 0x324B, 0x324B, 0x324B,
        0x324B, 0x324B, 0x324B, 0x324B, 0x324B, 0x324B, 0x324B, 0x324B, 0x324B, 0x324B, 0x324B, 0x324B,
        0x324B, 0x324B, 0x324B, 0x324B, 0x324B, 0x324B, 0x324B, 0x324B, 0x324B, 0x324B, 0x324B, 0x324B,
        0x324B, 0x324B, 0x324B, 0x324B, 0x324B, 0x324B, 0x324B, 0x324B, 0x324B, 0x324B, 0x324B, 0x324B,
        0x324B, 0x324B, 0x324B, 0x324B, 0x324B, 0x324B, 0x324B, 0x324B, 0x324B, 0x324B, 0x324B, 0x324B,
        0x324B, 0x324B, 0x324B, 0x324B, 0x324B, 0x324B, 0x324B, 0x324B, 0x324B, 0x324B, 0x324B, 0x324B,
        0x324B, 0x324B, 0x324B, 0x324B, 0x324B, 0x324B, 0x324B, 0x324B, 0x324B, 0x324B, 0x324B, 0x324B,
        0x324B, 0x324B, 0x324B, 0x324B, 0x324B, 0x324B, 0x324B, 0x324B, 0x324B, 0x324B, 0x324B, 0x324B,
        0x324B, 0x324B, 0x324B, 0x324B, 0x324B, 0x324B, 0x324B, 0x324B, 0x324B, 0x324B, 0x324B, 0x324B,
        0x324B, 0x324B, 0x324B, 0x324B, 0x324B, 0x324B, 0x5B4F, 0x8CF5, 0x8CF5, 0x8493, 0x428B, 0x2187,
        0x29A8, 0x2188, 0x2188, 0x2187, 0x2187, 0x2187, 0x2167, 0x2167, 0x2167, 0x2167, 0x2187, 0x2188,
        0x2187, 0x2167, 0x2167, 0x2167, 0x2167, 0x2167, 0x2167, 0x2167, 0x2167, 0x2167, 0x2167, 0x2167,
        0x2167, 0x2167, 0x2167, 0x2187, 0x2188, 0x2167, 0x2167, 0x2167, 0x2167, 0x2187, 0x2187, 0x2188,
        0x2188, 0x2187, 0x2187, 0x2167, 0x2167, 0x2167, 0x2187, 0x2988, 0x2187, 0x2187, 0x2187, 0x2167,
        0x2187, 0x2167, 0x2188, 0x2187, 0x428B, 0x84B4, 0x94F5, 0x530E, 0x324B, 0x324B, 0x324B, 0x324B,
        0x324B, 0x324B, 0x324B, 0x324B, 0x324B, 0x324B, 0x324B, 0x324B, 0x324B, 0x324B, 0x324B, 0x324B,
        0x324B, 0x324B, 0x324B, 0x324B, 0x324B, 0x324B, 0x324B, 0x324B, 0x324B, 0x324B, 0x324B, 0x324B,
        0x324B, 0x324B, 0x324B, 0x324B, 0x324B, 0x324B, 0x324B, 0x324B, 0x324B, 0x324B, 0x324B, 0x324B,
        0x324B, 0x324B, 0x324B, 0x324B, 0x324B, 0x324B, 0x324B, 0x324B, 0x324B, 0x324B, 0x324B, 0x324B,
        0x324B, 0x324B, 0x324B, 0x3A4B, 0x4B0E, 0x94F5, 0x8CD5, 0x8493, 0x4AAC, 0x2187, 0x29A8, 0x2988,
        0x2188, 0x2188, 0x2988, 0x2187, 0x2187, 0x2188, 0x2188, 0x2187, 0x2188, 0x2188, 0x2187, 0x2187,
        0x2988, 0x2187, 0x2187, 0x2188, 0x2187, 0x2167, 0x2167, 0x2187, 0x2167, 0x2167, 0x2187, 0x2187,
        0x2167, 0x2167, 0x2167, 0x2187, 0x2167, 0x2167, 0x2167, 0x2167, 0x2167, 0x2187, 0x2167, 0x2188,
        0x2187, 0x2187, 0x2188, 0x2188, 0x2188, 0x2187, 0x2188, 0x2187, 0x2167, 0x2188, 0x2187, 0x2187,
        0x2167, 0x2188, 0x4ACD, 0x84B4, 0x8CD5, 0x63B0, 0x324B, 0x324B, 0x324B, 0x324B, 0x324B, 0x324B,
        0x324B, 0x324B, 0x324B, 0x324B, 0x324B, 0x324B, 0x324B, 0x324B, 0x324B, 0x324B, 0x324B, 0x324B,
        0x324B, 0x324B, 0x324B, 0x324B, 0x324B, 0x324B, 0x324B, 0x324B, 0x324B, 0x324B, 0x324B, 0x324B,
        0x324B, 0x324B, 0x324B, 0x324B, 0x324B, 0x324B, 0x324B, 0x324B, 0x324B, 0x324B, 0x324B, 0x324B,
        0x324B, 0x324B, 0x324B, 0x324B, 0x324B, 0x324B, 0x324B, 0x324B, 0x324B, 0x324B, 0x324B, 0x324B,
        0x324B, 0x324B, 0x324B, 0x324B, 0x324B, 0x324B, 0x324B, 0x324B, 0x324B, 0x324B, 0x324B, 0x324B,
        0x324B, 0x324B, 0x324B, 0x324B, 0x324B, 0x324B, 0x324B, 0x324B, 0x324B, 0x324B, 0x324B, 0x324B,
        0x324B, 0x324B, 0x324B, 0x324B, 0x324B, 0x324B, 0x324B, 0x324B, 0x324B, 0x324B, 0x324B, 0x324B,
        0x324B, 0x324B, 0x324B, 0x324B, 0x324B, 0x324B, 0x324B, 0x324B, 0x324B, 0x324B, 0x324B, 0x324B,
        0x324B, 0x324B, 0x324B, 0x324B, 0x324B, 0x324B, 0x324B, 0x324B, 0x324B, 0x324B, 0x324B, 0x324B,
        0x324B, 0x324B, 0x324B, 0x324B, 0x324B, 0x324B, 0x324B, 0x324B, 0x324B, 0x324B, 0x324B, 0x532E,
        0x94F5, 0x8CF5, 0x7C73, 0x3A2A, 0x2167, 0x2188, 0x2188, 0x2187, 0x2187, 0x2187, 0x2167, 0x2167,
        0x2167, 0x2167, 0x2167, 0x2167, 0x2167, 0x2167, 0x2167, 0x2187, 0x2187, 0x2167, 0x2167, 0x2187,
        0x2167, 0x2167, 0x2167, 0x2167, 0x2167, 0x2167, 0x2167, 0x2167, 0x2187, 0x2187, 0x2167, 0x2167,
        0x2167, 0x2167, 0x2167, 0x2187, 0x2187, 0x2187, 0x2187, 0x2167, 0x2167, 0x2167, 0x2167, 0x2167,
        0x2187, 0x2167, 0x2167, 0x2167, 0x2167, 0x2167, 0x2167, 0x2188, 0x2187, 0x4ACD, 0x84B4, 0x94F5,
        0x5B4F, 0x428C, 0x324B, 0x324B, 0x324B, 0x324B, 0x324B, 0x324B, 0x324B, 0x324B, 0x324B, 0x324B,
        0x324B, 0x324B, 0x324B, 0x324B, 0x324B, 0x324B, 0x324B, 0x324B, 0x324B, 0x324B, 0x324B, 0x324B,
        0x324B, 0x324B, 0x324B, 0x324B, 0x324B, 0x324B, 0x324B, 0x324B, 0x324B, 0x324B, 0x324B, 0x324B,
        0x324B, 0x324B, 0x324B, 0x324B, 0x324B, 0x324B, 0x324B, 0x324B, 0x324B, 0x324B, 0x324B, 0x324B,
        0x324B, 0x324B, 0x324B, 0x324B, 0x324B, 0x324B, 0x324B, 0x324B, 0x8CB4, 0x94F5, 0x8493, 0x428B,
        0x2167, 0x29A8, 0x29A8, 0x2188, 0x2188, 0x2188, 0x2188, 0x2187, 0x2187, 0x2187, 0x2988, 0x2187,
        0x2187, 0x2187, 0x2188, 0x2187, 0x2167, 0x2187, 0x2167, 0x2167, 0x2167, 0x2167, 0x2167, 0x2167,
        0x2167, 0x2167, 0x2187, 0x2187, 0x2167, 0x2167, 0x2167, 0x2187, 0x2187, 0x2167, 0x2167, 0x2167,
        0x2187, 0x2187, 0x2167, 0x2187, 0x2167, 0x2167, 0x2167, 0x2167, 0x2188, 0x2187, 0x2187, 0x2187,
        0x2187, 0x2187, 0x2188, 0x2988, 0x2167, 0x426B, 0x8494, 0x94F5, 0x7C52, 0x324B, 0x324B, 0x324B,
        0x324B, 0x324B, 0x324B, 0x324B, 0x324B, 0x324B, 0x324B, 0x324B, 0x324B, 0x324B, 0x324B, 0x324B,
        0x324B, 0x324B, 0x324B, 0x324B, 0x324B, 0x324B, 0x324B, 0x324B, 0x324B, 0x324B, 0x324B, 0x324B,
        0x324B, 0x324B, 0x324B, 0x324B, 0x324B, 0x324B, 0x324B, 0x324B, 0x324B, 0x324B, 0x324B, 0x324B,
        0x324B, 0x324B, 0x324B, 0x324B, 0x324B, 0x324B, 0x324B, 0x324B, 0x324B, 0x324B, 0x324B, 0x324B,
        0x324B, 0x324B, 0x324B, 0x324B, 0x324B, 0x324B, 0x324B, 0x324B, 0x324B, 0x324B, 0x324B, 0x324B,
        0x324B, 0x324B, 0x324B, 0x324B, 0x324B, 0x324B, 0x324B, 0x324B, 0x324B, 0x324B, 0x324B, 0x324B,
        0x324B, 0x324B, 0x324B, 0x324B, 0x324B, 0x324B, 0x324B, 0x324B, 0x324B, 0x324B, 0x324B, 0x324B,
        0x324B, 0x324B, 0x324B, 0x324B, 0x324B, 0x324B, 0x324B, 0x324B, 0x324B, 0x324B, 0x324B, 0x324B,
        0x324B, 0x324B, 0x324B, 0x324B, 0x324B, 0x324B, 0x324B, 0x324B, 0x324B, 0x324B, 0x324B, 0x324B,
        0x324B, 0x324B, 0x324B, 0x324B, 0x324B, 0x324B, 0x324B, 0x324B, 0x324B, 0x324B, 0x324B, 0x324B,
        0x324B, 0x324B, 0x324B, 0x324B, 0x5B4F, 0x8CF5, 0x8CF5, 0x7C52, 0x3A4A, 0x2147, 0x2188, 0x2188,
        0x2187, 0x2167, 0x2187, 0x2167, 0x2167, 0x2187, 0x2167, 0x2167, 0x2187, 0x2167, 0x2187, 0x2188,
        0x2187, 0x2167, 0x2167, 0x2167, 0x2167, 0x2167, 0x2167, 0x2167, 0x2167, 0x2167, 0x2167, 0x2167,
        0x2167, 0x2167, 0x2167, 0x2167, 0x2167, 0x2167, 0x2167, 0x2167, 0x2167, 0x2167, 0x2167, 0x2188,
        0x2167, 0x2167, 0x2187, 0x2167, 0x2167, 0x2167, 0x2187, 0x2187, 0x2167, 0x2188, 0x2187, 0x2187,
        0x2187, 0x2988, 0x4ACD, 0x8493, 0x94F5, 0x6390, 0x324B, 0x3A4B, 0x324B, 0x324B, 0x324B, 0x324B,
        0x324B, 0x324B, 0x324B, 0x324B, 0x324B, 0x324B, 0x324B, 0x324B, 0x324B, 0x324B, 0x324B, 0x324B,
        0x324B, 0x324B, 0x324B, 0x324B, 0x324B, 0x324B, 0x324B, 0x324B, 0x324B, 0x324B, 0x324B, 0x324B,
        0x324B, 0x324B, 0x324B, 0x324B, 0x324B, 0x324B, 0x324B, 0x324B, 0x324B, 0x324B, 0x324B, 0x324B,
        0x324B, 0x324B, 0x324B, 0x324B, 0x324B, 0x324B, 0x324B, 0x324B, 0x324B, 0x324B, 0x4AED, 0x6BF1,
        0x8CF5, 0x8493, 0x428C, 0x2187, 0x29A8, 0x2988, 0x2188, 0x2188, 0x2988, 0x2188, 0x2188, 0x2188,
        0x2187, 0x2188, 0x29A8, 0x2187, 0x2187, 0x2187, 0x2167, 0x2167, 0x2167, 0x2187, 0x2187, 0x2187,
        0x2167, 0x2167, 0x2167, 0x2167, 0x2167, 0x2167, 0x2167, 0x2167, 0x2167, 0x2167, 0x2167, 0x2167,
        0x2167, 0x2167, 0x2167, 0x2187, 0x2167, 0x2167, 0x2167, 0x2167, 0x2167, 0x2167, 0x2167, 0x2167,
        0x2188, 0x2188, 0x2167, 0x2187, 0x2988, 0x2187, 0x2188, 0x2188, 0x426B, 0x8494, 0x94F5, 0x63B0,
        0x4ACD, 0x324B, 0x324B, 0x324B, 0x324B, 0x324B, 0x324B, 0x324B, 0x324B, 0x324B, 0x324B, 0x324B,
        0x324B, 0x324B, 0x324B, 0x324B, 0x324B, 0x324B, 0x324B, 0x324B, 0x324B, 0x324B, 0x324B, 0x324B,
        0x324B, 0x324B, 0x324B, 0x324B, 0x324B, 0x324B, 0x324B, 0x324B, 0x324B, 0x324B, 0x324B, 0x324B,
        0x324B, 0x324B, 0x324B, 0x324B, 0x324B, 0x324B, 0x324B, 0x324B, 0x324B, 0x324B, 0x324B, 0x324B,
        0x324B, 0x324B, 0x324B, 0x324B, 0x324B, 0x324B, 0x324B, 0x324B, 0x324B, 0x324B, 0x324B, 0x324B,
        0x324B, 0x324B, 0x324B, 0x324B, 0x324B, 0x324B, 0x324B, 0x324B, 0x324B, 0x324B, 0x324B, 0x324B,
        0x324B, 0x324B, 0x324B, 0x324B, 0x324B, 0x324B, 0x324B, 0x324B, 0x324B, 0x324B, 0x324B, 0x324B,
        0x324B, 0x324B, 0x324B, 0x324B, 0x324B, 0x324B, 0x324B, 0x324B, 0x324B, 0x324B, 0x324B, 0x324B,
        0x324B, 0x324B, 0x324B, 0x324B, 0x324B, 0x324B, 0x324B, 0x324B, 0x324B, 0x324B, 0x324B, 0x324B,
        0x324B, 0x324B, 0x324B, 0x324B, 0x324B, 0x324B, 0x324B, 0x324B, 0x324B, 0x324B, 0x324B, 0x324B,
        0x324B, 0x324B, 0x324B, 0x324B, 0x324B, 0x324B, 0x324B, 0x3A4B, 0x324B, 0x5B4F, 0x94F5, 0x8CD5,
        0x7432, 0x3209, 0x2167, 0x2188, 0x2187, 0x2167, 0x2187, 0x2187, 0x2167, 0x2187, 0x2167, 0x2167,
        0x2167, 0x2167, 0x2167, 0x2167, 0x2167, 0x2167, 0x2167, 0x2167, 0x2167, 0x2167, 0x2167, 0x2167,
        0x2167, 0x2167, 0x2167, 0x2167, 0x2167, 0x2167, 0x2167, 0x2167, 0x2167, 0x2167, 0x2167, 0x2167,
        0x2167, 0x2167, 0x2167, 0x2167, 0x2187, 0x2167, 0x2167, 0x2167, 0x2167, 0x2187, 0x2187, 0x2167,
        0x2167, 0x2988, 0x2188, 0x2187, 0x2188, 0x2167, 0x2188, 0x4AAC, 0x8494, 0x8CD4, 0x532E, 0x324B,
        0x3A4B, 0x324B, 0x324B, 0x324B, 0x324B, 0x324B, 0x324B, 0x324B, 0x324B, 0x324B, 0x324B, 0x324B,
        0x324B, 0x324B, 0x324B, 0x324B, 0x324B, 0x324B, 0x324B, 0x324B, 0x324B, 0x324B, 0x324B, 0x324B,
        0x324B, 0x324B, 0x324B, 0x324B, 0x324B, 0x324B, 0x324B, 0x324B, 0x324B, 0x324B, 0x324B, 0x324B,
        0x324B, 0x324B, 0x324B, 0x324B, 0x324B, 0x324B, 0x324B, 0x324B, 0x324B, 0x324B, 0x324B, 0x324B,
        0x324B, 0x4AED, 0x8CD4, 0x94F5, 0x84B4, 0x4AAC, 0x2167, 0x29A8, 0x29A8, 0x2988, 0x2187, 0x2187,
        0x2187, 0x2188, 0x2188, 0x2188, 0x2188, 0x2988, 0x2188, 0x2167, 0x2167, 0x2187, 0x2167, 0x2167,
        0x2187, 0x2167, 0x2167, 0x2167, 0x2167, 0x2167, 0x2167, 0x2167, 0x2167, 0x2167, 0x2167, 0x2167,
        0x2167, 0x2167, 0x2167, 0x2167, 0x2167, 0x2167, 0x2167, 0x2187, 0x2167, 0x2167, 0x2167, 0x2167,
        0x2167, 0x2167, 0x2167, 0x2187, 0x2187, 0x2167, 0x2187, 0x2167, 0x2187, 0x2988, 0x2188, 0x3A2A,
        0x7C32, 0x8CF5, 0x8494, 0x3A6C, 0x324B, 0x324B, 0x324B, 0x324B, 0x324B, 0x324B, 0x324B, 0x324B,
        0x324B, 0x324B, 0x324B, 0x324B, 0x324B, 0x324B, 0x324B, 0x324B, 0x324B, 0x324B, 0x324B, 0x324B,
        0x324B, 0x324B, 0x324B, 0x324B, 0x324B, 0x324B, 0x324B, 0x324B, 0x324B, 0x324B, 0x324B, 0x324B,
        0x324B, 0x324B, 0x324B, 0x324B, 0x324B, 0x324B, 0x324B, 0x324B, 0x324B, 0x324B, 0x324B, 0x324B,
        0x324B, 0x324B, 0x324B, 0x324B, 0x324B, 0x324B, 0x324B, 0x324B, 0x324B, 0x324B, 0x324B, 0x324B,
        0x324B, 0x324B, 0x324B, 0x324B, 0x324B, 0x324B, 0x324B, 0x324B, 0x324B, 0x324B, 0x324B, 0x324B,
        0x324B, 0x324B, 0x324B, 0x324B, 0x324B, 0x324B, 0x324B, 0x324B, 0x324B, 0x324B, 0x324B, 0x324B,
        0x324B, 0x324B, 0x324B, 0x324B, 0x324B, 0x324B, 0x324B, 0x324B, 0x324B, 0x324B, 0x324B, 0x324B,
        0x324B, 0x324B, 0x324B, 0x324B, 0x324B, 0x324B, 0x324B, 0x324B, 0x324B, 0x324B, 0x324B, 0x324B,
        0x324B, 0x324B, 0x324B, 0x324B, 0x324B, 0x324B, 0x324B, 0x324B, 0x324B, 0x324B, 0x324B, 0x324B,
        0x324B, 0x324B, 0x324B, 0x324B, 0x324B, 0x324B, 0x324B, 0x324B, 0x324B, 0x324B, 0x324B, 0x324B,
        0x3A4B, 0x324B, 0x5B6F, 0x94F5, 0x8CF5, 0x7411, 0x3A0A, 0x2167, 0x2187, 0x2167, 0x2167, 0x2167,
        0x2167, 0x2187, 0x2167, 0x2167, 0x2167, 0x2167, 0x2167, 0x2167, 0x2167, 0x2167, 0x2167, 0x2167,
        0x2167, 0x2167, 0x2167, 0x2167, 0x2167, 0x2167, 0x2167, 0x2167, 0x2167, 0x2167, 0x2167, 0x2167,
        0x2167, 0x2167, 0x2167, 0x2167, 0x2167, 0x2167, 0x2167, 0x2167, 0x2167, 0x2167, 0x2187, 0x2167,
        0x2167, 0x2187, 0x2167, 0x2167, 0x2167, 0x2167, 0x2167, 0x2187, 0x2187, 0x2187, 0x2187, 0x29A8,
        0x52ED, 0x84B4, 0x94F5, 0x532E, 0x324B, 0x3A4B, 0x324B, 0x324B, 0x324B, 0x324B, 0x324B, 0x324B,
        0x324B, 0x324B, 0x324B, 0x324B, 0x324B, 0x324B, 0x324B, 0x324B, 0x324B, 0x324B, 0x324B, 0x324B,
        0x324B, 0x324B, 0x324B, 0x324B, 0x324B, 0x324B, 0x324B, 0x324B, 0x324B, 0x324B, 0x324B, 0x324B,
        0x324B, 0x324B, 0x324B, 0x324B, 0x324B, 0x324B, 0x324B, 0x324B, 0x324B, 0x324B, 0x324B, 0x324B,
        0x324B, 0x324B, 0x324B, 0x3A4B, 0x324B, 0x63B1, 0x94F5, 0x84B4, 0x530D, 0x2187, 0x29A8, 0x29C8,
        0x29A8, 0x2988, 0x2188, 0x2187, 0x2167, 0x2187, 0x2187, 0x2167, 0x2188, 0x2988, 0x2188, 0x2167,
        0x2167, 0x2167, 0x2167, 0x2167, 0x2167, 0x2167, 0x2167, 0x2167, 0x2167, 0x2167, 0x2167, 0x2167,
        0x2167, 0x2167, 0x2167, 0x2167, 0x2167, 0x2167, 0x2167, 0x2167, 0x2167, 0x2167, 0x2167, 0x2187,
        0x2187, 0x2167, 0x2167, 0x2167, 0x2167, 0x2167, 0x2167, 0x2167, 0x2167, 0x2167, 0x2167, 0x2187,
        0x2188, 0x29A8, 0x52ED, 0x73F1, 0x94F5, 0x6BD1, 0x3A4B, 0x3A6C, 0x324B, 0x324B, 0x324B, 0x324B,
        0x324B, 0x324B, 0x324B, 0x324B, 0x324B, 0x324B, 0x324B, 0x324B, 0x324B, 0x324B, 0x324B, 0x324B,
        0x324B, 0x324B, 0x324B, 0x324B, 0x324B, 0x324B, 0x324B, 0x324B, 0x324B, 0x324B, 0x324B, 0x324B,
        0x324B, 0x324B, 0x324B, 0x324B, 0x324B, 0x324B, 0x324B, 0x324B, 0x324B, 0x324B, 0x324B, 0x324B,
        0x324B, 0x324B, 0x324B, 0x324B, 0x324B, 0x324B, 0x324B, 0x324B, 0x324B, 0x324B, 0x324B, 0x324B,
        0x324B, 0x324B, 0x324B, 0x324B, 0x324B, 0x324B, 0x324B, 0x324B, 0x324B, 0x324B, 0x324B, 0x324B,
        0x324B, 0x324B, 0x324B, 0x324B, 0x324B, 0x324B, 0x324B, 0x324B, 0x324B, 0x324B, 0x324B, 0x324B,
        0x324B, 0x324B, 0x324B, 0x324B, 0x324B, 0x324B, 0x324B, 0x324B, 0x324B, 0x324B, 0x324B, 0x324B,
        0x324B, 0x324B, 0x324B, 0x324B, 0x324B, 0x324B, 0x324B, 0x324B, 0x324B, 0x324B, 0x324B, 0x324B,
        0x324B, 0x324B, 0x324B, 0x324B, 0x324B, 0x324B, 0x324B, 0x324B, 0x324B, 0x324B, 0x324B, 0x324B,
        0x324B, 0x324B, 0x324B, 0x324B, 0x324B, 0x324B, 0x324B, 0x324B, 0x324B, 0x324B, 0x324B, 0x324B,
        0x324B, 0x324B, 0x324B, 0x324B, 0x324B, 0x324B, 0x324B, 0x5B6F, 0x94F5, 0x8CF5, 0x7412, 0x3209,
        0x2167, 0x29A8, 0x2188, 0x2167, 0x2187, 0x2187, 0x2167, 0x2187, 0x2167, 0x2167, 0x2167, 0x2167,
        0x2167, 0x2167, 0x2167, 0x2167, 0x2167, 0x2167, 0x2167, 0x2167, 0x2167, 0x2167, 0x2167, 0x2167,
        0x2167, 0x2167, 0x2167, 0x2167, 0x2167, 0x2167, 0x2167, 0x2167, 0x2167, 0x2167, 0x2167, 0x2167,
        0x2167, 0x2167, 0x2167, 0x2167, 0x2187, 0x2988, 0x2187, 0x2167, 0x2167, 0x2167, 0x2187, 0x2167,
        0x2167, 0x2167, 0x2167, 0x2188, 0x29A8, 0x530D, 0x8CD5, 0x94F5, 0x4B0E, 0x324B, 0x324B, 0x324B,
        0x324B, 0x324B, 0x324B, 0x324B, 0x324B, 0x324B, 0x324B, 0x324B, 0x324B, 0x324B, 0x324B, 0x324B,
        0x324B, 0x324B, 0x324B, 0x324B, 0x324B, 0x324B, 0x324B, 0x324B, 0x324B, 0x324B, 0x324B, 0x324B,
        0x324B, 0x324B, 0x324B, 0x324B, 0x324B, 0x324B, 0x324B, 0x324B, 0x324B, 0x324B, 0x324B, 0x324B,
        0x324B, 0x324B, 0x324B, 0x324B, 0x324B, 0x324B, 0x3A6B, 0x324B, 0x63B0, 0x94F5, 0x8493, 0x5B2E,
        0x2188, 0x2988, 0x29A8, 0x29A8, 0x2988, 0x2188, 0x2187, 0x2187, 0x2187, 0x2167, 0x2167, 0x2167,
        0x2167, 0x2187, 0x2187, 0x2167, 0x2167, 0x2167, 0x2167, 0x2167, 0x2167, 0x2167, 0x2167, 0x2167,
        0x2167, 0x2167, 0x2167, 0x2167, 0x2167, 0x2167, 0x2167, 0x2167, 0x2167, 0x2167, 0x2167, 0x2167,
        0x2167, 0x2167, 0x2167, 0x2167, 0x2187, 0x2167, 0x2167, 0x2167, 0x2167, 0x2167, 0x2167, 0x2167,
        0x2167, 0x2167, 0x2188, 0x2188, 0x29A8, 0x5B4E, 0x8CB4, 0x8CD4, 0x84B4, 0x4AEE, 0x324B, 0x324B,
        0x324B, 0x324B, 0x324B, 0x324B, 0x324B, 0x324B, 0x324B, 0x324B, 0x324B, 0x324B, 0x324B, 0x324B,
        0x324B, 0x324B, 0x324B, 0x324B, 0x324B, 0x324B, 0x324B, 0x324B, 0x324B, 0x324B, 0x324B, 0x324B,
        0x324B, 0x324B, 0x324B, 0x324B, 0x324B, 0x324B, 0x324B, 0x324B, 0x324B, 0x324B, 0x324B, 0x324B,
        0x324B, 0x324B, 0x324B, 0x324B, 0x324B, 0x324B, 0x324B, 0x324B, 0x324B, 0x324B, 0x324B, 0x324B,
        0x324B, 0x324B, 0x324B, 0x324B, 0x324B, 0x324B, 0x324B, 0x324B, 0x324B, 0x324B, 0x324B, 0x324B,
        0x324B, 0x324B, 0x324B, 0x324B, 0x324B, 0x324B, 0x324B, 0x324B, 0x324B, 0x324B, 0x324B, 0x324B,
        0x324B, 0x324B, 0x324B, 0x324B, 0x324B, 0x324B, 0x324B, 0x324B, 0x324B, 0x324B, 0x324B, 0x324B,
        0x324B, 0x324B, 0x324B, 0x324B, 0x324B, 0x324B, 0x324B, 0x324B, 0x324B, 0x324B, 0x324B, 0x324B,
        0x324B, 0x324B, 0x324B, 0x324B, 0x324B, 0x324B, 0x324B, 0x324B, 0x324B, 0x324B, 0x324B, 0x324B,
        0x324B, 0x324B, 0x324B, 0x324B, 0x324B, 0x324B, 0x324B, 0x324B, 0x324B, 0x324B, 0x324B, 0x324B,
        0x324B, 0x324B, 0x324B, 0x324B, 0x324B, 0x324B, 0x324B, 0x324B, 0x324B, 0x324B, 0x324B, 0x324B,
        0x5B6F, 0x94F5, 0x8CD5, 0x7412, 0x3A2A, 0x2167, 0x2187, 0x2167, 0x2167, 0x2187, 0x2167, 0x2167,
        0x2167, 0x2167, 0x2167, 0x2187, 0x2167, 0x2167, 0x2167, 0x2167, 0x2167, 0x2167, 0x2167, 0x2167,
        0x2167, 0x2167, 0x2167, 0x2167, 0x2167, 0x2167, 0x2167, 0x2167, 0x2167, 0x2167, 0x2167, 0x2167,
        0x2167, 0x2167, 0x2167, 0x2167, 0x2167, 0x2167, 0x2167, 0x2167, 0x2167, 0x2187, 0x2167, 0x2187,
        0x2187, 0x2167, 0x2167, 0x2167, 0x2167, 0x2167, 0x2167, 0x2188, 0x2188, 0x29C9, 0x5B4E, 0x8CD4,
        0x8CF5, 0x4B0E, 0x324B, 0x324B, 0x324B, 0x324B, 0x324B, 0x324B, 0x324B, 0x324B, 0x324B, 0x324B,
        0x324B, 0x324B, 0x324B, 0x324B, 0x324B, 0x324B, 0x324B, 0x324B, 0x324B, 0x324B, 0x324B, 0x324B,
        0x324B, 0x324B, 0x324B, 0x324B, 0x324B, 0x324B, 0x324B, 0x324B, 0x324B, 0x324B, 0x324B, 0x324B,
        0x324B, 0x324B, 0x324B, 0x324B, 0x324B, 0x324B, 0x324B, 0x324B, 0x324B, 0x324B, 0x324B, 0x63B0,
        0x94F5, 0x8CB4, 0x636F, 0x29C8, 0x2167, 0x2187, 0x2988, 0x2188, 0x2187, 0x2167, 0x2167, 0x2167,
        0x2167, 0x2167, 0x2167, 0x2187, 0x2167, 0x2167, 0x2187, 0x2187, 0x2187, 0x2187, 0x2167, 0x2167,
        0x2167, 0x2167, 0x2167, 0x2167, 0x2167, 0x2167, 0x2167, 0x2167, 0x2167, 0x2167, 0x2167, 0x2167,
        0x2167, 0x2167, 0x2167, 0x2167, 0x2167, 0x2167, 0x2167, 0x2167, 0x2167, 0x2187, 0x2187, 0x2167,
        0x2167, 0x2167, 0x2167, 0x2167, 0x2167, 0x2167, 0x2188, 0x2187, 0x530D, 0x8CD5, 0x94F5, 0x8CD4,
        0x4ACD, 0x324B, 0x324B, 0x324B, 0x324B, 0x324B, 0x324B, 0x324B, 0x324B, 0x324B, 0x324B, 0x324B,
        0x324B, 0x324B, 0x324B, 0x324B, 0x324B, 0x324B, 0x324B, 0x324B, 0x324B, 0x324B, 0x324B, 0x324B,
        0x324B, 0x324B, 0x324B, 0x324B, 0x324B, 0x324B, 0x324B, 0x324B, 0x324B, 0x324B, 0x324B, 0x324B,
        0x324B, 0x324B, 0x324B, 0x324B, 0x324B, 0x324B, 0x324B, 0x324B, 0x324B, 0x324B, 0x324B, 0x324B,
        0x324B, 0x324B, 0x324B, 0x324B, 0x324B, 0x324B, 0x324B, 0x324B, 0x324B, 0x324B, 0x324B, 0x324B,
        0x324B, 0x324B, 0x324B, 0x324B, 0x324B, 0x324B, 0x324B, 0x324B, 0x324B, 0x324B, 0x324B, 0x324B,
        0x324B, 0x324B, 0x324B, 0x324B, 0x324B, 0x324B, 0x324B, 0x324B, 0x324B, 0x324B, 0x324B, 0x324B,
        0x324B, 0x324B, 0x324B, 0x324B, 0x324B, 0x324B, 0x324B, 0x324B, 0x324B, 0x324B, 0x324B, 0x324B,
        0x324B, 0x324B, 0x324B, 0x324B, 0x324B, 0x324B, 0x324B, 0x324B, 0x324B, 0x324B, 0x324B, 0x324B,
        0x324B, 0x324B, 0x324B, 0x324B, 0x324B, 0x324B, 0x324B, 0x324B, 0x324B, 0x324B, 0x324B, 0x324B,
        0x324B, 0x324B, 0x324B, 0x324B, 0x324B, 0x324B, 0x324B, 0x324B, 0x324B, 0x324B, 0x324B, 0x324B,
        0x324B, 0x324B, 0x324B, 0x3A4B, 0x324B, 0x5B70, 0x94F5, 0x8CD5, 0x7C32, 0x3A0A, 0x2167, 0x2187,
        0x2187, 0x2187, 0x2187, 0x2167, 0x2167, 0x2167, 0x2167, 0x2167, 0x2167, 0x2167, 0x2167, 0x2167,
        0x2167, 0x2167, 0x2167, 0x2167, 0x2167, 0x2167, 0x2167, 0x2167, 0x2167, 0x2167, 0x2167, 0x2167,
        0x2167, 0x2167, 0x2167, 0x2167, 0x2167, 0x2167, 0x2167, 0x2167, 0x2167, 0x2167, 0x2167, 0x2167,
        0x2167, 0x2167, 0x2167, 0x2167, 0x2167, 0x2167, 0x2167, 0x2167, 0x2167, 0x2167, 0x2167, 0x2187,
        0x2167, 0x2188, 0x29C8, 0x5B4E, 0x8CF5, 0x8CD5, 0x530E, 0x324B, 0x324B, 0x324B, 0x324B, 0x324B,
        0x324B, 0x324B, 0x324B, 0x324B, 0x324B, 0x324B, 0x324B, 0x324B, 0x324B, 0x324B, 0x324B, 0x324B,
        0x324B, 0x324B, 0x324B, 0x324B, 0x324B, 0x324B, 0x324B, 0x324B, 0x324B, 0x324B, 0x324B, 0x324B,
        0x324B, 0x324B, 0x324B, 0x324B, 0x324B, 0x324B, 0x324B, 0x324B, 0x324B, 0x324B, 0x324B, 0x324B,
        0x324B, 0x530E, 0x6C12, 0x94F5, 0x84B4, 0x638F, 0x29C9, 0x2187, 0x29A8, 0x2188, 0x2188, 0x2988,
        0x2188, 0x2187, 0x2167, 0x2167, 0x2167, 0x2167, 0x2167, 0x2187, 0x2188, 0x2187, 0x2187, 0x2187,
        0x2187, 0x2187, 0x2167, 0x2167, 0x2167, 0x2167, 0x2167, 0x2167, 0x2167, 0x2167, 0x2187, 0x2167,
        0x2167, 0x2187, 0x2167, 0x2167, 0x2167, 0x2167, 0x2187, 0x2167, 0x2167, 0x2167, 0x2167, 0x2167,
        0x2167, 0x2167, 0x2167, 0x2167, 0x2167, 0x2167, 0x2167, 0x2167, 0x2167, 0x2187, 0x2188, 0x4ACC,
        0x84B4, 0x94F5, 0x5B70, 0x4ACD, 0x324B, 0x324B, 0x324B, 0x324B, 0x324B, 0x324B, 0x324B, 0x324B,
        0x324B, 0x324B, 0x324B, 0x324B, 0x324B, 0x324B, 0x324B, 0x324B, 0x324B, 0x324B, 0x324B, 0x324B,
        0x324B, 0x324B, 0x324B, 0x324B, 0x324B, 0x324B, 0x324B, 0x324B, 0x324B, 0x324B, 0x324B, 0x324B,
        0x324B, 0x324B, 0x324B, 0x324B, 0x324B, 0x324B, 0x324B, 0x324B, 0x324B, 0x324B, 0x324B, 0x324B,
        0x324B, 0x324B, 0x324B, 0x324B, 0x324B, 0x324B, 0x324B, 0x324B, 0x324B, 0x324B, 0x324B, 0x324B,
        0x324B, 0x324B, 0x324B, 0x324B, 0x324B, 0x324B, 0x324B, 0x324B, 0x324B, 0x324B, 0x324B, 0x324B,
        0x324B, 0x324B, 0x324B, 0x324B, 0x324B, 0x324B, 0x324B, 0x324B, 0x324B, 0x324B, 0x324B, 0x324B,
        0x324B, 0x324B, 0x324B, 0x324B, 0x324B, 0x324B, 0x324B, 0x324B, 0x324B, 0x324B, 0x324B, 0x324B,
        0x324B, 0x324B, 0x324B, 0x324B, 0x324B, 0x324B, 0x324B, 0x324B, 0x324B, 0x324B, 0x324B, 0x324B,
        0x324B, 0x324B, 0x324B, 0x324B, 0x324B, 0x324B, 0x324B, 0x324B, 0x324B, 0x324B, 0x324B, 0x324B,
        0x324B, 0x324B, 0x324B, 0x324B, 0x324B, 0x324B, 0x324B, 0x324B, 0x324B, 0x324B, 0x324B, 0x324B,
        0x324B, 0x324B, 0x324B, 0x324B, 0x324B, 0x324B, 0x324B, 0x324B, 0x3A4B, 0x324B, 0x6390, 0x94F5,
        0x8CF5, 0x7432, 0x3A0A, 0x2167, 0x2187, 0x2167, 0x2167, 0x2187, 0x2167, 0x2167, 0x2167, 0x2167,
        0x2167, 0x2167, 0x2167, 0x2167, 0x2167, 0x2167, 0x2167, 0x2167, 0x2167, 0x2167, 0x2167, 0x2167,
        0x2167, 0x2167, 0x2167, 0x2167, 0x2167, 0x2167, 0x2167, 0x2167, 0x2167, 0x2167, 0x2167, 0x2167,
        0x2167, 0x2167, 0x2167, 0x2167, 0x2167, 0x2167, 0x2167, 0x2167, 0x2167, 0x2167, 0x2167, 0x2167,
        0x2167, 0x2167, 0x2167, 0x2167, 0x2167, 0x2167, 0x2187, 0x31E9, 0x638F, 0x8CF5, 0x8CF5, 0x530E,
        0x324B, 0x3A4B, 0x324B, 0x324B, 0x324B, 0x324B, 0x324B, 0x324B, 0x324B, 0x324B, 0x324B, 0x324B,
        0x324B, 0x324B, 0x324B, 0x324B, 0x324B, 0x324B, 0x324B, 0x324B, 0x324B, 0x324B, 0x324B, 0x324B,
        0x324B, 0x324B, 0x324B, 0x324B, 0x324B, 0x324B, 0x324B, 0x324B, 0x324B, 0x324B, 0x324B, 0x324B,
        0x324B, 0x324B, 0x3A4B, 0x324B, 0x532F, 0x8CD5, 0x94F5, 0x8CD4, 0x636F, 0x29A8, 0x2187, 0x2988,
        0x2188, 0x2187, 0x2187, 0x2188, 0x2187, 0x2167, 0x2167, 0x2167, 0x2187, 0x2187, 0x2167, 0x2187,
        0x2188, 0x2167, 0x2167, 0x2167, 0x2167, 0x2167, 0x2167, 0x2167, 0x2167, 0x2167, 0x2167, 0x2167,
        0x2167, 0x2167, 0x2167, 0x2167, 0x2167, 0x2187, 0x2167, 0x2167, 0x2167, 0x2167, 0x2187, 0x2167,
        0x2167, 0x2167, 0x2167, 0x2167, 0x2167, 0x2167, 0x2167, 0x2167, 0x2167, 0x2167, 0x2167, 0x2167,
        0x2167, 0x2167, 0x428B, 0x8493, 0x94F5, 0x6390, 0x324B, 0x324B, 0x324B, 0x324B, 0x324B, 0x324B,
        0x324B, 0x324B, 0x324B, 0x324B, 0x324B, 0x324B, 0x324B, 0x324B, 0x324B, 0x324B, 0x324B, 0x324B,
        0x324B, 0x324B, 0x324B, 0x324B, 0x324B, 0x324B, 0x324B, 0x324B, 0x324B, 0x324B, 0x324B, 0x324B,
        0x324B, 0x324B, 0x324B, 0x324B, 0x324B, 0x324B, 0x324B, 0x324B, 0x324B, 0x324B, 0x324B, 0x324B,
        0x324B, 0x324B, 0x324B, 0x324B, 0x324B, 0x324B, 0x324B, 0x324B, 0x324B, 0x324B, 0x324B, 0x324B,
        0x324B, 0x324B, 0x324B, 0x324B, 0x324B, 0x324B, 0x324B, 0x324B, 0x324B, 0x324B, 0x324B, 0x324B,
        0x324B, 0x324B, 0x324B, 0x324B, 0x324B, 0x324B, 0x324B, 0x324B, 0x324B, 0x324B, 0x324B, 0x324B,
        0x324B, 0x324B, 0x324B, 0x324B, 0x324B, 0x324B, 0x324B, 0x324B, 0x324B, 0x324B, 0x324B, 0x324B,
        0x324B, 0x324B, 0x324B, 0x324B, 0x324B, 0x324B, 0x324B, 0x324B, 0x324B, 0x324B, 0x324B, 0x324B,
        0x324B, 0x324B, 0x324B, 0x324B, 0x324B, 0x324B, 0x324B, 0x324B, 0x324B, 0x324B, 0x324B, 0x324B,
        0x324B, 0x324B, 0x324B, 0x324B, 0x324B, 0x324B, 0x324B, 0x324B, 0x324B, 0x324B, 0x324B, 0x324B,
        0x324B, 0x324B, 0x324B, 0x324B, 0x324B, 0x324B, 0x324B, 0x324B, 0x324B, 0x324B, 0x324B, 0x324B,
        0x324B, 0x324B, 0x324B, 0x6390, 0x94F5, 0x8CF5, 0x7411, 0x31E9, 0x2167, 0x2188, 0x2167, 0x2188,
        0x2167, 0x2167, 0x2167, 0x2167, 0x2167, 0x2167, 0x2167, 0x2167, 0x2167, 0x2167, 0x2167, 0x2167,
        0x2167, 0x2167, 0x2167, 0x2167, 0x2167, 0x2167, 0x2167, 0x2167, 0x2167, 0x2167, 0x2167, 0x2167,
        0x2167, 0x2167, 0x2167, 0x2167, 0x2167, 0x2167, 0x2167, 0x2167, 0x2167, 0x2167, 0x2167, 0x2167,
        0x2167, 0x2167, 0x2167, 0x2167, 0x2167, 0x2167, 0x2167, 0x2167, 0x2167, 0x2167, 0x2167, 0x2167,
        0x31E9, 0x6390, 0x8CF5, 0x8CF5, 0x4B0E, 0x324B, 0x3A4B, 0x324B, 0x324B, 0x324B, 0x324B, 0x324B,
        0x324B, 0x324B, 0x324B, 0x324B, 0x324B, 0x324B, 0x324B, 0x324B, 0x324B, 0x324B, 0x324B, 0x324B,
        0x324B, 0x324B, 0x324B, 0x324B, 0x324B, 0x324B, 0x324B, 0x324B, 0x324B, 0x324B, 0x324B, 0x324B,
        0x324B, 0x324B, 0x324B, 0x324B, 0x324B, 0x324B, 0x324B, 0x4AEE, 0x8CF5, 0x8CF5, 0x8CB4, 0x636F,
        0x29C8, 0x2188, 0x2988, 0x2188, 0x2988, 0x29A8, 0x2188, 0x2167, 0x2167, 0x2167, 0x2167, 0x2187,
        0x2167, 0x2167, 0x2167, 0x2167, 0x2167, 0x2167, 0x2167, 0x2167, 0x2167, 0x2167, 0x2167, 0x2167,
        0x2167, 0x2167, 0x2167, 0x2167, 0x2167, 0x2167, 0x2167, 0x2167, 0x2167, 0x2167, 0x2167, 0x2167,
        0x2167, 0x2167, 0x2167, 0x2167, 0x2167, 0x2167, 0x2167, 0x2167, 0x2167, 0x2167, 0x2187, 0x2187,
        0x2187, 0x2167, 0x2167, 0x2188, 0x2187, 0x3A4B, 0x7C52, 0x94F5, 0x6390, 0x324B, 0x324B, 0x324B,
        0x324B, 0x324B, 0x324B, 0x324B, 0x324B, 0x324B, 0x324B, 0x324B, 0x324B, 0x324B, 0x324B, 0x324B,
        0x324B, 0x324B, 0x324B, 0x324B, 0x324B, 0x324B, 0x324B, 0x324B, 0x324B, 0x324B, 0x324B, 0x324B,
        0x324B, 0x324B, 0x324B, 0x324B, 0x324B, 0x324B, 0x324B, 0x324B, 0x324B, 0x324B, 0x324B, 0x324B,
        0x324B, 0x324B, 0x324B, 0x324B, 0x324B, 0x324B, 0x324B, 0x324B, 0x324B, 0x324B, 0x324B, 0x324B,
        0x324B, 0x324B, 0x324B, 0x324B, 0x324B, 0x324B, 0x324B, 0x324B, 0x324B, 0x324B, 0x324B, 0x324B,
        0x324B, 0x324B, 0x324B, 0x324B, 0x324B, 0x324B, 0x324B, 0x324B, 0x324B, 0x324B, 0x324B, 0x324B,
        0x324B, 0x324B, 0x324B, 0x324B, 0x324B, 0x324B, 0x324B, 0x324B, 0x324B, 0x324B, 0x324B, 0x324B,
        0x324B, 0x324B, 0x324B, 0x324B, 0x324B, 0x324B, 0x324B, 0x324B, 0x324B, 0x324B, 0x324B, 0x324B,
        0x324B, 0x324B, 0x324B, 0x324B, 0x324B, 0x324B, 0x324B, 0x324B, 0x324B, 0x324B, 0x324B, 0x324B,
        0x324B, 0x324B, 0x324B, 0x324B, 0x324B, 0x324B, 0x324B, 0x324B, 0x324B, 0x324B, 0x324B, 0x324B,
        0x324B, 0x324B, 0x324B, 0x324B, 0x324B, 0x324B, 0x324B, 0x324B, 0x324B, 0x324B, 0x324B, 0x324B,
        0x324B, 0x324B, 0x324B, 0x324B, 0x324B, 0x324B, 0x324B, 0x324B, 0x6390, 0x94F5, 0x8CD5, 0x6BB0,
        0x29C9, 0x2167, 0x2988, 0x2188, 0x2187, 0x2167, 0x2167, 0x2167, 0x2167, 0x2167, 0x2167, 0x2167,
        0x2167, 0x2167, 0x2167, 0x2167, 0x2167, 0x2167, 0x2167, 0x2167, 0x2167, 0x2167, 0x2167, 0x2167,
        0x2167, 0x2167, 0x2167, 0x2167, 0x2167, 0x2167, 0x2167, 0x2167, 0x2167, 0x2167, 0x2167, 0x2167,
        0x2167, 0x2167, 0x2167, 0x2167, 0x2167, 0x2167, 0x2167, 0x2167, 0x2167, 0x2167, 0x2167, 0x2167,
        0x2167, 0x2167, 0x2167, 0x2167, 0x2167, 0x31E9, 0x636F, 0x8CF5, 0x8CF5, 0x4AED, 0x324B, 0x324B,
        0x324B, 0x324B, 0x324B, 0x324B, 0x324B, 0x324B, 0x324B, 0x324B, 0x324B, 0x324B, 0x324B, 0x324B,
        0x324B, 0x324B, 0x324B, 0x324B, 0x324B, 0x324B, 0x324B, 0x324B, 0x324B, 0x324B, 0x324B, 0x324B,
        0x324B, 0x324B, 0x324B, 0x324B, 0x324B, 0x324B, 0x324B, 0x324B, 0x324B, 0x324B, 0x4AED, 0x8CD5,
        0x8CF5, 0x84B4, 0x636F, 0x29A8, 0x2187, 0x2988, 0x2188, 0x29A8, 0x2187, 0x2187, 0x2988, 0x2187,
        0x2167, 0x2167, 0x2167, 0x2187, 0x2167, 0x2167, 0x2167, 0x2167, 0x2167, 0x2167, 0x2167, 0x2167,
        0x2167, 0x2167, 0x2167, 0x2167, 0x2167, 0x2167, 0x2167, 0x2167, 0x2167, 0x2167, 0x2167, 0x2167,
        0x2167, 0x2167, 0x2167, 0x2167, 0x2167, 0x2167, 0x2167, 0x2167, 0x2167, 0x2167, 0x2167, 0x2167,
        0x2167, 0x2167, 0x2167, 0x2187, 0x2167, 0x2188, 0x2187, 0x2187, 0x3A4A, 0x7432, 0x94F5, 0x6390,
        0x324B, 0x324B, 0x324B, 0x324B, 0x324B, 0x324B, 0x324B, 0x324B, 0x324B, 0x324B, 0x324B, 0x324B,
        0x324B, 0x324B, 0x324B, 0x324B, 0x324B, 0x324B, 0x324B, 0x324B, 0x324B, 0x324B, 0x324B, 0x324B,
        0x324B, 0x324B, 0x324B, 0x324B, 0x324B, 0x324B, 0x324B, 0x324B, 0x324B, 0x324B, 0x324B, 0x324B,
        0x324B, 0x324B, 0x324B, 0x324B, 0x324B, 0x324B, 0x324B, 0x324B, 0x324B, 0x324B, 0x324B, 0x324B,
        0x324B, 0x324B, 0x324B, 0x324B, 0x324B, 0x324B, 0x324B, 0x324B, 0x324B, 0x324B, 0x324B, 0x324B,
        0x324B, 0x324B, 0x324B, 0x324B, 0x324B, 0x324B, 0x324B, 0x324B, 0x324B, 0x324B, 0x324B, 0x324B,
        0x324B, 0x324B, 0x324B, 0x324B, 0x324B, 0x324B, 0x324B, 0x324B, 0x324B, 0x324B, 0x324B, 0x324B,
        0x324B, 0x324B, 0x324B, 0x324B, 0x324B, 0x324B, 0x324B, 0x324B, 0x324B, 0x324B, 0x324B, 0x324B,
        0x324B, 0x324B, 0x324B, 0x324B, 0x324B, 0x324B, 0x324B, 0x324B, 0x324B, 0x324B, 0x324B, 0x324B,
        0x324B, 0x324B, 0x324B, 0x324B, 0x324B, 0x324B, 0x324B, 0x324B, 0x324B, 0x324B, 0x324B, 0x324B,
        0x324B, 0x324B, 0x324B, 0x324B, 0x324B, 0x324B, 0x324B, 0x324B, 0x324B, 0x324B, 0x324B, 0x324B,
        0x324B, 0x324B, 0x324B, 0x324B, 0x324B, 0x324B, 0x324B, 0x324B, 0x324B, 0x324B, 0x324B, 0x324B,
        0x324B, 0x5B90, 0x94F5, 0x8CD5, 0x5B6F, 0x29A8, 0x2187, 0x2188, 0x2188, 0x2187, 0x2167, 0x2187,
        0x2167, 0x2167, 0x2167, 0x2167, 0x2167, 0x2167, 0x2167, 0x2167, 0x2167, 0x2167, 0x2167, 0x2167,
        0x2167, 0x2167, 0x2167, 0x2167, 0x2167, 0x2167, 0x2167, 0x2167, 0x2167, 0x2167, 0x2167, 0x2167,
        0x2167, 0x2167, 0x2167, 0x2167, 0x2167, 0x2167, 0x2167, 0x2167, 0x2167, 0x2167, 0x2167, 0x2167,
        0x2167, 0x2167, 0x2167, 0x2167, 0x2167, 0x2167, 0x2167, 0x2167, 0x2187, 0x2167, 0x29C9, 0x638F,
        0x8CF5, 0x8CD4, 0x4AEE, 0x324B, 0x324B, 0x324B, 0x324B, 0x324B, 0x324B, 0x324B, 0x324B, 0x324B,
        0x324B, 0x324B, 0x324B, 0x324B, 0x324B, 0x324B, 0x324B, 0x324B, 0x324B, 0x324B, 0x324B, 0x324B,
        0x324B, 0x324B, 0x324B, 0x324B, 0x324B, 0x324B, 0x324B, 0x324B, 0x324B, 0x324B, 0x324B, 0x324B,
        0x324B, 0x324B, 0x8493, 0x8CF5, 0x84B4, 0x4ACD, 0x29A8, 0x2188, 0x29A8, 0x2188, 0x2167, 0x2167,
        0x2167, 0x2167, 0x2187, 0x2187, 0x2167, 0x2167, 0x2187, 0x2167, 0x2167, 0x2167, 0x2167, 0x2167,
        0x2167, 0x2167, 0x2187, 0x2187, 0x2167, 0x2167, 0x2167, 0x2167, 0x2167, 0x2167, 0x2167, 0x2167,
        0x2167, 0x2167, 0x2167, 0x2167, 0x2167, 0x2167, 0x2167, 0x2167, 0x2167, 0x2167, 0x2167, 0x2167,
        0x2167, 0x2167, 0x2167, 0x2167, 0x2167, 0x2167, 0x2167, 0x2167, 0x2167, 0x2167, 0x2187, 0x3A4B,
        0x7432, 0x94F5, 0x6390, 0x324B, 0x324B, 0x324B, 0x324B, 0x324B, 0x324B, 0x324B, 0x324B, 0x324B,
        0x324B, 0x324B, 0x324B, 0x324B, 0x324B, 0x324B, 0x324B, 0x324B, 0x324B, 0x324B, 0x324B, 0x324B,
        0x324B, 0x324B, 0x324B, 0x324B, 0x324B, 0x324B, 0x324B, 0x324B, 0x324B, 0x324B, 0x324B, 0x324B,
        0x324B, 0x324B, 0x324B, 0x324B, 0x324B, 0x324B, 0x324B, 0x324B, 0x324B, 0x324B, 0x324B, 0x324B,
        0x324B, 0x324B, 0x324B, 0x324B, 0x324B, 0x324B, 0x324B, 0x324B, 0x324B, 0x324B, 0x324B, 0x324B,
        0x324B, 0x324B, 0x324B, 0x324B, 0x324B, 0x324B, 0x324B, 0x324B, 0x324B, 0x324B, 0x324B, 0x324B,
        0x324B, 0x324B, 0x324B, 0x324B, 0x324B, 0x324B, 0x324B, 0x324B, 0x324B, 0x324B, 0x324B, 0x324B,
        0x324B, 0x324B, 0x324B, 0x324B, 0x324B, 0x324B, 0x324B, 0x324B, 0x324B, 0x324B, 0x324B, 0x324B,
        0x324B, 0x324B, 0x324B, 0x324B, 0x324B, 0x324B, 0x324B, 0x324B, 0x324B, 0x324B, 0x324B, 0x324B,
        0x324B, 0x324B, 0x324B, 0x324B, 0x324B, 0x324B, 0x324B, 0x324B, 0x324B, 0x324B, 0x324B, 0x324B,
        0x324B, 0x324B, 0x324B, 0x324B, 0x324B, 0x324B, 0x324B, 0x324B, 0x324B, 0x324B, 0x324B, 0x324B,
        0x324B, 0x324B, 0x324B, 0x324B, 0x324B, 0x324B, 0x324B, 0x324B, 0x324B, 0x324B, 0x324B, 0x324B,
        0x324B, 0x324B, 0x324B, 0x324B, 0x3A4B, 0x324B, 0x6390, 0x94F5, 0x84B4, 0x5B6F, 0x29A8, 0x2167,
        0x2188, 0x2167, 0x2188, 0x2187, 0x2167, 0x2167, 0x2167, 0x2167, 0x2167, 0x2167, 0x2167, 0x2167,
        0x2167, 0x2167, 0x2167, 0x2167, 0x2167, 0x2167, 0x2167, 0x2167, 0x2167, 0x2167, 0x2167, 0x2167,
        0x2167, 0x2167, 0x2167, 0x2167, 0x2167, 0x2167, 0x2167, 0x2167, 0x2167, 0x2167, 0x2167, 0x2167,
        0x2167, 0x2167, 0x2167, 0x2167, 0x2167, 0x2167, 0x2167, 0x2167, 0x2167, 0x2167, 0x2167, 0x2167,
        0x2167, 0x2188, 0x2188, 0x31E9, 0x6390, 0x8CF5, 0x8CD5, 0x530E, 0x324B, 0x3A4B, 0x324B, 0x324B,
        0x324B, 0x324B, 0x324B, 0x324B, 0x324B, 0x324B, 0x324B, 0x324B, 0x324B, 0x324B, 0x324B, 0x324B,
        0x324B, 0x324B, 0x324B, 0x324B, 0x324B, 0x324B, 0x324B, 0x324B, 0x324B, 0x324B, 0x324B, 0x324B,
        0x324B, 0x324B, 0x324B, 0x324B, 0x4B0E, 0x7C53, 0x8CD5, 0x8CB4, 0x52ED, 0x2167, 0x2188, 0x29A8,
        0x2187, 0x2167, 0x2187, 0x2167, 0x2187, 0x2187, 0x2167, 0x2187, 0x2167, 0x2167, 0x2167, 0x2167,
        0x2167, 0x2167, 0x2167, 0x2167, 0x2167, 0x2167, 0x2167, 0x2167, 0x2167, 0x2167, 0x2167, 0x2167,
        0x2167, 0x2167, 0x2167, 0x2167, 0x2167, 0x2167, 0x2167, 0x2167, 0x2167, 0x2167, 0x2167, 0x2167,
        0x2167, 0x2167, 0x2167, 0x2167, 0x2167, 0x2167, 0x2167, 0x2167, 0x2167, 0x2167, 0x2167, 0x2187,
        0x2167, 0x2167, 0x426B, 0x7C52, 0x94F5, 0x6390, 0x324B, 0x3A4B, 0x324B, 0x324B, 0x324B, 0x324B,
        0x324B, 0x324B, 0x324B, 0x324B, 0x324B, 0x324B, 0x324B, 0x324B, 0x324B, 0x324B, 0x324B, 0x324B,
        0x324B, 0x324B, 0x324B, 0x324B, 0x324B, 0x324B, 0x324B, 0x324B, 0x324B, 0x324B, 0x324B, 0x324B,
        0x324B, 0x324B, 0x324B, 0x324B, 0x324B, 0x324B, 0x324B, 0x324B, 0x324B, 0x324B, 0x324B, 0x324B,
        0x324B, 0x324B, 0x324B, 0x324B, 0x324B, 0x324B, 0x324B, 0x324B, 0x324B, 0x324B, 0x324B, 0x324B,
        0x324B, 0x324B, 0x324B, 0x324B, 0x324B, 0x324B, 0x324B, 0x324B, 0x324B, 0x324B, 0x324B, 0x324B,
        0x324B, 0x324B, 0x324B, 0x324B, 0x324B, 0x324B, 0x324B, 0x324B, 0x324B, 0x324B, 0x324B, 0x324B,
        0x324B, 0x324B, 0x324B, 0x324B, 0x324B, 0x324B, 0x324B, 0x324B, 0x324B, 0x324B, 0x324B, 0x324B,
        0x324B, 0x324B, 0x324B, 0x324B, 0x324B, 0x324B, 0x324B, 0x324B, 0x324B, 0x324B, 0x324B, 0x324B,
        0x324B, 0x324B, 0x324B, 0x324B, 0x324B, 0x324B, 0x324B, 0x324B, 0x324B, 0x324B, 0x324B, 0x324B,
        0x324B, 0x324B, 0x324B, 0x324B, 0x324B, 0x324B, 0x324B, 0x324B, 0x324B, 0x324B, 0x324B, 0x324B,
        0x324B, 0x324B, 0x324B, 0x324B, 0x324B, 0x324B, 0x324B, 0x324B, 0x324B, 0x324B, 0x324B, 0x324B,
        0x324B, 0x324B, 0x324B, 0x324B, 0x324B, 0x324B, 0x324B, 0x324B, 0x324B, 0x3A4B, 0x324B, 0x6390,
        0x94F5, 0x84B4, 0x638F, 0x29C9, 0x2167, 0x2188, 0x2187, 0x2167, 0x2187, 0x2167, 0x2167, 0x2167,
        0x2167, 0x2167, 0x2167, 0x2167, 0x2167, 0x2167, 0x2167, 0x2167, 0x2167, 0x2167, 0x2167, 0x2167,
        0x2167, 0x2167, 0x2167, 0x2167, 0x2167, 0x2167, 0x2167, 0x2167, 0x2167, 0x2167, 0x2167, 0x2167,
        0x2167, 0x2167, 0x2167, 0x2167, 0x2167, 0x2167, 0x2167, 0x2167, 0x2167, 0x2167, 0x2167, 0x2167,
        0x2167, 0x2167, 0x2167, 0x2167, 0x2167, 0x2167, 0x2188, 0x2167, 0x3209, 0x6BB0, 0x8CF5, 0x8CD5,
        0x4AEE, 0x324B, 0x3A4B, 0x324B, 0x324B, 0x324B, 0x324B, 0x324B, 0x324B, 0x324B, 0x324B, 0x324B,
        0x324B, 0x324B, 0x324B, 0x324B, 0x324B, 0x324B, 0x324B, 0x324B, 0x324B, 0x324B, 0x324B, 0x324B,
        0x324B, 0x324B, 0x324B, 0x324B, 0x324B, 0x324B, 0x3A6C, 0x3A6C, 0x6BD1, 0x94F5, 0x8493, 0x4ACD,
        0x2988, 0x2188, 0x29A8, 0x2188, 0x2188, 0x2187, 0x2187, 0x2187, 0x2187, 0x2187, 0x2167, 0x2187,
        0x2187, 0x2167, 0x2167, 0x2167, 0x2167, 0x2167, 0x2167, 0x2167, 0x2167, 0x2167, 0x2167, 0x2167,
        0x2167, 0x2167, 0x2167, 0x2167, 0x2167, 0x2167, 0x2167, 0x2167, 0x2167, 0x2167, 0x2167, 0x2167,
        0x2167, 0x2167, 0x2167, 0x2167, 0x2167, 0x2167, 0x2167, 0x2167, 0x2167, 0x2167, 0x2167, 0x2167,
        0x2167, 0x2167, 0x2167, 0x2187, 0x2187, 0x3A4A, 0x7C52, 0x94F5, 0x6390, 0x324B, 0x3A4B, 0x324B,
        0x324B, 0x324B, 0x324B, 0x324B, 0x324B, 0x324B, 0x324B, 0x324B, 0x324B, 0x324B, 0x324B, 0x324B,
        0x324B, 0x324B, 0x324B, 0x324B, 0x324B, 0x324B, 0x324B, 0x324B, 0x324B, 0x324B, 0x324B, 0x324B,
        0x324B, 0x324B, 0x324B, 0x324B, 0x324B, 0x324B, 0x324B, 0x324B, 0x324B, 0x324B, 0x324B, 0x324B,
        0x324B, 0x324B, 0x324B, 0x324B, 0x324B, 0x324B, 0x324B, 0x324B, 0x324B, 0x324B, 0x324B, 0x324B,
        0x324B, 0x324B, 0x324B, 0x324B, 0x324B, 0x324B, 0x324B, 0x324B, 0x324B, 0x324B, 0x324B, 0x324B,
        0x324B, 0x324B, 0x324B, 0x324B, 0x324B, 0x324B, 0x324B, 0x324B, 0x324B, 0x324B, 0x324B, 0x324B,
        0x324B, 0x324B, 0x324B, 0x324B, 0x324B, 0x324B, 0x324B, 0x324B, 0x324B, 0x324B, 0x324B, 0x324B,
        0x324B, 0x324B, 0x324B, 0x324B, 0x324B, 0x324B, 0x324B, 0x324B, 0x324B, 0x324B, 0x324B, 0x324B,
        0x324B, 0x324B, 0x324B, 0x324B, 0x324B, 0x324B, 0x324B, 0x324B, 0x324B, 0x324B, 0x324B, 0x324B,
        0x324B, 0x324B, 0x324B, 0x324B, 0x324B, 0x324B, 0x324B, 0x324B, 0x324B, 0x324B, 0x324B, 0x324B,
        0x324B, 0x324B, 0x324B, 0x324B, 0x324B, 0x324B, 0x324B, 0x324B, 0x324B, 0x324B, 0x324B, 0x324B,
        0x324B, 0x324B, 0x324B, 0x324B, 0x324B, 0x324B, 0x324B, 0x324B, 0x324B, 0x324B, 0x324B, 0x324B,
        0x324B, 0x324B, 0x324B, 0x324B, 0x63B0, 0x94F5, 0x8CD5, 0x5B4F, 0x2988, 0x2167, 0x2187, 0x2167,
        0x2167, 0x2187, 0x2167, 0x2167, 0x2167, 0x2167, 0x2167, 0x2167, 0x2167, 0x2167, 0x2167, 0x2167,
        0x2167, 0x2167, 0x2167, 0x2167, 0x2167, 0x2167, 0x2167, 0x2167, 0x2167, 0x2167, 0x2167, 0x2167,
        0x2167, 0x2167, 0x2167, 0x2167, 0x2167, 0x2167, 0x2167, 0x2167, 0x2167, 0x2187, 0x2187, 0x2167,
        0x2167, 0x2167, 0x2167, 0x2167, 0x2167, 0x2167, 0x2167, 0x2167, 0x2167, 0x2167, 0x2167, 0x2188,
        0x2188, 0x320A, 0x6BD0, 0x8CF5, 0x8CD4, 0x4ACD, 0x324B, 0x324B, 0x324B, 0x324B, 0x324B, 0x324B,
        0x324B, 0x324B, 0x324B, 0x324B, 0x324B, 0x324B, 0x324B, 0x324B, 0x324B, 0x324B, 0x324B, 0x324B,
        0x324B, 0x324B, 0x324B, 0x324B, 0x324B, 0x324B, 0x324B, 0x324B, 0x324B, 0x324B, 0x3A4B, 0x8CB4,
        0x8CF5, 0x84B4, 0x52ED, 0x2167, 0x29A8, 0x2988, 0x2187, 0x2188, 0x2187, 0x2187, 0x2187, 0x2167,
        0x2167, 0x2167, 0x2167, 0x2167, 0x2167, 0x2167, 0x2167, 0x2167, 0x2167, 0x2167, 0x2167, 0x2167,
        0x2167, 0x2167, 0x2167, 0x2167, 0x2167, 0x2167, 0x2167, 0x2167, 0x2167, 0x2167, 0x2167, 0x2167,
        0x2167, 0x2167, 0x2167, 0x2167, 0x2167, 0x2167, 0x2167, 0x2167, 0x2167, 0x2167, 0x2167, 0x2167,
        0x2167, 0x2167, 0x2167, 0x2167, 0x2187, 0x2187, 0x2188, 0x2167, 0x31E9, 0x7411, 0x8CD5, 0x63B0,
        0x324B, 0x324B, 0x324B, 0x324B, 0x324B, 0x324B, 0x324B, 0x324B, 0x324B, 0x324B, 0x324B, 0x324B,
        0x324B, 0x324B, 0x324B, 0x324B, 0x324B, 0x324B, 0x324B, 0x324B, 0x324B, 0x324B, 0x324B, 0x324B,
        0x324B, 0x324B, 0x324B, 0x324B, 0x324B, 0x324B, 0x324B, 0x324B, 0x324B, 0x324B, 0x324B, 0x324B,
        0x324B, 0x324B, 0x324B, 0x324B, 0x324B, 0x324B, 0x324B, 0x324B, 0x324B, 0x324B, 0x324B, 0x324B,
        0x324B, 0x324B, 0x324B, 0x324B, 0x324B, 0x324B, 0x324B, 0x324B, 0x324B, 0x324B, 0x324B, 0x324B,
        0x324B, 0x324B, 0x324B, 0x324B, 0x324B, 0x324B, 0x324B, 0x324B, 0x324B, 0x324B, 0x324B, 0x324B,
        0x324B, 0x324B, 0x324B, 0x324B, 0x324B, 0x324B, 0x324B, 0x324B, 0x324B, 0x324B, 0x324B, 0x324B,
        0x324B, 0x324B, 0x324B, 0x324B, 0x324B, 0x324B, 0x324B, 0x324B, 0x324B, 0x324B, 0x324B, 0x324B,
        0x324B, 0x324B, 0x324B, 0x324B, 0x324B, 0x324B, 0x324B, 0x324B, 0x324B, 0x324B, 0x324B, 0x324B,
        0x324B, 0x324B, 0x324B, 0x324B, 0x324B, 0x324B, 0x324B, 0x324B, 0x324B, 0x324B, 0x324B, 0x324B,
        0x324B, 0x324B, 0x324B, 0x324B, 0x324B, 0x324B, 0x324B, 0x324B, 0x324B, 0x324B, 0x324B, 0x324B,
        0x324B, 0x324B, 0x324B, 0x324B, 0x324B, 0x324B, 0x324B, 0x324B, 0x324B, 0x324B, 0x324B, 0x324B,
        0x324B, 0x324B, 0x324B, 0x324B, 0x324B, 0x324B, 0x324B, 0x324B, 0x324B, 0x6390, 0x8CF5, 0x8CD4,
        0x5B2E, 0x2188, 0x2187, 0x2187, 0x2167, 0x2187, 0x2167, 0x2167, 0x2167, 0x2167, 0x2167, 0x2167,
        0x2167, 0x2167, 0x2167, 0x2167, 0x2167, 0x2167, 0x2167, 0x2167, 0x2167, 0x2167, 0x2167, 0x2167,
        0x2167, 0x2167, 0x2167, 0x2167, 0x2167, 0x2167, 0x2167, 0x2167, 0x2167, 0x2167, 0x2167, 0x2167,
        0x2167, 0x2167, 0x2187, 0x2167, 0x2167, 0x2167, 0x2167, 0x2167, 0x2167, 0x2167, 0x2167, 0x2167,
        0x2167, 0x2167, 0x2167, 0x2167, 0x2167, 0x2187, 0x3A2A, 0x6BD1, 0x94F5, 0x84B4, 0x4AED, 0x324B,
        0x324B, 0x324B, 0x324B, 0x324B, 0x324B, 0x324B, 0x324B, 0x324B, 0x324B, 0x324B, 0x324B, 0x324B,
        0x324B, 0x324B, 0x324B, 0x324B, 0x324B, 0x324B, 0x324B, 0x324B, 0x324B, 0x324B, 0x324B, 0x324B,
        0x324B, 0x4ACD, 0x63B0, 0x94F5, 0x8CD4, 0x52ED, 0x29A8, 0x2188, 0x2188, 0x2988, 0x2187, 0x2188,
        0x2188, 0x2187, 0x2187, 0x2188, 0x2187, 0x2167, 0x2187, 0x2167, 0x2167, 0x2167, 0x2167, 0x2167,
        0x2167, 0x2167, 0x2167, 0x2167, 0x2167, 0x2167, 0x2167, 0x2167, 0x2167, 0x2167, 0x2167, 0x2167,
        0x2167, 0x2167, 0x2167, 0x2167, 0x2167, 0x2167, 0x2167, 0x2187, 0x2167, 0x2167, 0x2167, 0x2167,
        0x2167, 0x2167, 0x2167, 0x2167, 0x2167, 0x2167, 0x2167, 0x2187, 0x2188, 0x2188, 0x2167, 0x29C8,
        0x6BB0, 0x8CF5, 0x8473, 0x324B, 0x324B, 0x324B, 0x324B, 0x324B, 0x324B, 0x324B, 0x324B, 0x324B,
        0x324B, 0x324B, 0x324B, 0x324B, 0x324B, 0x324B, 0x324B, 0x324B, 0x324B, 0x324B, 0x324B, 0x324B,
        0x324B, 0x324B, 0x324B, 0x324B, 0x324B, 0x324B, 0x324B, 0x324B, 0x324B, 0x324B, 0x324B, 0x324B,
        0x324B, 0x324B, 0x324B, 0x324B, 0x324B, 0x324B, 0x324B, 0x324B, 0x324B, 0x324B, 0x324B, 0x324B,
        0x324B, 0x324B, 0x324B, 0x324B, 0x324B, 0x324B, 0x324B, 0x324B, 0x324B, 0x324B, 0x324B, 0x324B,
        0x324B, 0x324B, 0x324B, 0x324B, 0x324B, 0x324B, 0x324B, 0x324B, 0x324B, 0x324B, 0x324B, 0x324B,
        0x324B, 0x324B, 0x324B, 0x324B, 0x324B, 0x324B, 0x324B, 0x324B, 0x324B, 0x324B, 0x324B, 0x324B,
        0x324B, 0x324B, 0x324B, 0x324B, 0x324B, 0x324B, 0x324B, 0x324B, 0x324B, 0x324B, 0x324B, 0x324B,
        0x324B, 0x324B, 0x324B, 0x324B, 0x324B, 0x324B, 0x324B, 0x324B, 0x324B, 0x324B, 0x324B, 0x324B,
        0x324B, 0x324B, 0x324B, 0x324B, 0x324B, 0x324B, 0x324B, 0x324B, 0x324B, 0x324B, 0x324B, 0x324B,
        0x324B, 0x324B, 0x324B, 0x324B, 0x324B, 0x324B, 0x324B, 0x324B, 0x324B, 0x324B, 0x324B, 0x324B,
        0x324B, 0x324B, 0x324B, 0x324B, 0x324B, 0x324B, 0x324B, 0x324B, 0x324B, 0x324B, 0x324B, 0x324B,
        0x324B, 0x324B, 0x324B, 0x324B, 0x324B, 0x324B, 0x324B, 0x324B, 0x324B, 0x324B, 0x324B, 0x324B,
        0x324B, 0x324B, 0x8473, 0x94F5, 0x84B4, 0x4ACD, 0x29A8, 0x2187, 0x2187, 0x2167, 0x2167, 0x2167,
        0x2167, 0x2167, 0x2167, 0x2167, 0x2167, 0x2167, 0x2167, 0x2167, 0x2167, 0x2167, 0x2167, 0x2167,
        0x2167, 0x2167, 0x2167, 0x2167, 0x2167, 0x2167, 0x2167, 0x2167, 0x2167, 0x2167, 0x2167, 0x2167,
        0x2167, 0x2167, 0x2167, 0x2167, 0x2167, 0x2167, 0x2167, 0x2167, 0x2167, 0x2167, 0x2167, 0x2167,
        0x2167, 0x2167, 0x2167, 0x2167, 0x2167, 0x2167, 0x2167, 0x2167, 0x2167, 0x2988, 0x2188, 0x3A4A,
        0x7C32, 0x8CF5, 0x7C73, 0x324B, 0x324B, 0x324B, 0x324B, 0x324B, 0x324B, 0x324B, 0x324B, 0x324B,
        0x324B, 0x324B, 0x324B, 0x324B, 0x324B, 0x324B, 0x324B, 0x324B, 0x324B, 0x324B, 0x324B, 0x324B,
        0x324B, 0x324B, 0x324B, 0x324B, 0x324B, 0x7C52, 0x94F5, 0x8CD4, 0x5B4E, 0x29A8, 0x2188, 0x2988,
        0x2188, 0x2187, 0x2187, 0x2187, 0x2187, 0x2187, 0x2167, 0x2988, 0x2188, 0x2187, 0x2187, 0x2167,
        0x2167, 0x2167, 0x2167, 0x2167, 0x2167, 0x2167, 0x2167, 0x2167, 0x2167, 0x2167, 0x2167, 0x2167,
        0x2167, 0x2167, 0x2167, 0x2167, 0x2167, 0x2167, 0x2167, 0x2167, 0x2167, 0x2167, 0x2167, 0x2167,
        0x2167, 0x2167, 0x2187, 0x2167, 0x2167, 0x2167, 0x2187, 0x2167, 0x2167, 0x2167, 0x2167, 0x2187,
        0x2187, 0x2188, 0x29A8, 0x636F, 0x94F5, 0x8CB4, 0x4ACD, 0x324B, 0x324B, 0x324B, 0x324B, 0x324B,
        0x324B, 0x324B, 0x324B, 0x324B, 0x324B, 0x324B, 0x324B, 0x324B, 0x324B, 0x324B, 0x324B, 0x324B,
        0x324B, 0x324B, 0x324B, 0x324B, 0x324B, 0x324B, 0x324B, 0x324B, 0x324B, 0x324B, 0x324B, 0x324B,
        0x324B, 0x324B, 0x324B, 0x324B, 0x324B, 0x324B, 0x324B, 0x324B, 0x324B, 0x324B, 0x324B, 0x324B,
        0x324B, 0x324B, 0x324B, 0x324B, 0x324B, 0x324B, 0x324B, 0x324B, 0x324B, 0x324B, 0x324B, 0x324B,
        0x324B, 0x324B, 0x324B, 0x324B, 0x324B, 0x324B, 0x324B, 0x324B, 0x324B, 0x324B, 0x324B, 0x324B,
        0x324B, 0x324B, 0x324B, 0x324B, 0x324B, 0x324B, 0x324B, 0x324B, 0x324B, 0x324B, 0x324B, 0x324B,
        0x324B, 0x324B, 0x324B, 0x324B, 0x324B, 0x324B, 0x324B, 0x324B, 0x324B, 0x324B, 0x324B, 0x324B,
        0x324B, 0x324B, 0x324B, 0x324B, 0x324B, 0x324B, 0x324B, 0x324B, 0x324B, 0x324B, 0x324B, 0x324B,
        0x324B, 0x324B, 0x324B, 0x324B, 0x324B, 0x324B, 0x324B, 0x324B, 0x324B, 0x324B, 0x324B, 0x324B,
        0x324B, 0x324B, 0x324B, 0x324B, 0x324B, 0x324B, 0x324B, 0x324B, 0x324B, 0x324B, 0x324B, 0x324B,
        0x324B, 0x324B, 0x324B, 0x324B, 0x324B, 0x324B, 0x324B, 0x324B, 0x324B, 0x324B, 0x324B, 0x324B,
        0x324B, 0x324B, 0x324B, 0x324B, 0x324B, 0x324B, 0x324B, 0x324B, 0x324B, 0x324B, 0x324B, 0x324B,
        0x324B, 0x324B, 0x324B, 0x324B, 0x324B, 0x3A6B, 0x3A8C, 0x6390, 0x8CF5, 0x7432, 0x530D, 0x3209,
        0x2167, 0x2188, 0x2188, 0x2167, 0x2167, 0x2167, 0x2167, 0x2167, 0x2167, 0x2167, 0x2167, 0x2167,
        0x2167, 0x2167, 0x2167, 0x2167, 0x2167, 0x2167, 0x2167, 0x2167, 0x2167, 0x2167, 0x2167, 0x2187,
        0x2187, 0x2167, 0x2167, 0x2167, 0x2167, 0x2167, 0x2167, 0x2167, 0x2167, 0x2167, 0x2167, 0x2167,
        0x2167, 0x2167, 0x2167, 0x2167, 0x2167, 0x2167, 0x2167, 0x2167, 0x2167, 0x2167, 0x2167, 0x2167,
        0x2167, 0x2187, 0x2188, 0x2187, 0x3A4B, 0x7C32, 0x8CD4, 0x7C53, 0x4AED, 0x324B, 0x324B, 0x324B,
        0x324B, 0x324B, 0x324B, 0x324B, 0x324B, 0x324B, 0x324B, 0x324B, 0x324B, 0x324B, 0x324B, 0x324B,
        0x324B, 0x324B, 0x324B, 0x324B, 0x324B, 0x324B, 0x324B, 0x324B, 0x6390, 0x8CD5, 0x8CD4, 0x5B4E,
        0x29A8, 0x2988, 0x2188, 0x2187, 0x2167, 0x2167, 0x2167, 0x2167, 0x2167, 0x2167, 0x2167, 0x2187,
        0x2187, 0x2167, 0x2167, 0x2167, 0x2167, 0x2167, 0x2167, 0x2167, 0x2167, 0x2167, 0x2167, 0x2167,
        0x2167, 0x2167, 0x2167, 0x2167, 0x2167, 0x2167, 0x2167, 0x2167, 0x2167, 0x2167, 0x2167, 0x2167,
        0x2187, 0x2167, 0x2167, 0x2167, 0x2167, 0x2167, 0x2187, 0x2167, 0x2167, 0x2167, 0x2167, 0x2167,
        0x2167, 0x2167, 0x2188, 0x2988, 0x2187, 0x31E9, 0x6390, 0x8CF5, 0x8CD5, 0x4AED, 0x324B, 0x324B,
        0x324B, 0x324B, 0x324B, 0x324B, 0x324B, 0x324B, 0x324B, 0x324B, 0x324B, 0x324B, 0x324B, 0x324B,
        0x324B, 0x324B, 0x324B, 0x324B, 0x324B, 0x324B, 0x324B, 0x324B, 0x324B, 0x324B, 0x324B, 0x324B,
        0x324B, 0x324B, 0x324B, 0x324B, 0x324B, 0x324B, 0x324B, 0x324B, 0x324B, 0x324B, 0x324B, 0x324B,
        0x324B, 0x324B, 0x324B, 0x324B, 0x324B, 0x324B, 0x324B, 0x324B, 0x324B, 0x324B, 0x324B, 0x324B,
        0x324B, 0x324B, 0x324B, 0x324B, 0x324B, 0x324B, 0x324B, 0x324B, 0x324B, 0x324B, 0x324B, 0x324B,
        0x324B, 0x324B, 0x324B, 0x324B, 0x324B, 0x324B, 0x324B, 0x324B, 0x324B, 0x324B, 0x324B, 0x324B,
        0x324B, 0x324B, 0x324B, 0x324B, 0x324B, 0x324B, 0x324B, 0x324B, 0x324B, 0x324B, 0x324B, 0x324B,
        0x324B, 0x324B, 0x324B, 0x324B, 0x324B, 0x324B, 0x324B, 0x324B, 0x324B, 0x324B, 0x324B, 0x324B,
        0x324B, 0x324B, 0x324B, 0x324B, 0x324B, 0x324B, 0x324B, 0x324B, 0x324B, 0x324B, 0x324B, 0x324B,
        0x324B, 0x324B, 0x324B, 0x324B, 0x324B, 0x324B, 0x324B, 0x324B, 0x324B, 0x324B, 0x324B, 0x324B,
        0x324B, 0x324B, 0x324B, 0x324B, 0x324B, 0x324B, 0x324B, 0x324B, 0x324B, 0x324B, 0x324B, 0x324B,
        0x324B, 0x324B, 0x324B, 0x324B, 0x324B, 0x324B, 0x324B, 0x324B, 0x324B, 0x324B, 0x324B, 0x324B,
        0x324B, 0x324B, 0x324B, 0x324B, 0x324B, 0x324B, 0x324B, 0x324B, 0x324B, 0x324B, 0x324B, 0x324B,
        0x6BF1, 0x8CF5, 0x84B4, 0x5B4F, 0x29A8, 0x2187, 0x2188, 0x2188, 0x2167, 0x2167, 0x2167, 0x2167,
        0x2167, 0x2167, 0x2167, 0x2167, 0x2167, 0x2167, 0x2167, 0x2167, 0x2167, 0x2167, 0x2167, 0x2167,
        0x2167, 0x2167, 0x2167, 0x2188, 0x2187, 0x2187, 0x2167, 0x2167, 0x2167, 0x2167, 0x2167, 0x2167,
        0x2167, 0x2167, 0x2167, 0x2167, 0x2167, 0x2167, 0x2167, 0x2167, 0x2167, 0x2167, 0x2167, 0x2167,
        0x2167, 0x2167, 0x2167, 0x2167, 0x2167, 0x2167, 0x2188, 0x2988, 0x2167, 0x426B, 0x7C73, 0x94F5,
        0x84B4, 0x428C, 0x324B, 0x3A4B, 0x324B, 0x324B, 0x324B, 0x324B, 0x324B, 0x324B, 0x324B, 0x324B,
        0x324B, 0x324B, 0x324B, 0x324B, 0x324B, 0x324B, 0x324B, 0x324B, 0x324B, 0x3A4B, 0x324B, 0x63B0,
        0x94F5, 0x8CB4, 0x5B2E, 0x2988, 0x2188, 0x2188, 0x2188, 0x2187, 0x2167, 0x2167, 0x2167, 0x2167,
        0x2167, 0x2167, 0x2167, 0x2167, 0x2187, 0x2167, 0x2167, 0x2167, 0x2167, 0x2167, 0x2167, 0x2167,
        0x2167, 0x2167, 0x2167, 0x2167, 0x2167, 0x2167, 0x2167, 0x2167, 0x2167, 0x2167, 0x2167, 0x2167,
        0x2167, 0x2167, 0x2167, 0x2167, 0x2187, 0x2187, 0x2167, 0x2167, 0x2167, 0x2167, 0x2187, 0x2167,
        0x2167, 0x2167, 0x2167, 0x2167, 0x2167, 0x2187, 0x2188, 0x2167, 0x29C9, 0x6BB0, 0x8CF5, 0x8CF5,
        0x4B0E, 0x324B, 0x3A4B, 0x324B, 0x324B, 0x324B, 0x324B, 0x324B, 0x324B, 0x324B, 0x324B, 0x324B,
        0x324B, 0x324B, 0x324B, 0x324B, 0x324B, 0x324B, 0x324B, 0x324B, 0x324B, 0x324B, 0x324B, 0x324B,
        0x324B, 0x324B, 0x324B, 0x324B, 0x324B, 0x324B, 0x324B, 0x324B, 0x324B, 0x324B, 0x324B, 0x324B,
        0x324B, 0x324B, 0x324B, 0x324B, 0x324B, 0x324B, 0x324B, 0x324B, 0x324B, 0x324B, 0x324B, 0x324B,
        0x324B, 0x324B, 0x324B, 0x324B, 0x324B, 0x324B, 0x324B, 0x324B, 0x324B, 0x324B, 0x324B, 0x324B,
        0x324B, 0x324B, 0x324B, 0x324B, 0x324B, 0x324B, 0x324B, 0x324B, 0x324B, 0x324B, 0x324B, 0x324B,
        0x324B, 0x324B, 0x324B, 0x324B, 0x324B, 0x324B, 0x324B, 0x324B, 0x324B, 0x324B, 0x324B, 0x324B,
        0x324B, 0x324B, 0x324B, 0x324B, 0x324B, 0x324B, 0x324B, 0x324B, 0x324B, 0x324B, 0x324B, 0x324B,
        0x324B, 0x324B, 0x324B, 0x324B, 0x324B, 0x324B, 0x324B, 0x324B, 0x324B, 0x324B, 0x324B, 0x324B,
        0x324B, 0x324B, 0x324B, 0x324B, 0x324B, 0x324B, 0x324B, 0x324B, 0x324B, 0x324B, 0x324B, 0x324B,
        0x324B, 0x324B, 0x324B, 0x324B, 0x324B, 0x324B, 0x324B, 0x324B, 0x324B, 0x324B, 0x324B, 0x324B,
        0x324B, 0x324B, 0x324B, 0x324B, 0x324B, 0x324B, 0x324B, 0x324B, 0x324B, 0x324B, 0x324B, 0x324B,
        0x324B, 0x324B, 0x324B, 0x324B, 0x324B, 0x324B, 0x324B, 0x324B, 0x324B, 0x324B, 0x324B, 0x324B,
        0x324B, 0x324B, 0x324B, 0x324B, 0x42AD, 0x84B4, 0x8CF5, 0x8473, 0x5B4E, 0x31C9, 0x2188, 0x2187,
        0x2167, 0x2167, 0x2167, 0x2167, 0x2167, 0x2167, 0x2187, 0x2167, 0x2167, 0x2167, 0x2167, 0x2167,
        0x2167, 0x2167, 0x2167, 0x2167, 0x2167, 0x2167, 0x2167, 0x2187, 0x2187, 0x2167, 0x2167, 0x2167,
        0x2167, 0x2167, 0x2167, 0x2167, 0x2167, 0x2167, 0x2167, 0x2167, 0x2167, 0x2167, 0x2167, 0x2167,
        0x2167, 0x2167, 0x2167, 0x2167, 0x2167, 0x2167, 0x2167, 0x2167, 0x2167, 0x2167, 0x2188, 0x2188,
        0x29A8, 0x2188, 0x428C, 0x7C73, 0x94F5, 0x5B70, 0x324B, 0x324B, 0x324B, 0x324B, 0x324B, 0x324B,
        0x324B, 0x324B, 0x324B, 0x324B, 0x324B, 0x324B, 0x324B, 0x324B, 0x324B, 0x324B, 0x324B, 0x324B,
        0x3A4B, 0x324B, 0x6390, 0x94F5, 0x8CF5, 0x5B2E, 0x29A8, 0x2167, 0x2188, 0x2188, 0x2188, 0x2188,
        0x2167, 0x2167, 0x2187, 0x2187, 0x2167, 0x2167, 0x2167, 0x2167, 0x2167, 0x2167, 0x2167, 0x2167,
        0x2167, 0x2167, 0x2167, 0x2167, 0x2167, 0x2167, 0x2167, 0x2167, 0x2167, 0x2167, 0x2167, 0x2167,
        0x2167, 0x2167, 0x2167, 0x2167, 0x2167, 0x2167, 0x2167, 0x2167, 0x2167, 0x2167, 0x2167, 0x2167,
        0x2167, 0x2167, 0x2167, 0x2187, 0x2167, 0x2167, 0x2167, 0x2167, 0x2167, 0x2188, 0x2167, 0x29C8,
        0x63B0, 0x8CF5, 0x8CF5, 0x530E, 0x324B, 0x324B, 0x324B, 0x324B, 0x324B, 0x324B, 0x324B, 0x324B,
        0x324B, 0x324B, 0x324B, 0x324B, 0x324B, 0x324B, 0x324B, 0x324B, 0x324B, 0x324B, 0x324B, 0x324B,
        0x324B, 0x324B, 0x324B, 0x324B, 0x324B, 0x324B, 0x324B, 0x324B, 0x324B, 0x324B, 0x324B, 0x324B,
        0x324B, 0x324B, 0x324B, 0x324B, 0x324B, 0x324B, 0x324B, 0x324B, 0x324B, 0x324B, 0x324B, 0x324B,
        0x324B, 0x324B, 0x324B, 0x324B, 0x324B, 0x324B, 0x324B, 0x324B, 0x324B, 0x324B, 0x324B, 0x324B,
        0x324B, 0x324B, 0x324B, 0x324B, 0x324B, 0x324B, 0x324B, 0x324B, 0x324B, 0x324B, 0x324B, 0x324B,
        0x324B, 0x324B, 0x324B, 0x324B, 0x324B, 0x324B, 0x324B, 0x324B, 0x324B, 0x324B, 0x324B, 0x324B,
        0x324B, 0x324B, 0x324B, 0x324B, 0x324B, 0x324B, 0x324B, 0x324B, 0x324B, 0x324B, 0x324B, 0x324B,
        0x324B, 0x324B, 0x324B, 0x324B, 0x324B, 0x324B, 0x324B, 0x324B, 0x324B, 0x324B, 0x324B, 0x324B,
        0x324B, 0x324B, 0x324B, 0x324B, 0x324B, 0x324B, 0x324B, 0x324B, 0x324B, 0x324B, 0x324B, 0x324B,
        0x324B, 0x324B, 0x324B, 0x324B, 0x324B, 0x324B, 0x324B, 0x324B, 0x324B, 0x324B, 0x324B, 0x324B,
        0x324B, 0x324B, 0x324B, 0x324B, 0x324B, 0x324B, 0x324B, 0x324B, 0x324B, 0x324B, 0x324B, 0x324B,
        0x324B, 0x324B, 0x324B, 0x324B, 0x324B, 0x324B, 0x324B, 0x324B, 0x324B, 0x324B, 0x324B, 0x324B,
        0x324B, 0x324B, 0x324B, 0x324B, 0x324B, 0x324B, 0x324B, 0x324B, 0x324B, 0x4ACD, 0x84B4, 0x94F5,
        0x8CD4, 0x5B6F, 0x29A8, 0x2988, 0x2188, 0x2188, 0x2187, 0x2167, 0x2167, 0x2167, 0x2187, 0x2167,
        0x2167, 0x2167, 0x2167, 0x2167, 0x2167, 0x2167, 0x2167, 0x2167, 0x2167, 0x2167, 0x2167, 0x2167,
        0x2167, 0x2167, 0x2167, 0x2167, 0x2167, 0x2167, 0x2167, 0x2167, 0x2167, 0x2167, 0x2167, 0x2167,
        0x2167, 0x2167, 0x2167, 0x2167, 0x2167, 0x2167, 0x2167, 0x2167, 0x2167, 0x2167, 0x2167, 0x2167,
        0x2187, 0x2167, 0x2167, 0x2188, 0x2988, 0x2187, 0x2188, 0x428C, 0x7C53, 0x94F5, 0x63B0, 0x4ACD,
        0x324B, 0x324B, 0x324B, 0x324B, 0x324B, 0x324B, 0x324B, 0x324B, 0x324B, 0x324B, 0x324B, 0x324B,
        0x324B, 0x324B, 0x324B, 0x324B, 0x324B, 0x6390, 0x94F5, 0x8CD5, 0x636F, 0x29A8, 0x2187, 0x2188,
        0x2188, 0x2187, 0x2167, 0x2187, 0x2187, 0x2167, 0x2187, 0x2188, 0x2187, 0x2167, 0x2167, 0x2167,
        0x2167, 0x2167, 0x2167, 0x2167, 0x2167, 0x2167, 0x2167, 0x2167, 0x2167, 0x2167, 0x2167, 0x2167,
        0x2167, 0x2167, 0x2167, 0x2167, 0x2167, 0x2167, 0x2167, 0x2167, 0x2167, 0x2167, 0x2167, 0x2167,
        0x2167, 0x2167, 0x2167, 0x2167, 0x2167, 0x2167, 0x2187, 0x2187, 0x2187, 0x2187, 0x2167, 0x2167,
        0x2167, 0x2187, 0x29A8, 0x638F, 0x8CF5, 0x94F5, 0x530E, 0x324B, 0x324B, 0x324B, 0x324B, 0x324B,
        0x324B, 0x324B, 0x324B, 0x324B, 0x324B, 0x324B, 0x324B, 0x324B, 0x324B, 0x324B, 0x324B, 0x324B,
        0x324B, 0x324B, 0x324B, 0x324B, 0x324B, 0x324B, 0x324B, 0x324B, 0x324B, 0x324B, 0x324B, 0x324B,
        0x324B, 0x324B, 0x324B, 0x324B, 0x324B, 0x324B, 0x324B, 0x324B, 0x324B, 0x324B, 0x324B, 0x324B,
        0x324B, 0x324B, 0x324B, 0x324B, 0x324B, 0x324B, 0x324B, 0x324B, 0x324B, 0x324B, 0x324B, 0x324B,
        0x324B, 0x324B, 0x324B, 0x324B, 0x324B, 0x324B, 0x324B, 0x324B, 0x324B, 0x324B, 0x324B, 0x324B,
        0x324B, 0x324B, 0x324B, 0x324B, 0x324B, 0x324B, 0x324B, 0x324B, 0x324B, 0x324B, 0x324B, 0x324B,
        0x324B, 0x324B, 0x324B, 0x324B, 0x324B, 0x324B, 0x324B, 0x324B, 0x324B, 0x324B, 0x324B, 0x324B,
        0x324B, 0x324B, 0x324B, 0x324B, 0x324B, 0x324B, 0x324B, 0x324B, 0x324B, 0x324B, 0x324B, 0x324B,
        0x324B, 0x324B, 0x324B, 0x324B, 0x324B, 0x324B, 0x324B, 0x324B, 0x324B, 0x324B, 0x324B, 0x324B,
        0x324B, 0x324B, 0x324B, 0x324B, 0x324B, 0x324B, 0x324B, 0x324B, 0x324B, 0x324B, 0x324B, 0x324B,
        0x324B, 0x324B, 0x324B, 0x324B, 0x324B, 0x324B, 0x324B, 0x324B, 0x324B, 0x324B, 0x324B, 0x324B,
        0x324B, 0x324B, 0x324B, 0x324B, 0x324B, 0x324B, 0x324B, 0x324B, 0x324B, 0x324B, 0x324B, 0x324B,
        0x324B, 0x324B, 0x324B, 0x324B, 0x324B, 0x324B, 0x324B, 0x324B, 0x324B, 0x324B, 0x324B, 0x324B,
        0x324B, 0x324B, 0x42AD, 0x6390, 0x94F5, 0x8CB4, 0x5B2E, 0x29C8, 0x29A8, 0x2188, 0x2167, 0x2167,
        0x2167, 0x2167, 0x2187, 0x2167, 0x2167, 0x2167, 0x2167, 0x2167, 0x2167, 0x2167, 0x2167, 0x2167,
        0x2167, 0x2167, 0x2167, 0x2167, 0x2167, 0x2167, 0x2167, 0x2167, 0x2167, 0x2167, 0x2167, 0x2167,
        0x2167, 0x2167, 0x2167, 0x2167, 0x2167, 0x2167, 0x2167, 0x2167, 0x2167, 0x2167, 0x2167, 0x2167,
        0x2167, 0x2167, 0x2167, 0x2167, 0x2187, 0x2167, 0x2167, 0x2187, 0x2167, 0x2188, 0x29A8, 0x2167,
        0x4AAC, 0x8494, 0x94F5, 0x84B4, 0x4AED, 0x324B, 0x324B, 0x324B, 0x324B, 0x324B, 0x324B, 0x324B,
        0x324B, 0x324B, 0x324B, 0x324B, 0x324B, 0x324B, 0x324B, 0x324B, 0x5B6F, 0x94F5, 0x8CF5, 0x638F,
        0x29A8, 0x2187, 0x2188, 0x2187, 0x2187, 0x2187, 0x2167, 0x2167, 0x2187, 0x2167, 0x2167, 0x2187,
        0x2167, 0x2167, 0x2167, 0x2167, 0x2167, 0x2187, 0x2167, 0x2167, 0x2167, 0x2167, 0x2167, 0x2167,
        0x2167, 0x2167, 0x2167, 0x2167, 0x2167, 0x2167, 0x2167, 0x2167, 0x2167, 0x2167, 0x2167, 0x2167,
        0x2167, 0x2167, 0x2167, 0x2167, 0x2167, 0x2167, 0x2167, 0x2167, 0x2167, 0x2167, 0x2167, 0x2187,
        0x2187, 0x2187, 0x2167, 0x2167, 0x2167, 0x29A8, 0x5B4E, 0x8CF5, 0x94F5, 0x530E, 0x324B, 0x324B,
        0x324B, 0x324B, 0x324B, 0x324B, 0x324B, 0x324B, 0x324B, 0x324B, 0x324B, 0x324B, 0x324B, 0x324B,
        0x324B, 0x324B, 0x324B, 0x324B, 0x324B, 0x324B, 0x324B, 0x324B, 0x324B, 0x324B, 0x324B, 0x324B,
        0x324B, 0x324B, 0x324B, 0x324B, 0x324B, 0x324B, 0x324B, 0x324B, 0x324B, 0x324B, 0x324B, 0x324B,
        0x324B, 0x324B, 0x324B, 0x324B, 0x324B, 0x324B, 0x324B, 0x324B, 0x324B, 0x324B, 0x324B, 0x324B,
        0x324B, 0x324B, 0x324B, 0x324B, 0x324B, 0x324B, 0x324B, 0x324B, 0x324B, 0x324B, 0x324B, 0x324B,
        0x324B, 0x324B, 0x324B, 0x324B, 0x324B, 0x324B, 0x324B, 0x324B, 0x324B, 0x324B, 0x324B, 0x324B,
        0x324B, 0x324B, 0x324B, 0x324B, 0x324B, 0x324B, 0x324B, 0x324B, 0x324B, 0x324B, 0x324B, 0x324B,
        0x324B, 0x324B, 0x324B, 0x324B, 0x324B, 0x324B, 0x324B, 0x324B, 0x324B, 0x324B, 0x324B, 0x324B,
        0x324B, 0x324B, 0x324B, 0x324B, 0x324B, 0x324B, 0x324B, 0x324B, 0x324B, 0x324B, 0x324B, 0x324B,
        0x324B, 0x324B, 0x324B, 0x324B, 0x324B, 0x324B, 0x324B, 0x324B, 0x324B, 0x324B, 0x324B, 0x324B,
        0x324B, 0x324B, 0x324B, 0x324B, 0x324B, 0x324B, 0x324B, 0x324B, 0x324B, 0x324B, 0x324B, 0x324B,
        0x324B, 0x324B, 0x324B, 0x324B, 0x324B, 0x324B, 0x324B, 0x324B, 0x324B, 0x324B, 0x324B, 0x324B,
        0x324B, 0x324B, 0x324B, 0x324B, 0x324B, 0x324B, 0x324B, 0x324B, 0x324B, 0x324B, 0x324B, 0x324B,
        0x324B, 0x324B, 0x324B, 0x324B, 0x324B, 0x324B, 0x324B, 0x324B, 0x5B90, 0x94F5, 0x84B4, 0x530D,
        0x29C8, 0x2187, 0x2187, 0x2167, 0x2167, 0x2167, 0x2187, 0x2167, 0x2167, 0x2167, 0x2167, 0x2167,
        0x2167, 0x2167, 0x2167, 0x2167, 0x2167, 0x2167, 0x2167, 0x2167, 0x2167, 0x2167, 0x2167, 0x2167,
        0x2167, 0x2167, 0x2167, 0x2167, 0x2167, 0x2167, 0x2167, 0x2167, 0x2167, 0x2167, 0x2167, 0x2167,
        0x2167, 0x2167, 0x2167, 0x2167, 0x2167, 0x2167, 0x2167, 0x2167, 0x2167, 0x2167, 0x2167, 0x2167,
        0x2167, 0x2187, 0x29A8, 0x29A8, 0x2188, 0x4AED, 0x8493, 0x8CF5, 0x8CB4, 0x4AEE, 0x324B, 0x3A4B,
        0x324B, 0x324B, 0x324B, 0x324B, 0x324B, 0x324B, 0x324B, 0x324B, 0x324B, 0x3A4B, 0x324B, 0x5B90,
        0x94F5, 0x8CF5, 0x6BB0, 0x29A8, 0x2167, 0x29A8, 0x2187, 0x2187, 0x2167, 0x2187, 0x2167, 0x2167,
        0x2167, 0x2167, 0x2167, 0x2167, 0x2167, 0x2167, 0x2167, 0x2167, 0x2167, 0x2167, 0x2167, 0x2167,
        0x2167, 0x2167, 0x2167, 0x2167, 0x2167, 0x2167, 0x2167, 0x2167, 0x2167, 0x2167, 0x2167, 0x2167,
        0x2167, 0x2167, 0x2167, 0x2167, 0x2167, 0x2187, 0x2167, 0x2167, 0x2167, 0x2167, 0x2167, 0x2167,
        0x2187, 0x2167, 0x2167, 0x2167, 0x2167, 0x2187, 0x2167, 0x2167, 0x2188, 0x530D, 0x8CD5, 0x94F5,
        0x530E, 0x324B, 0x3A4B, 0x324B, 0x324B, 0x324B, 0x324B, 0x324B, 0x324B, 0x324B, 0x324B, 0x324B,
        0x324B, 0x324B, 0x324B, 0x324B, 0x324B, 0x324B, 0x324B, 0x324B, 0x324B, 0x324B, 0x324B, 0x324B,
        0x324B, 0x324B, 0x324B, 0x324B, 0x324B, 0x324B, 0x324B, 0x324B, 0x324B, 0x324B, 0x324B, 0x324B,
        0x324B, 0x324B, 0x324B, 0x324B, 0x324B, 0x324B, 0x324B, 0x324B, 0x324B, 0x324B, 0x324B, 0x324B,
        0x324B, 0x324B, 0x324B, 0x324B, 0x324B, 0x324B, 0x324B, 0x324B, 0x324B, 0x324B, 0x324B, 0x324B,
        0x324B, 0x324B, 0x324B, 0x324B, 0x324B, 0x324B, 0x324B, 0x324B, 0x324B, 0x324B, 0x324B, 0x324B,
        0x324B, 0x324B, 0x324B, 0x324B, 0x324B, 0x324B, 0x324B, 0x324B, 0x324B, 0x324B, 0x324B, 0x324B,
        0x324B, 0x324B, 0x324B, 0x324B, 0x324B, 0x324B, 0x324B, 0x324B, 0x324B, 0x324B, 0x324B, 0x324B,
        0x324B, 0x324B, 0x324B, 0x324B, 0x324B, 0x324B, 0x324B, 0x324B, 0x324B, 0x324B, 0x324B, 0x324B,
        0x324B, 0x324B, 0x324B, 0x324B, 0x324B, 0x324B, 0x324B, 0x324B, 0x324B, 0x324B, 0x324B, 0x324B,
        0x324B, 0x324B, 0x324B, 0x324B, 0x324B, 0x324B, 0x324B, 0x324B, 0x324B, 0x324B, 0x324B, 0x324B,
        0x324B, 0x324B, 0x324B, 0x324B, 0x324B, 0x324B, 0x324B, 0x324B, 0x324B, 0x324B, 0x324B, 0x324B,
        0x324B, 0x324B, 0x324B, 0x324B, 0x324B, 0x324B, 0x324B, 0x324B, 0x324B, 0x324B, 0x324B, 0x324B,
        0x324B, 0x324B, 0x324B, 0x324B, 0x324B, 0x324B, 0x324B, 0x324B, 0x324B, 0x324B, 0x324B, 0x324B,
        0x324B, 0x5B90, 0x94F5, 0x8494, 0x4ACD, 0x2988, 0x2187, 0x2187, 0x2188, 0x2167, 0x2187, 0x2167,
        0x2167, 0x2167, 0x2167, 0x2167, 0x2167, 0x2167, 0x2167, 0x2167, 0x2167, 0x2167, 0x2167, 0x2167,
        0x2167, 0x2167, 0x2167, 0x2167, 0x2167, 0x2167, 0x2167, 0x2167, 0x2167, 0x2167, 0x2167, 0x2167,
        0x2167, 0x2167, 0x2167, 0x2167, 0x2167, 0x2167, 0x2167, 0x2167, 0x2167, 0x2167, 0x2167, 0x2167,
        0x2167, 0x2167, 0x2167, 0x2167, 0x2167, 0x2167, 0x2988, 0x2188, 0x2188, 0x2988, 0x530D, 0x7C73,
        0x8CF5, 0x8CD4, 0x4ACD, 0x324B, 0x324B, 0x324B, 0x324B, 0x324B, 0x324B, 0x324B, 0x324B, 0x324B,
        0x3A4B, 0x324B, 0x6390, 0x94F5, 0x8CF5, 0x6BB0, 0x29C8, 0x2167, 0x29A8, 0x2188, 0x2167, 0x2167,
        0x2167, 0x2187, 0x2167, 0x2167, 0x2167, 0x2167, 0x2167, 0x2167, 0x2167, 0x2167, 0x2167, 0x2167,
        0x2167, 0x2167, 0x2167, 0x2167, 0x2167, 0x2167, 0x2167, 0x2167, 0x2167, 0x2167, 0x2167, 0x2167,
        0x2167, 0x2167, 0x2167, 0x2167, 0x2167, 0x2167, 0x2167, 0x2167, 0x2167, 0x2167, 0x2167, 0x2167,
        0x2167, 0x2167, 0x2167, 0x2167, 0x2167, 0x2167, 0x2167, 0x2187, 0x2188, 0x2188, 0x2167, 0x29A8,
        0x530E, 0x8CD4, 0x8CF5, 0x532E, 0x324B, 0x3A4B, 0x324B, 0x324B, 0x324B, 0x324B, 0x324B, 0x324B,
        0x324B, 0x324B, 0x324B, 0x324B, 0x324B, 0x324B, 0x324B, 0x324B, 0x324B, 0x324B, 0x324B, 0x324B,
        0x324B, 0x324B, 0x324B, 0x324B, 0x324B, 0x324B, 0x324B, 0x324B, 0x324B, 0x324B, 0x324B, 0x324B,
        0x324B, 0x324B, 0x324B, 0x324B, 0x324B, 0x324B, 0x324B, 0x324B, 0x324B, 0x324B, 0x324B, 0x324B,
        0x324B, 0x324B, 0x324B, 0x324B, 0x324B, 0x324B, 0x324B, 0x324B, 0x324B, 0x324B, 0x324B, 0x324B,
        0x324B, 0x324B, 0x324B, 0x324B, 0x324B, 0x324B, 0x324B, 0x324B, 0x324B, 0x324B, 0x324B, 0x324B,
        0x324B, 0x324B, 0x324B, 0x324B, 0x324B, 0x324B, 0x324B, 0x324B, 0x324B, 0x324B, 0x324B, 0x324B,
        0x324B, 0x324B, 0x324B, 0x324B, 0x324B, 0x324B, 0x324B, 0x324B, 0x324B, 0x324B, 0x324B, 0x324B,
        0x324B, 0x324B, 0x324B, 0x324B, 0x324B, 0x324B, 0x324B, 0x324B, 0x324B, 0x324B, 0x324B, 0x324B,
        0x324B, 0x324B, 0x324B, 0x324B, 0x324B, 0x324B, 0x324B, 0x324B, 0x324B, 0x324B, 0x324B, 0x324B,
        0x324B, 0x324B, 0x324B, 0x324B, 0x324B, 0x324B, 0x324B, 0x324B, 0x324B, 0x324B, 0x324B, 0x324B,
        0x324B, 0x324B, 0x324B, 0x324B, 0x324B, 0x324B, 0x324B, 0x324B, 0x324B, 0x324B, 0x324B, 0x324B,
        0x324B, 0x324B, 0x324B, 0x324B, 0x324B, 0x324B, 0x324B, 0x324B, 0x324B, 0x324B, 0x324B, 0x324B,
        0x324B, 0x324B, 0x324B, 0x324B, 0x324B, 0x324B, 0x324B, 0x324B, 0x324B, 0x324B, 0x324B, 0x324B,
        0x324B, 0x324B, 0x324B, 0x324B, 0x324B, 0x324B, 0x6390, 0x94F5, 0x7C73, 0x4AAC, 0x2187, 0x2187,
        0x2187, 0x2187, 0x2167, 0x2187, 0x2187, 0x2167, 0x2167, 0x2167, 0x2167, 0x2167, 0x2167, 0x2167,
        0x2167, 0x2167, 0x2167, 0x2167, 0x2167, 0x2167, 0x2167, 0x2167, 0x2167, 0x2167, 0x2167, 0x2167,
        0x2167, 0x2167, 0x2167, 0x2167, 0x2167, 0x2167, 0x2167, 0x2167, 0x2167, 0x2167, 0x2167, 0x2167,
        0x2167, 0x2167, 0x2167, 0x2167, 0x2167, 0x2167, 0x2167, 0x2167, 0x2167, 0x2167, 0x2187, 0x2187,
        0x2188, 0x2167, 0x2187, 0x3A4A, 0x7432, 0x94F5, 0x84B4, 0x4AEE, 0x324B, 0x324B, 0x324B, 0x324B,
        0x324B, 0x324B, 0x324B, 0x324B, 0x324B, 0x6390, 0x94F5, 0x8CF5, 0x6BD0, 0x29C9, 0x2188, 0x29A8,
        0x2188, 0x2167, 0x2187, 0x2187, 0x2167, 0x2187, 0x2167, 0x2167, 0x2167, 0x2167, 0x2167, 0x2167,
        0x2167, 0x2167, 0x2167, 0x2167, 0x2167, 0x2167, 0x2167, 0x2167, 0x2187, 0x2167, 0x2167, 0x2167,
        0x2167, 0x2167, 0x2167, 0x2167, 0x2167, 0x2167, 0x2167, 0x2167, 0x2167, 0x2167, 0x2167, 0x2167,
        0x2167, 0x2167, 0x2167, 0x2167, 0x2167, 0x2167, 0x2187, 0x2167, 0x2167, 0x2167, 0x2167, 0x2988,
        0x2187, 0x2188, 0x2188, 0x5B2E, 0x8CD4, 0x8CF5, 0x532F, 0x324B, 0x324B, 0x324B, 0x324B, 0x324B,
        0x324B, 0x324B, 0x324B, 0x324B, 0x324B, 0x324B, 0x324B, 0x324B, 0x324B, 0x324B, 0x324B, 0x324B,
        0x324B, 0x324B, 0x324B, 0x324B, 0x324B, 0x324B, 0x324B, 0x324B, 0x324B, 0x324B, 0x324B, 0x324B,
        0x324B, 0x324B, 0x324B, 0x324B, 0x324B, 0x324B, 0x324B, 0x324B, 0x324B, 0x324B, 0x324B, 0x324B,
        0x324B, 0x324B, 0x324B, 0x324B, 0x324B, 0x324B, 0x324B, 0x324B, 0x324B, 0x324B, 0x324B, 0x324B,
        0x324B, 0x324B, 0x324B, 0x324B, 0x324B, 0x324B, 0x324B, 0x324B, 0x324B, 0x324B, 0x324B, 0x324B,
        0x324B, 0x324B, 0x324B, 0x324B, 0x324B, 0x324B, 0x324B, 0x324B, 0x324B, 0x324B, 0x324B, 0x324B,
        0x324B, 0x324B, 0x324B, 0x324B, 0x324B, 0x324B, 0x324B, 0x324B, 0x324B, 0x324B, 0x324B, 0x324B,
        0x324B, 0x324B, 0x324B, 0x324B, 0x324B, 0x324B, 0x324B, 0x324B, 0x324B, 0x324B, 0x324B, 0x324B,
        0x324B, 0x324B, 0x324B, 0x324B, 0x324B, 0x324B, 0x324B, 0x324B, 0x324B, 0x324B, 0x324B, 0x324B,
        0x324B, 0x324B, 0x324B, 0x324B, 0x324B, 0x324B, 0x324B, 0x324B, 0x324B, 0x324B, 0x324B, 0x324B,
        0x324B, 0x324B, 0x324B, 0x324B, 0x324B, 0x324B, 0x324B, 0x324B, 0x324B, 0x324B, 0x324B, 0x324B,
        0x324B, 0x324B, 0x324B, 0x324B, 0x324B, 0x324B, 0x324B, 0x324B, 0x324B, 0x324B, 0x324B, 0x324B,
        0x324B, 0x324B, 0x324B, 0x324B, 0x324B, 0x324B, 0x324B, 0x324B, 0x324B, 0x324B, 0x324B, 0x324B,
        0x324B, 0x324B, 0x324B, 0x324B, 0x324B, 0x324B, 0x324B, 0x324B, 0x324B, 0x324B, 0x324B, 0x6390,
        0x94F5, 0x8473, 0x4ACC, 0x2167, 0x2167, 0x2187, 0x2167, 0x2167, 0x2167, 0x2167, 0x2167, 0x2167,
        0x2167, 0x2167, 0x2167, 0x2167, 0x2167, 0x2167, 0x2167, 0x2167, 0x2167, 0x2167, 0x2167, 0x2167,
        0x2167, 0x2167, 0x2167, 0x2167, 0x2167, 0x2167, 0x2167, 0x2167, 0x2167, 0x2167, 0x2167, 0x2167,
        0x2167, 0x2167, 0x2167, 0x2167, 0x2167, 0x2167, 0x2167, 0x2167, 0x2167, 0x2167, 0x2167, 0x2167,
        0x2167, 0x2167, 0x2167, 0x2187, 0x2187, 0x2187, 0x2988, 0x2187, 0x426B, 0x7C53, 0x8CF5, 0x8CD5,
        0x4ACD, 0x324B, 0x324B, 0x324B, 0x324B, 0x324B, 0x324B, 0x324B, 0x5B6F, 0x94F5, 0x8CF5, 0x6390,
        0x29C9, 0x2188, 0x29A8, 0x29A8, 0x2188, 0x2188, 0x2187, 0x2167, 0x2187, 0x2187, 0x2167, 0x2167,
        0x2167, 0x2167, 0x2167, 0x2167, 0x2167, 0x2167, 0x2167, 0x2167, 0x2167, 0x2167, 0x2167, 0x2167,
        0x2167, 0x2167, 0x2167, 0x2167, 0x2167, 0x2167, 0x2167, 0x2167, 0x2167, 0x2167, 0x2167, 0x2167,
        0x2167, 0x2167, 0x2167, 0x2167, 0x2167, 0x2167, 0x2167, 0x2167, 0x2167, 0x2187, 0x2187, 0x2187,
        0x2187, 0x2167, 0x2187, 0x2167, 0x2187, 0x2988, 0x530D, 0x8CD4, 0x94F5, 0x530E, 0x324B, 0x324B,
        0x324B, 0x324B, 0x324B, 0x324B, 0x324B, 0x324B, 0x324B, 0x324B, 0x324B, 0x324B, 0x324B, 0x324B,
        0x324B, 0x324B, 0x324B, 0x324B, 0x324B, 0x324B, 0x324B, 0x324B, 0x324B, 0x324B, 0x324B, 0x324B,
        0x324B, 0x324B, 0x324B, 0x324B, 0x324B, 0x324B, 0x324B, 0x324B, 0x324B, 0x324B, 0x324B, 0x324B,
        0x324B, 0x324B, 0x324B, 0x324B, 0x324B, 0x324B, 0x324B, 0x324B, 0x324B, 0x324B, 0x324B, 0x324B,
        0x324B, 0x324B, 0x324B, 0x324B, 0x324B, 0x324B, 0x324B, 0x324B, 0x324B, 0x324B, 0x324B, 0x324B,
        0x324B, 0x324B, 0x324B, 0x324B, 0x324B, 0x324B, 0x324B, 0x324B, 0x324B, 0x324B, 0x324B, 0x324B,
        0x324B, 0x324B, 0x324B, 0x324B, 0x324B, 0x324B, 0x324B, 0x324B, 0x324B, 0x324B, 0x324B, 0x324B,
        0x324B, 0x324B, 0x324B, 0x324B, 0x324B, 0x324B, 0x324B, 0x324B, 0x324B, 0x324B, 0x324B, 0x324B,
        0x324B, 0x324B, 0x324B, 0x324B, 0x324B, 0x324B, 0x324B, 0x324B, 0x324B, 0x324B, 0x324B, 0x324B,
        0x324B, 0x324B, 0x324B, 0x324B, 0x324B, 0x324B, 0x324B, 0x324B, 0x324B, 0x324B, 0x324B, 0x324B,
        0x324B, 0x324B, 0x324B, 0x324B, 0x324B, 0x324B, 0x324B, 0x324B, 0x324B, 0x324B, 0x324B, 0x324B,
        0x324B, 0x324B, 0x324B, 0x324B, 0x324B, 0x324B, 0x324B, 0x324B, 0x324B, 0x324B, 0x324B, 0x324B,
        0x324B, 0x324B, 0x324B, 0x324B, 0x324B, 0x324B, 0x324B, 0x324B, 0x324B, 0x324B, 0x324B, 0x324B,
        0x324B, 0x324B, 0x324B, 0x324B, 0x324B, 0x324B, 0x324B, 0x324B, 0x324B, 0x324B, 0x324B, 0x324B,
        0x324B, 0x324B, 0x3A4B, 0x324B, 0x6390, 0x94F5, 0x8494, 0x4AAC, 0x2167, 0x2167, 0x2167, 0x2167,
        0x2167, 0x2167, 0x2167, 0x2167, 0x2167, 0x2167, 0x2167, 0x2167, 0x2167, 0x2167, 0x2167, 0x2167,
        0x2167, 0x2167, 0x2167, 0x2167, 0x2167, 0x2167, 0x2167, 0x2167, 0x2167, 0x2167, 0x2167, 0x2167,
        0x2167, 0x2167, 0x2167, 0x2167, 0x2167, 0x2167, 0x2167, 0x2167, 0x2167, 0x2167, 0x2167, 0x2167,
        0x2167, 0x2167, 0x2167, 0x2167, 0x2167, 0x2167, 0x2167, 0x2167, 0x2167, 0x2188, 0x2188, 0x29A8,
        0x2167, 0x3A4B, 0x7C32, 0x8CF5, 0x84B4, 0x4AED, 0x324B, 0x324B, 0x324B, 0x324B, 0x324B, 0x324B,
        0x84B4, 0x8CF5, 0x636F, 0x2988, 0x2188, 0x29A8, 0x2188, 0x2187, 0x2188, 0x2988, 0x2167, 0x2167,
        0x2187, 0x2167, 0x2167, 0x2167, 0x2167, 0x2167, 0x2167, 0x2167, 0x2167, 0x2167, 0x2167, 0x2167,
        0x2167, 0x2167, 0x2167, 0x2167, 0x2167, 0x2167, 0x2167, 0x2167, 0x2167, 0x2167, 0x2167, 0x2167,
        0x2167, 0x2167, 0x2167, 0x2167, 0x2167, 0x2167, 0x2167, 0x2167, 0x2167, 0x2167, 0x2167, 0x2167,
        0x2167, 0x2167, 0x2167, 0x2167, 0x2187, 0x2167, 0x2187, 0x2187, 0x2167, 0x52ED, 0x8CD5, 0x94F5,
        0x532F, 0x324B, 0x3A4B, 0x324B, 0x324B, 0x324B, 0x324B, 0x324B, 0x324B, 0x324B, 0x324B, 0x324B,
        0x324B, 0x324B, 0x324B, 0x324B, 0x324B, 0x324B, 0x324B, 0x324B, 0x324B, 0x324B, 0x324B, 0x324B,
        0x324B, 0x324B, 0x324B, 0x324B, 0x324B, 0x324B, 0x324B, 0x324B, 0x324B, 0x324B, 0x324B, 0x324B,
        0x324B, 0x324B, 0x324B, 0x324B, 0x324B, 0x324B, 0x324B, 0x324B, 0x324B, 0x324B, 0x324B, 0x324B,
        0x324B, 0x324B, 0x324B, 0x324B, 0x324B, 0x324B, 0x324B, 0x324B, 0x324B, 0x324B, 0x324B, 0x324B,
        0x324B, 0x324B, 0x324B, 0x324B, 0x324B, 0x324B, 0x324B, 0x324B, 0x324B, 0x324B, 0x324B, 0x324B,
        0x324B, 0x324B, 0x324B, 0x324B, 0x324B, 0x324B, 0x324B, 0x324B, 0x324B, 0x324B, 0x324B, 0x324B,
        0x324B, 0x324B, 0x324B, 0x324B, 0x324B, 0x324B, 0x324B, 0x324B, 0x324B, 0x324B, 0x324B, 0x324B,
        0x324B, 0x324B, 0x324B, 0x324B, 0x324B, 0x324B, 0x324B, 0x324B, 0x324B, 0x324B, 0x324B, 0x324B,
        0x324B, 0x324B, 0x324B, 0x324B, 0x324B, 0x324B, 0x324B, 0x324B, 0x324B, 0x324B, 0x324B, 0x324B,
        0x324B, 0x324B, 0x324B, 0x324B, 0x324B, 0x324B, 0x324B, 0x324B, 0x324B, 0x324B, 0x324B, 0x324B,
        0x324B, 0x324B, 0x324B, 0x324B, 0x324B, 0x324B, 0x324B, 0x324B, 0x324B, 0x324B, 0x324B, 0x324B,
        0x324B, 0x324B, 0x324B, 0x324B, 0x324B, 0x324B, 0x324B, 0x324B, 0x324B, 0x324B, 0x324B, 0x324B,
        0x324B, 0x324B, 0x324B, 0x324B, 0x324B, 0x324B, 0x324B, 0x324B, 0x324B, 0x324B, 0x324B, 0x324B,
        0x324B, 0x324B, 0x324B, 0x324B, 0x324B, 0x324B, 0x324B, 0x324B, 0x42AD, 0x8494, 0x8CF5, 0x8493,
        0x4AAC, 0x2167, 0x2187, 0x2187, 0x2167, 0x2167, 0x2167, 0x2167, 0x2167, 0x2167, 0x2167, 0x2167,
        0x2167, 0x2167, 0x2167, 0x2167, 0x2167, 0x2167, 0x2167, 0x2167, 0x2167, 0x2167, 0x2167, 0x2167,
        0x2167, 0x2167, 0x2167, 0x2167, 0x2167, 0x2167, 0x2167, 0x2167, 0x2167, 0x2167, 0x2167, 0x2167,
        0x2167, 0x2167, 0x2167, 0x2167, 0x2167, 0x2167, 0x2167, 0x2167, 0x2167, 0x2167, 0x2167, 0x2167,
        0x2167, 0x2167, 0x2167, 0x2187, 0x2188, 0x2167, 0x3A4A, 0x7412, 0x94F5, 0x6BD1, 0x3A6C, 0x3A6C,
        0x3A4B, 0x324B, 0x532E, 0x84B4, 0x8CD5, 0x6BD1, 0x29C8, 0x2188, 0x29A8, 0x2188, 0x2167, 0x2188,
        0x2188, 0x2187, 0x2187, 0x2167, 0x2187, 0x2167, 0x2167, 0x2167, 0x2167, 0x2167, 0x2167, 0x2167,
        0x2167, 0x2167, 0x2167, 0x2167, 0x2167, 0x2167, 0x2167, 0x2167, 0x2167, 0x2167, 0x2167, 0x2167,
        0x2167, 0x2167, 0x2167, 0x2167, 0x2167, 0x2167, 0x2167, 0x2167, 0x2167, 0x2167, 0x2167, 0x2167,
        0x2167, 0x2167, 0x2167, 0x2167, 0x2167, 0x2167, 0x2167, 0x2167, 0x2187, 0x2187, 0x2187, 0x2167,
        0x4ACD, 0x84B4, 0x8CD5, 0x532F, 0x324B, 0x3A4B, 0x324B, 0x324B, 0x324B, 0x324B, 0x324B, 0x324B,
        0x324B, 0x324B, 0x324B, 0x324B, 0x324B, 0x324B, 0x324B, 0x324B, 0x324B, 0x324B, 0x324B, 0x324B,
        0x324B, 0x324B, 0x324B, 0x324B, 0x324B, 0x324B, 0x324B, 0x324B, 0x324B, 0x324B, 0x324B, 0x324B,
        0x324B, 0x324B, 0x324B, 0x324B, 0x324B, 0x324B, 0x324B, 0x324B, 0x324B, 0x324B, 0x324B, 0x324B,
        0x324B, 0x324B, 0x324B, 0x324B, 0x324B, 0x324B, 0x324B, 0x324B, 0x324B, 0x324B, 0x324B, 0x324B,
        0x324B, 0x324B, 0x324B, 0x324B, 0x324B, 0x324B, 0x324B, 0x324B, 0x324B, 0x324B, 0x324B, 0x324B,
        0x324B, 0x324B, 0x324B, 0x324B, 0x324B, 0x324B, 0x324B, 0x324B, 0x324B, 0x324B, 0x324B, 0x324B,
        0x324B, 0x324B, 0x324B, 0x324B, 0x324B, 0x324B, 0x324B, 0x324B, 0x324B, 0x324B, 0x324B, 0x324B,
        0x324B, 0x324B, 0x324B, 0x324B, 0x324B, 0x324B, 0x324B, 0x324B, 0x324B, 0x324B, 0x324B, 0x324B,
        0x324B, 0x324B, 0x324B, 0x324B, 0x324B, 0x324B, 0x324B, 0x324B, 0x324B, 0x324B, 0x324B, 0x324B,
        0x324B, 0x324B, 0x324B, 0x324B, 0x324B, 0x324B, 0x324B, 0x324B, 0x324B, 0x324B, 0x324B, 0x324B,
        0x324B, 0x324B, 0x324B, 0x324B, 0x324B, 0x324B, 0x324B, 0x324B, 0x324B, 0x324B, 0x324B, 0x324B,
        0x324B, 0x324B, 0x324B, 0x324B, 0x324B, 0x324B, 0x324B, 0x324B, 0x324B, 0x324B, 0x324B, 0x324B,
        0x324B, 0x324B, 0x324B, 0x324B, 0x324B, 0x324B, 0x324B, 0x324B, 0x324B, 0x324B, 0x324B, 0x324B,
        0x324B, 0x324B, 0x324B, 0x324B, 0x324B, 0x324B, 0x324B, 0x324B, 0x324B, 0x324B, 0x324B, 0x324B,
        0x324B, 0x4ACD, 0x8493, 0x8CF5, 0x8473, 0x4AAC, 0x2167, 0x2167, 0x2167, 0x2167, 0x2167, 0x2167,
        0x2167, 0x2167, 0x2167, 0x2167, 0x2167, 0x2167, 0x2167, 0x2167, 0x2167, 0x2167, 0x2167, 0x2167,
        0x2167, 0x2167, 0x2167, 0x2167, 0x2167, 0x2167, 0x2167, 0x2167, 0x2167, 0x2167, 0x2167, 0x2167,
        0x2167, 0x2167, 0x2167, 0x2167, 0x2167, 0x2167, 0x2167, 0x2167, 0x2167, 0x2167, 0x2167, 0x2167,
        0x2167, 0x2167, 0x2167, 0x2167, 0x2167, 0x2167, 0x2187, 0x2188, 0x2188, 0x2188, 0x2188, 0x3A2A,
        0x7C52, 0x94F5, 0x8493, 0x3A4B, 0x324B, 0x3A4B, 0x7412, 0x94F5, 0x7411, 0x320A, 0x2188, 0x2188,
        0x2167, 0x2188, 0x2187, 0x2188, 0x2187, 0x2187, 0x2187, 0x2167, 0x2167, 0x2167, 0x2167, 0x2167,
        0x2167, 0x2167, 0x2167, 0x2167, 0x2167, 0x2167, 0x2167, 0x2167, 0x2167, 0x2167, 0x2167, 0x2167,
        0x2167, 0x2167, 0x2167, 0x2167, 0x2167, 0x2167, 0x2167, 0x2167, 0x2167, 0x2167, 0x2167, 0x2167,
        0x2167, 0x2167, 0x2167, 0x2167, 0x2167, 0x2167, 0x2167, 0x2167, 0x2167, 0x2167, 0x2167, 0x2167,
        0x2187, 0x29A8, 0x2167, 0x4ACD, 0x84B4, 0x94F5, 0x6390, 0x324B, 0x3A4B, 0x324B, 0x324B, 0x324B,
        0x324B, 0x324B, 0x324B, 0x324B, 0x324B, 0x324B, 0x324B, 0x324B, 0x324B, 0x324B, 0x324B, 0x324B,
        0x324B, 0x324B, 0x324B, 0x324B, 0x324B, 0x324B, 0x324B, 0x324B, 0x324B, 0x324B, 0x324B, 0x324B,
        0x324B, 0x324B, 0x324B, 0x324B, 0x324B, 0x324B, 0x324B, 0x324B, 0x324B, 0x324B, 0x324B, 0x324B,
        0x324B, 0x324B, 0x324B, 0x324B, 0x324B, 0x324B, 0x324B, 0x324B, 0x324B, 0x324B, 0x324B, 0x324B,
        0x324B, 0x324B, 0x324B, 0x324B, 0x324B, 0x324B, 0x324B, 0x324B, 0x324B, 0x324B, 0x324B, 0x324B,
        0x324B, 0x324B, 0x324B, 0x324B, 0x324B, 0x324B, 0x324B, 0x324B, 0x324B, 0x324B, 0x324B, 0x324B,
        0x324B, 0x324B, 0x324B, 0x324B, 0x324B, 0x324B, 0x324B, 0x324B, 0x324B, 0x324B, 0x324B, 0x324B,
        0x324B, 0x324B, 0x324B, 0x324B, 0x324B, 0x324B, 0x324B, 0x324B, 0x324B, 0x324B, 0x324B, 0x324B,
        0x324B, 0x324B, 0x324B, 0x324B, 0x324B, 0x324B, 0x324B, 0x324B, 0x324B, 0x324B, 0x324B, 0x324B,
        0x324B, 0x324B, 0x324B, 0x324B, 0x324B, 0x324B, 0x324B, 0x324B, 0x324B, 0x324B, 0x324B, 0x324B,
        0x324B, 0x324B, 0x324B, 0x324B, 0x324B, 0x324B, 0x324B, 0x324B, 0x324B, 0x324B, 0x324B, 0x324B,
        0x324B, 0x324B, 0x324B, 0x324B, 0x324B, 0x324B, 0x324B, 0x324B, 0x324B, 0x324B, 0x324B, 0x324B,
        0x324B, 0x324B, 0x324B, 0x324B, 0x324B, 0x324B, 0x324B, 0x324B, 0x324B, 0x324B, 0x324B, 0x324B,
        0x324B, 0x324B, 0x324B, 0x324B, 0x324B, 0x324B, 0x324B, 0x324B, 0x324B, 0x324B, 0x324B, 0x324B,
        0x324B, 0x324B, 0x324B, 0x324B, 0x324B, 0x324B, 0x4ACD, 0x8494, 0x94F5, 0x7C73, 0x428B, 0x2187,
        0x2187, 0x2188, 0x2167, 0x2167, 0x2167, 0x2167, 0x2167, 0x2167, 0x2167, 0x2167, 0x2167, 0x2167,
        0x2167, 0x2167, 0x2167, 0x2167, 0x2167, 0x2167, 0x2167, 0x2167, 0x2167, 0x2167, 0x2167, 0x2167,
        0x2167, 0x2167, 0x2167, 0x2167, 0x2167, 0x2167, 0x2167, 0x2167, 0x2167, 0x2167, 0x2167, 0x2167,
        0x2167, 0x2167, 0x2167, 0x2167, 0x2167, 0x2167, 0x2167, 0x2167, 0x2167, 0x2167, 0x2167, 0x2187,
        0x2187, 0x2187, 0x2188, 0x2167, 0x3A4B, 0x7C73, 0x94F5, 0x63B0, 0x532E, 0x6BF1, 0x94F5, 0x7412,
        0x3A2A, 0x2188, 0x2188, 0x2187, 0x2187, 0x2167, 0x2187, 0x2187, 0x2167, 0x2167, 0x2167, 0x2167,
        0x2167, 0x2167, 0x2167, 0x2167, 0x2167, 0x2167, 0x2167, 0x2167, 0x2167, 0x2167, 0x2167, 0x2167,
        0x2167, 0x2167, 0x2167, 0x2167, 0x2167, 0x2167, 0x2167, 0x2167, 0x2167, 0x2167, 0x2167, 0x2167,
        0x2167, 0x2167, 0x2167, 0x2167, 0x2167, 0x2167, 0x2167, 0x2167, 0x2167, 0x2167, 0x2167, 0x2167,
        0x2167, 0x2167, 0x2167, 0x2187, 0x2188, 0x2147, 0x428C, 0x8494, 0x8CF5, 0x7C73, 0x42AC, 0x324B,
        0x324B, 0x324B, 0x324B, 0x324B, 0x324B, 0x324B, 0x324B, 0x324B, 0x324B, 0x324B, 0x324B, 0x324B,
        0x324B, 0x324B, 0x324B, 0x324B, 0x324B, 0x324B, 0x324B, 0x324B, 0x324B, 0x324B, 0x324B, 0x324B,
        0x324B, 0x324B, 0x324B, 0x324B, 0x324B, 0x324B, 0x324B, 0x324B, 0x324B, 0x324B, 0x324B, 0x324B,
        0x324B, 0x324B, 0x324B, 0x324B, 0x324B, 0x324B, 0x324B, 0x324B, 0x324B, 0x324B, 0x324B, 0x324B,
        0x324B, 0x324B, 0x324B, 0x324B, 0x324B, 0x324B, 0x324B, 0x324B, 0x324B, 0x324B, 0x324B, 0x324B,
        0x324B, 0x324B, 0x324B, 0x324B, 0x324B, 0x324B, 0x324B, 0x324B, 0x324B, 0x324B, 0x324B, 0x324B,
        0x324B, 0x324B, 0x324B, 0x324B, 0x324B, 0x324B, 0x324B, 0x324B, 0x324B, 0x324B, 0x324B, 0x324B,
        0x324B, 0x324B, 0x324B, 0x324B, 0x324B, 0x324B, 0x324B, 0x324B, 0x324B, 0x324B, 0x324B, 0x324B,
        0x324B, 0x324B, 0x324B, 0x324B, 0x324B, 0x324B, 0x324B, 0x324B, 0x324B, 0x324B, 0x324B, 0x324B,
        0x324B, 0x324B, 0x324B, 0x324B, 0x324B, 0x324B, 0x324B, 0x324B, 0x324B, 0x324B, 0x324B, 0x324B,
        0x324B, 0x324B, 0x324B, 0x324B, 0x324B, 0x324B, 0x324B, 0x324B, 0x324B, 0x324B, 0x324B, 0x324B,
        0x324B, 0x324B, 0x324B, 0x324B, 0x324B, 0x324B, 0x324B, 0x324B, 0x324B, 0x324B, 0x324B, 0x324B,
        0x324B, 0x324B, 0x324B, 0x324B, 0x324B, 0x324B, 0x324B, 0x324B, 0x324B, 0x324B, 0x324B, 0x324B,
        0x324B, 0x324B, 0x324B, 0x324B, 0x324B, 0x324B, 0x324B, 0x324B, 0x324B, 0x324B, 0x324B, 0x324B,
        0x324B, 0x324B, 0x324B, 0x324B, 0x324B, 0x324B, 0x324B, 0x324B, 0x324B, 0x324B, 0x324B, 0x42AD,
        0x6390, 0x94F5, 0x7C73, 0x4AAC, 0x2167, 0x2167, 0x2167, 0x2167, 0x2187, 0x2187, 0x2167, 0x2187,
        0x2167, 0x2167, 0x2167, 0x2167, 0x2167, 0x2167, 0x2167, 0x2167, 0x2167, 0x2167, 0x2167, 0x2167,
        0x2167, 0x2167, 0x2167, 0x2167, 0x2167, 0x2167, 0x2167, 0x2167, 0x2167, 0x2167, 0x2167, 0x2167,
        0x2167, 0x2167, 0x2167, 0x2167, 0x2167, 0x2167, 0x2167, 0x2167, 0x2167, 0x2167, 0x2167, 0x2167,
        0x2167, 0x2167, 0x2167, 0x2187, 0x2167, 0x2187, 0x2188, 0x2187, 0x2167, 0x428C, 0x7C52, 0x94F5,
        0x94F5, 0x94F5, 0x7411, 0x3A2A, 0x2187, 0x2988, 0x29A8, 0x2187, 0x2187, 0x2187, 0x2187, 0x2167,
        0x2167, 0x2167, 0x2167, 0x2167, 0x2167, 0x2167, 0x2167, 0x2167, 0x2167, 0x2167, 0x2167, 0x2167,
        0x2167, 0x2167, 0x2167, 0x2167, 0x2167, 0x2167, 0x2167, 0x2167, 0x2167, 0x2167, 0x2167, 0x2167,
        0x2167, 0x2167, 0x2167, 0x2167, 0x2167, 0x2167, 0x2167, 0x2167, 0x2167, 0x2167, 0x2167, 0x2167,
        0x2167, 0x2187, 0x2187, 0x2167, 0x2187, 0x2167, 0x2188, 0x2187, 0x2147, 0x4AAC, 0x8473, 0x94F5,
        0x7C73, 0x42AC, 0x324B, 0x324B, 0x324B, 0x324B, 0x324B, 0x324B, 0x324B, 0x324B, 0x324B, 0x324B,
        0x324B, 0x324B, 0x324B, 0x324B, 0x324B, 0x324B, 0x324B, 0x324B, 0x324B, 0x324B, 0x324B, 0x324B,
        0x324B, 0x324B, 0x324B, 0x324B, 0x324B, 0x324B, 0x324B, 0x324B, 0x324B, 0x324B, 0x324B, 0x324B,
        0x324B, 0x324B, 0x324B, 0x324B, 0x324B, 0x324B, 0x324B, 0x324B, 0x324B, 0x324B, 0x324B, 0x324B,
        0x324B, 0x324B, 0x324B, 0x324B, 0x324B, 0x324B, 0x324B, 0x324B, 0x324B, 0x324B, 0x324B, 0x324B,
        0x324B, 0x324B, 0x324B, 0x324B, 0x324B, 0x324B, 0x324B, 0x324B, 0x324B, 0x324B, 0x324B, 0x324B,
        0x324B, 0x324B, 0x324B, 0x324B, 0x324B, 0x324B, 0x324B, 0x324B, 0x324B, 0x324B, 0x324B, 0x324B,
        0x324B, 0x324B, 0x324B, 0x324B, 0x324B, 0x324B, 0x324B, 0x324B, 0x324B, 0x324B, 0x324B, 0x324B,
        0x324B, 0x324B, 0x324B, 0x324B, 0x324B, 0x324B, 0x324B, 0x324B, 0x324B, 0x324B, 0x324B, 0x324B,
        0x324B, 0x324B, 0x324B, 0x324B, 0x324B, 0x324B, 0x324B, 0x324B, 0x324B, 0x324B, 0x324B, 0x324B,
        0x324B, 0x324B, 0x324B, 0x324B, 0x324B, 0x324B, 0x324B, 0x324B, 0x324B, 0x324B, 0x324B, 0x324B,
        0x324B, 0x324B, 0x324B, 0x324B, 0x324B, 0x324B, 0x324B, 0x324B, 0x324B, 0x324B, 0x324B, 0x324B,
        0x324B, 0x324B, 0x324B, 0x324B, 0x324B, 0x324B, 0x324B, 0x324B, 0x324B, 0x324B, 0x324B, 0x324B,
        0x324B, 0x324B, 0x324B, 0x324B, 0x324B, 0x324B, 0x324B, 0x324B, 0x324B, 0x324B, 0x324B, 0x324B,
        0x324B, 0x324B, 0x324B, 0x324B, 0x324B, 0x324B, 0x324B, 0x324B, 0x324B, 0x324B, 0x324B, 0x324B,
        0x324B, 0x324B, 0x324B, 0x324B, 0x3A6C, 0x8493, 0x8CF5, 0x8473, 0x426B, 0x2187, 0x2167, 0x2167,
        0x2187, 0x2187, 0x2167, 0x2167, 0x2167, 0x2167, 0x2167, 0x2167, 0x2167, 0x2167, 0x2167, 0x2167,
        0x2167, 0x2167, 0x2167, 0x2167, 0x2167, 0x2167, 0x2167, 0x2167, 0x2167, 0x2167, 0x2167, 0x2167,
        0x2167, 0x2167, 0x2167, 0x2167, 0x2167, 0x2167, 0x2167, 0x2167, 0x2167, 0x2167, 0x2167, 0x2167,
        0x2167, 0x2167, 0x2167, 0x2167, 0x2167, 0x2167, 0x2167, 0x2187, 0x2187, 0x2167, 0x2187, 0x2187,
        0x2187, 0x2167, 0x3A4A, 0x7432, 0x8CF5, 0x6BF1, 0x31E9, 0x2988, 0x29A8, 0x2188, 0x2188, 0x2187,
        0x2187, 0x2187, 0x2187, 0x2187, 0x2167, 0x2167, 0x2167, 0x2167, 0x2167, 0x2167, 0x2167, 0x2167,
        0x2167, 0x2167, 0x2167, 0x2167, 0x2167, 0x2167, 0x2167, 0x2167, 0x2167, 0x2167, 0x2167, 0x2167,
        0x2167, 0x2167, 0x2167, 0x2167, 0x2167, 0x2167, 0x2167, 0x2188, 0x2187, 0x2167, 0x2167, 0x2167,
        0x2167, 0x2167, 0x2167, 0x2167, 0x2167, 0x2167, 0x2167, 0x2187, 0x2167, 0x2188, 0x2188, 0x2167,
        0x428C, 0x84B4, 0x94F5, 0x7C73, 0x428C, 0x324B, 0x324B, 0x324B, 0x324B, 0x324B, 0x324B, 0x324B,
        0x324B, 0x324B, 0x324B, 0x324B, 0x324B, 0x324B, 0x324B, 0x324B, 0x324B, 0x324B, 0x324B, 0x324B,
        0x324B, 0x324B, 0x324B, 0x324B, 0x324B, 0x324B, 0x324B, 0x324B, 0x324B, 0x324B, 0x324B, 0x324B,
        0x324B, 0x324B, 0x324B, 0x324B, 0x324B, 0x324B, 0x324B, 0x324B, 0x324B, 0x324B, 0x324B, 0x324B,
        0x324B, 0x324B, 0x324B, 0x324B, 0x324B, 0x324B, 0x324B, 0x324B, 0x324B, 0x324B, 0x324B, 0x324B,
        0x324B, 0x324B, 0x324B, 0x324B, 0x324B, 0x324B, 0x324B, 0x324B, 0x324B, 0x324B, 0x324B, 0x324B,
        0x324B, 0x324B, 0x324B, 0x324B, 0x324B, 0x324B, 0x324B, 0x324B, 0x324B, 0x324B, 0x324B, 0x324B,
        0x324B, 0x324B, 0x324B, 0x324B, 0x324B, 0x324B, 0x324B, 0x324B, 0x324B, 0x324B, 0x324B, 0x324B,
        0x324B, 0x324B, 0x324B, 0x324B, 0x324B, 0x324B, 0x324B, 0x324B, 0x324B, 0x324B, 0x324B, 0x324B,
        0x324B, 0x324B, 0x324B, 0x324B, 0x324B, 0x324B, 0x324B, 0x324B, 0x324B, 0x324B, 0x324B, 0x324B,
        0x324B, 0x324B, 0x324B, 0x324B, 0x324B, 0x324B, 0x324B, 0x324B, 0x324B, 0x324B, 0x324B, 0x324B,
        0x324B, 0x324B, 0x324B, 0x324B, 0x324B, 0x324B, 0x324B, 0x324B, 0x324B, 0x324B, 0x324B, 0x324B,
        0x324B, 0x324B, 0x324B, 0x324B, 0x324B, 0x324B, 0x324B, 0x324B, 0x324B, 0x324B, 0x324B, 0x324B,
        0x324B, 0x324B, 0x324B, 0x324B, 0x324B, 0x324B, 0x324B, 0x324B, 0x324B, 0x324B, 0x324B, 0x324B,
        0x324B, 0x324B, 0x324B, 0x324B, 0x324B, 0x324B, 0x324B, 0x324B, 0x324B, 0x324B, 0x324B, 0x324B,
        0x324B, 0x324B, 0x324B, 0x324B, 0x324B, 0x324B, 0x324B, 0x324B, 0x324B, 0x4ACD, 0x8473, 0x8CF5,
        0x7C52, 0x3A4B, 0x2167, 0x2988, 0x2187, 0x2167, 0x2167, 0x2167, 0x2167, 0x2167, 0x2167, 0x2187,
        0x2167, 0x2167, 0x2167, 0x2167, 0x2167, 0x2167, 0x2167, 0x2167, 0x2167, 0x2167, 0x2167, 0x2167,
        0x2167, 0x2167, 0x2167, 0x2167, 0x2167, 0x2167, 0x2167, 0x2167, 0x2167, 0x2167, 0x2167, 0x2167,
        0x2167, 0x2167, 0x2167, 0x2167, 0x2167, 0x2167, 0x2167, 0x2167, 0x2167, 0x2167, 0x2167, 0x2167,
        0x2187, 0x2167, 0x2167, 0x2187, 0x2188, 0x2988, 0x2167, 0x428C, 0x63B0, 0x3A2A, 0x2167, 0x2188,
        0x2187, 0x2188, 0x2187, 0x2167, 0x2167, 0x2187, 0x2187, 0x2187, 0x2167, 0x2167, 0x2167, 0x2167,
        0x2167, 0x2167, 0x2167, 0x2167, 0x2167, 0x2167, 0x2167, 0x2167, 0x2167, 0x2167, 0x2167, 0x2167,
        0x2167, 0x2167, 0x2167, 0x2167, 0x2167, 0x2167, 0x2167, 0x2167, 0x2167, 0x2167, 0x2167, 0x2187,
        0x2167, 0x2167, 0x2167, 0x2167, 0x2167, 0x2167, 0x2167, 0x2167, 0x2187, 0x2167, 0x2167, 0x2187,
        0x2167, 0x2988, 0x2167, 0x426B, 0x8493, 0x94F5, 0x8494, 0x428C, 0x324B, 0x324B, 0x324B, 0x324B,
        0x324B, 0x324B, 0x324B, 0x324B, 0x324B, 0x324B, 0x324B, 0x324B, 0x324B, 0x324B, 0x324B, 0x324B,
        0x324B, 0x324B, 0x324B, 0x324B, 0x324B, 0x324B, 0x324B, 0x324B, 0x324B, 0x324B, 0x324B, 0x324B,
        0x324B, 0x324B, 0x324B, 0x324B, 0x324B, 0x324B, 0x324B, 0x324B, 0x324B, 0x324B, 0x324B, 0x324B,
        0x324B, 0x324B, 0x324B, 0x324B, 0x324B, 0x324B, 0x324B, 0x324B, 0x324B, 0x324B, 0x324B, 0x324B,
        0x324B, 0x324B, 0x324B, 0x324B, 0x324B, 0x324B, 0x324B, 0x324B, 0x324B, 0x324B, 0x324B, 0x324B,
        0x324B, 0x324B, 0x324B, 0x324B, 0x324B, 0x324B, 0x324B, 0x324B, 0x324B, 0x324B, 0x324B, 0x324B,
        0x324B, 0x324B, 0x324B, 0x324B, 0x324B, 0x324B, 0x324B, 0x324B, 0x324B, 0x324B, 0x324B, 0x324B,
        0x324B, 0x324B, 0x324B, 0x324B, 0x324B, 0x324B, 0x324B, 0x324B, 0x324B, 0x324B, 0x324B, 0x324B,
        0x324B, 0x324B, 0x324B, 0x324B, 0x324B, 0x324B, 0x324B, 0x324B, 0x324B, 0x324B, 0x324B, 0x324B,
        0x324B, 0x324B, 0x324B, 0x324B, 0x324B, 0x324B, 0x324B, 0x324B, 0x324B, 0x324B, 0x324B, 0x324B,
        0x324B, 0x324B, 0x324B, 0x324B, 0x324B, 0x324B, 0x324B, 0x324B, 0x324B, 0x324B, 0x324B, 0x324B,
        0x324B, 0x324B, 0x324B, 0x324B, 0x324B, 0x324B, 0x324B, 0x324B, 0x324B, 0x324B, 0x324B, 0x324B,
        0x324B, 0x324B, 0x324B, 0x324B, 0x324B, 0x324B, 0x324B, 0x324B, 0x324B, 0x324B, 0x324B, 0x324B,
        0x324B, 0x324B, 0x324B, 0x324B, 0x324B, 0x324B, 0x324B, 0x324B, 0x324B, 0x324B, 0x324B, 0x324B,
        0x324B, 0x324B, 0x324B, 0x324B, 0x324B, 0x324B, 0x324B, 0x324B, 0x324B, 0x324B, 0x324B, 0x324B,
        0x324B, 0x324B, 0x4ACD, 0x84B4, 0x8CF5, 0x7432, 0x3A2A, 0x2187, 0x29A8, 0x2188, 0x2167, 0x2167,
        0x2167, 0x2167, 0x2167, 0x2167, 0x2167, 0x2167, 0x2167, 0x2167, 0x2167, 0x2167, 0x2167, 0x2167,
        0x2167, 0x2167, 0x2167, 0x2167, 0x2167, 0x2167, 0x2167, 0x2167, 0x2167, 0x2167, 0x2167, 0x2167,
        0x2167, 0x2167, 0x2167, 0x2167, 0x2167, 0x2167, 0x2167, 0x2167, 0x2167, 0x2167, 0x2167, 0x2167,
        0x2167, 0x2167, 0x2187, 0x2188, 0x2167, 0x2187, 0x2187, 0x2988, 0x2988, 0x29A8, 0x2988, 0x29A8,
        0x29A8, 0x2188, 0x29A8, 0x2188, 0x2187, 0x2167, 0x2188, 0x2167, 0x2167, 0x2187, 0x2167, 0x2188,
        0x2187, 0x2167, 0x2167, 0x2167, 0x2167, 0x2167, 0x2167, 0x2167, 0x2167, 0x2167, 0x2167, 0x2167,
        0x2167, 0x2167, 0x2167, 0x2167, 0x2167, 0x2167, 0x2167, 0x2167, 0x2167, 0x2167, 0x2167, 0x2167,
        0x2187, 0x2187, 0x2167, 0x2167, 0x2167, 0x2167, 0x2167, 0x2167, 0x2167, 0x2167, 0x2167, 0x2167,
        0x2167, 0x2167, 0x2167, 0x2187, 0x2188, 0x2167, 0x426B, 0x7C73, 0x8CF5, 0x8493, 0x42AD, 0x324B,
        0x324B, 0x324B, 0x324B, 0x324B, 0x324B, 0x324B, 0x324B, 0x324B, 0x324B, 0x324B, 0x324B, 0x324B,
        0x324B, 0x324B, 0x324B, 0x324B, 0x324B, 0x324B, 0x324B, 0x324B, 0x324B, 0x324B, 0x324B, 0x324B,
        0x324B, 0x324B, 0x324B, 0x324B, 0x324B, 0x324B, 0x324B, 0x324B, 0x324B, 0x324B, 0x324B, 0x324B,
        0x324B, 0x324B, 0x324B, 0x324B, 0x324B, 0x324B, 0x324B, 0x324B, 0x324B, 0x324B, 0x324B, 0x324B,
        0x324B, 0x324B, 0x324B, 0x324B, 0x324B, 0x324B, 0x324B, 0x324B, 0x324B, 0x324B, 0x324B, 0x324B,
        0x324B, 0x324B, 0x324B, 0x324B, 0x324B, 0x324B, 0x324B, 0x324B, 0x324B, 0x324B, 0x324B, 0x324B,
        0x324B, 0x324B, 0x324B, 0x324B, 0x324B, 0x324B, 0x324B, 0x324B, 0x324B, 0x324B, 0x324B, 0x324B,
        0x324B, 0x324B, 0x324B, 0x324B, 0x324B, 0x324B, 0x324B, 0x324B, 0x324B, 0x324B, 0x324B, 0x324B,
        0x324B, 0x324B, 0x324B, 0x324B, 0x324B, 0x324B, 0x324B, 0x324B, 0x324B, 0x324B, 0x324B, 0x324B,
        0x324B, 0x324B, 0x324B, 0x324B, 0x324B, 0x324B, 0x324B, 0x324B, 0x324B, 0x324B, 0x324B, 0x324B,
        0x324B, 0x324B, 0x324B, 0x324B, 0x324B, 0x324B, 0x324B, 0x324B, 0x324B, 0x324B, 0x324B, 0x324B,
        0x324B, 0x324B, 0x324B, 0x324B, 0x324B, 0x324B, 0x324B, 0x324B, 0x324B, 0x324B, 0x324B, 0x324B,
        0x324B, 0x324B, 0x324B, 0x324B, 0x324B, 0x324B, 0x324B, 0x324B, 0x324B, 0x324B, 0x324B, 0x324B,
        0x324B, 0x324B, 0x324B, 0x324B, 0x324B, 0x324B, 0x324B, 0x324B, 0x324B, 0x324B, 0x324B, 0x324B,
        0x324B, 0x324B, 0x324B, 0x324B, 0x324B, 0x324B, 0x324B, 0x324B, 0x324B, 0x324B, 0x324B, 0x324B,
        0x324B, 0x324B, 0x324B, 0x324B, 0x324B, 0x324B, 0x324B, 0x4AED, 0x8CF5, 0x8CF5, 0x6BD0, 0x31E9,
        0x2188, 0x2187, 0x2187, 0x2187, 0x2187, 0x2167, 0x2167, 0x2167, 0x2167, 0x2167, 0x2167, 0x2167,
        0x2167, 0x2167, 0x2167, 0x2187, 0x2187, 0x2187, 0x2167, 0x2167, 0x2167, 0x2167, 0x2167, 0x2167,
        0x2167, 0x2167, 0x2167, 0x2167, 0x2167, 0x2167, 0x2167, 0x2167, 0x2167, 0x2167, 0x2167, 0x2167,
        0x2167, 0x2167, 0x2167, 0x2167, 0x2188, 0x2188, 0x2188, 0x2188, 0x2187, 0x2188, 0x2188, 0x2167,
        0x2187, 0x2187, 0x2188, 0x2188, 0x2167, 0x2187, 0x29A8, 0x2188, 0x2187, 0x2167, 0x2167, 0x2167,
        0x2187, 0x2187, 0x2188, 0x2187, 0x2167, 0x2167, 0x2167, 0x2167, 0x2167, 0x2167, 0x2167, 0x2167,
        0x2167, 0x2167, 0x2167, 0x2167, 0x2167, 0x2167, 0x2167, 0x2167, 0x2167, 0x2167, 0x2167, 0x2167,
        0x2167, 0x2167, 0x2167, 0x2167, 0x2167, 0x2187, 0x2187, 0x2167, 0x2167, 0x2167, 0x2167, 0x2167,
        0x2167, 0x2167, 0x2167, 0x2167, 0x2167, 0x2167, 0x2187, 0x2167, 0x2167, 0x428B, 0x7C52, 0x8CF5,
        0x84B4, 0x428C, 0x324B, 0x324B, 0x324B, 0x324B, 0x324B, 0x324B, 0x324B, 0x324B, 0x324B, 0x324B,
        0x324B, 0x324B, 0x324B, 0x324B, 0x324B, 0x324B, 0x324B, 0x324B, 0x324B, 0x324B, 0x324B, 0x324B,
        0x324B, 0x324B, 0x324B, 0x324B, 0x324B, 0x324B, 0x324B, 0x324B, 0x324B, 0x324B, 0x324B, 0x324B,
        0x324B, 0x324B, 0x324B, 0x324B, 0x324B, 0x324B, 0x324B, 0x324B, 0x324B, 0x324B, 0x324B, 0x324B,
        0x324B, 0x324B, 0x324B, 0x324B, 0x324B, 0x324B, 0x324B, 0x324B, 0x324B, 0x324B, 0x324B, 0x324B,
        0x324B, 0x324B, 0x324B, 0x324B, 0x324B, 0x324B, 0x324B, 0x324B, 0x324B, 0x324B, 0x324B, 0x324B,
        0x324B, 0x324B, 0x324B, 0x324B, 0x324B, 0x324B, 0x324B, 0x324B, 0x324B, 0x324B, 0x324B, 0x324B,
        0x324B, 0x324B, 0x324B, 0x324B, 0x324B, 0x324B, 0x324B, 0x324B, 0x324B, 0x324B, 0x324B, 0x324B,
        0x324B, 0x324B, 0x324B, 0x324B, 0x324B, 0x324B, 0x324B, 0x324B, 0x324B, 0x324B, 0x324B, 0x324B,
        0x324B, 0x324B, 0x324B, 0x324B, 0x324B, 0x324B, 0x324B, 0x324B, 0x324B, 0x324B, 0x324B, 0x324B,
        0x324B, 0x324B, 0x324B, 0x324B, 0x324B, 0x324B, 0x324B, 0x324B, 0x324B, 0x324B, 0x324B, 0x324B,
        0x324B, 0x324B, 0x324B, 0x324B, 0x324B, 0x324B, 0x324B, 0x324B, 0x324B, 0x324B, 0x324B, 0x324B,
        0x324B, 0x324B, 0x324B, 0x324B, 0x324B, 0x324B, 0x324B, 0x324B, 0x324B, 0x324B, 0x324B, 0x324B,
        0x324B, 0x324B, 0x324B, 0x324B, 0x324B, 0x324B, 0x324B, 0x324B, 0x324B, 0x324B, 0x324B, 0x324B,
        0x324B, 0x324B, 0x324B, 0x324B, 0x324B, 0x324B, 0x324B, 0x324B, 0x324B, 0x324B, 0x324B, 0x324B,
        0x324B, 0x324B, 0x324B, 0x324B, 0x324B, 0x324B, 0x324B, 0x324B, 0x324B, 0x324B, 0x324B, 0x324B,
        0x4B0E, 0x8CF5, 0x8CF5, 0x638F, 0x31E9, 0x2167, 0x2188, 0x2988, 0x2167, 0x2187, 0x2167, 0x2167,
        0x2167, 0x2167, 0x2167, 0x2167, 0x2167, 0x2167, 0x2167, 0x2167, 0x2167, 0x2167, 0x2167, 0x2167,
        0x2167, 0x2167, 0x2167, 0x2167, 0x2167, 0x2167, 0x2167, 0x2167, 0x2167, 0x2167, 0x2167, 0x2167,
        0x2167, 0x2167, 0x2167, 0x2167, 0x2167, 0x2167, 0x2167, 0x2167, 0x2187, 0x2167, 0x2167, 0x2187,
        0x2187, 0x2188, 0x2988, 0x2167, 0x2167, 0x2167, 0x2188, 0x2187, 0x2187, 0x2187, 0x2187, 0x2187,
        0x2187, 0x2187, 0x2187, 0x2187, 0x2167, 0x2167, 0x2187, 0x2187, 0x2167, 0x2167, 0x2167, 0x2187,
        0x2167, 0x2167, 0x2167, 0x2167, 0x2167, 0x2167, 0x2167, 0x2167, 0x2167, 0x2187, 0x2167, 0x2167,
        0x2167, 0x2167, 0x2167, 0x2167, 0x2167, 0x2167, 0x2167, 0x2167, 0x2167, 0x2167, 0x2167, 0x2187,
        0x2167, 0x2187, 0x2187, 0x2167, 0x2187, 0x2167, 0x2187, 0x2167, 0x2187, 0x2187, 0x2187, 0x29A8,
        0x428B, 0x7C32, 0x94F5, 0x84B4, 0x42AD, 0x324B, 0x324B, 0x324B, 0x324B, 0x324B, 0x324B, 0x324B,
        0x324B, 0x324B, 0x324B, 0x324B, 0x324B, 0x324B, 0x324B, 0x324B, 0x324B, 0x324B, 0x324B, 0x324B,
        0x324B, 0x324B, 0x324B, 0x324B, 0x324B, 0x324B, 0x324B, 0x324B, 0x324B, 0x324B, 0x324B, 0x324B,
        0x324B, 0x324B, 0x324B, 0x324B, 0x324B, 0x324B, 0x324B, 0x324B, 0x324B, 0x324B, 0x324B, 0x324B,
        0x324B, 0x324B, 0x324B, 0x324B, 0x324B, 0x324B, 0x324B, 0x324B, 0x324B, 0x324B, 0x324B, 0x324B,
        0x324B, 0x324B, 0x324B, 0x324B, 0x324B, 0x324B, 0x324B, 0x324B, 0x324B, 0x324B, 0x324B, 0x324B,
        0x324B, 0x324B, 0x324B, 0x324B, 0x324B, 0x324B, 0x324B, 0x324B, 0x324B, 0x324B, 0x324B, 0x324B,
        0x324B, 0x324B, 0x324B, 0x324B, 0x324B, 0x324B, 0x324B, 0x324B, 0x324B, 0x324B, 0x324B, 0x324B,
        0x324B, 0x324B, 0x324B, 0x324B, 0x324B, 0x324B, 0x324B, 0x324B, 0x324B, 0x324B, 0x324B, 0x324B,
        0x324B, 0x324B, 0x324B, 0x324B, 0x324B, 0x324B, 0x324B, 0x324B, 0x324B, 0x324B, 0x324B, 0x324B,
        0x324B, 0x324B, 0x324B, 0x324B, 0x324B, 0x324B, 0x324B, 0x324B, 0x324B, 0x324B, 0x324B, 0x324B,
        0x324B, 0x324B, 0x324B, 0x324B, 0x324B, 0x324B, 0x324B, 0x324B, 0x324B, 0x324B, 0x324B, 0x324B,
        0x324B, 0x324B, 0x324B, 0x324B, 0x324B, 0x324B, 0x324B, 0x324B, 0x324B, 0x324B, 0x324B, 0x324B,
        0x324B, 0x324B, 0x324B, 0x324B, 0x324B, 0x324B, 0x324B, 0x324B, 0x324B, 0x324B, 0x324B, 0x324B,
        0x324B, 0x324B, 0x324B, 0x324B, 0x324B, 0x324B, 0x324B, 0x324B, 0x324B, 0x324B, 0x324B, 0x324B,
        0x324B, 0x324B, 0x324B, 0x324B, 0x324B, 0x324B, 0x324B, 0x324B, 0x324B, 0x324B, 0x324B, 0x324B,
        0x324B, 0x324B, 0x324B, 0x324B, 0x324B, 0x530E, 0x8CF5, 0x8CF5, 0x638F, 0x3209, 0x2167, 0x2188,
        0x2187, 0x2167, 0x2167, 0x2167, 0x2167, 0x2167, 0x2167, 0x2167, 0x2167, 0x2167, 0x2167, 0x2167,
        0x2167, 0x2167, 0x2167, 0x2167, 0x2167, 0x2167, 0x2167, 0x2167, 0x2167, 0x2167, 0x2167, 0x2167,
        0x2167, 0x2167, 0x2167, 0x2167, 0x2167, 0x2167, 0x2167, 0x2167, 0x2187, 0x2167, 0x2167, 0x2167,
        0x2167, 0x2167, 0x2167, 0x2167, 0x2167, 0x2188, 0x2188, 0x2187, 0x2187, 0x2187, 0x2188, 0x2187,
        0x2187, 0x2187, 0x2187, 0x2187, 0x2188, 0x2187, 0x2187, 0x2187, 0x2167, 0x2167, 0x2167, 0x2167,
        0x2187, 0x2187, 0x2167, 0x2167, 0x2167, 0x2167, 0x2167, 0x2167, 0x2167, 0x2167, 0x2167, 0x2167,
        0x2167, 0x2167, 0x2167, 0x2187, 0x2167, 0x2167, 0x2167, 0x2167, 0x2167, 0x2167, 0x2167, 0x2167,
        0x2167, 0x2167, 0x2167, 0x2187, 0x2167, 0x2167, 0x2167, 0x2167, 0x2167, 0x2167, 0x2167, 0x2167,
        0x2187, 0x2187, 0x2167, 0x636F, 0x8493, 0x8CD5, 0x84B4, 0x42AD, 0x324B, 0x324B, 0x324B, 0x324B,
        0x324B, 0x324B, 0x324B, 0x324B, 0x324B, 0x324B, 0x324B, 0x324B, 0x324B, 0x324B, 0x324B, 0x324B,
        0x324B, 0x324B, 0x324B, 0x324B, 0x324B, 0x324B, 0x324B, 0x324B, 0x324B, 0x324B, 0x324B, 0x324B,
        0x324B, 0x324B, 0x324B, 0x324B, 0x324B, 0x324B, 0x324B, 0x324B, 0x324B, 0x324B, 0x324B, 0x324B,
        0x324B, 0x324B, 0x324B, 0x324B, 0x324B, 0x324B, 0x324B, 0x324B, 0x324B, 0x324B, 0x324B, 0x324B,
        0x324B, 0x324B, 0x324B, 0x324B, 0x324B, 0x324B, 0x324B, 0x324B, 0x324B, 0x324B, 0x324B, 0x324B,
        0x324B, 0x324B, 0x324B, 0x324B, 0x324B, 0x324B, 0x324B, 0x324B, 0x324B, 0x324B, 0x324B, 0x324B,
        0x324B, 0x324B, 0x324B, 0x324B, 0x324B, 0x324B, 0x324B, 0x324B, 0x324B, 0x324B, 0x324B, 0x324B,
        0x324B, 0x324B, 0x324B, 0x324B, 0x324B, 0x324B, 0x324B, 0x324B, 0x324B, 0x324B, 0x324B, 0x324B,
        0x324B, 0x324B, 0x324B, 0x324B, 0x324B, 0x324B, 0x324B, 0x324B, 0x324B, 0x324B, 0x324B, 0x324B,
        0x324B, 0x324B, 0x324B, 0x324B, 0x324B, 0x324B, 0x324B, 0x324B, 0x324B, 0x324B, 0x324B, 0x324B,
        0x324B, 0x324B, 0x324B, 0x324B, 0x324B, 0x324B, 0x324B, 0x324B, 0x324B, 0x324B, 0x324B, 0x324B,
        0x324B, 0x324B, 0x324B, 0x324B, 0x324B, 0x324B, 0x324B, 0x324B, 0x324B, 0x324B, 0x324B, 0x324B,
        0x324B, 0x324B, 0x324B, 0x324B, 0x324B, 0x324B, 0x324B, 0x324B, 0x324B, 0x324B, 0x324B, 0x324B,
        0x324B, 0x324B, 0x324B, 0x324B, 0x324B, 0x324B, 0x324B, 0x324B, 0x324B, 0x324B, 0x324B, 0x324B,
        0x324B, 0x324B, 0x324B, 0x324B, 0x324B, 0x324B, 0x324B, 0x324B, 0x324B, 0x324B, 0x324B, 0x324B,
        0x324B, 0x324B, 0x324B, 0x324B, 0x324B, 0x324B, 0x324B, 0x324B, 0x3A4B, 0x324B, 0x532E, 0x8CF5,
        0x8CF5, 0x6BB0, 0x3209, 0x2167, 0x29A8, 0x2188, 0x2188, 0x2188, 0x2188, 0x2187, 0x2988, 0x2188,
        0x2167, 0x2187, 0x2187, 0x2167, 0x2167, 0x2187, 0x2167, 0x2167, 0x2187, 0x2167, 0x2167, 0x2167,
        0x2167, 0x2187, 0x2188, 0x2188, 0x2187, 0x2188, 0x2988, 0x2988, 0x2188, 0x2188, 0x2187, 0x2187,
        0x2188, 0x2187, 0x2187, 0x2187, 0x2187, 0x2187, 0x2167, 0x2167, 0x2187, 0x2188, 0x2188, 0x2187,
        0x2988, 0x2188, 0x2187, 0x2187, 0x2187, 0x2187, 0x2187, 0x2187, 0x2988, 0x2167, 0x2188, 0x2188,
        0x2187, 0x2187, 0x2188, 0x2188, 0x2188, 0x2188, 0x2187, 0x2187, 0x2187, 0x2188, 0x2188, 0x2187,
        0x2187, 0x2187, 0x2187, 0x2187, 0x2167, 0x2188, 0x2188, 0x2187, 0x2167, 0x2187, 0x2187, 0x2187,
        0x2187, 0x2187, 0x2187, 0x2167, 0x2167, 0x2167, 0x2167, 0x2187, 0x2187, 0x2187, 0x2167, 0x2187,
        0x2187, 0x2187, 0x2187, 0x2187, 0x2988, 0x2167, 0x52ED, 0x8CD4, 0x8CF5, 0x8CD4, 0x4ACD, 0x324B,
        0x3A4B, 0x324B, 0x324B, 0x324B, 0x324B, 0x324B, 0x324B, 0x324B, 0x324B, 0x324B, 0x324B, 0x324B,
        0x324B, 0x324B, 0x324B, 0x324B, 0x324B, 0x324B, 0x324B, 0x324B, 0x324B, 0x324B, 0x324B, 0x324B,
        0x324B, 0x324B, 0x324B, 0x324B, 0x324B, 0x324B, 0x324B, 0x324B, 0x324B, 0x324B, 0x324B, 0x324B,
        0x324B, 0x324B, 0x324B, 0x324B, 0x324B, 0x324B, 0x324B, 0x324B, 0x324B, 0x324B, 0x324B, 0x324B,
        0x324B, 0x324B, 0x324B, 0x324B, 0x324B, 0x324B, 0x324B, 0x324B, 0x324B, 0x324B, 0x324B, 0x324B,
        0x324B, 0x324B, 0x324B, 0x324B, 0x324B, 0x324B, 0x324B, 0x324B, 0x324B, 0x324B, 0x324B, 0x324B,
        0x324B, 0x324B, 0x324B, 0x324B, 0x324B, 0x324B, 0x324B, 0x324B, 0x324B, 0x324B, 0x324B, 0x324B,
        0x324B, 0x324B, 0x324B, 0x324B, 0x324B, 0x324B, 0x324B, 0x324B, 0x324B, 0x324B, 0x324B, 0x324B,
        0x324B, 0x324B, 0x324B, 0x324B, 0x324B, 0x324B, 0x324B, 0x324B, 0x324B, 0x324B, 0x324B, 0x324B,
        0x324B, 0x324B, 0x324B, 0x324B, 0x324B, 0x324B, 0x324B, 0x324B, 0x324B, 0x324B, 0x324B, 0x324B,
        0x324B, 0x324B, 0x324B, 0x324B, 0x324B, 0x324B, 0x324B, 0x324B, 0x324B, 0x324B, 0x324B, 0x324B,
        0x324B, 0x324B, 0x324B, 0x324B, 0x324B, 0x324B, 0x324B, 0x324B, 0x324B, 0x324B, 0x324B, 0x324B,
        0x324B, 0x324B, 0x324B, 0x324B, 0x324B, 0x324B, 0x324B, 0x324B, 0x324B, 0x324B, 0x324B, 0x324B,
        0x324B, 0x324B, 0x324B, 0x324B, 0x324B, 0x324B, 0x324B, 0x324B, 0x324B, 0x324B, 0x324B, 0x324B,
        0x324B, 0x324B, 0x324B, 0x324B, 0x324B, 0x324B, 0x324B, 0x324B, 0x324B, 0x324B, 0x324B, 0x324B,
        0x324B, 0x324B, 0x324B, 0x324B, 0x324B, 0x324B, 0x324B, 0x324B, 0x324B, 0x324B, 0x324B, 0x324B,
        0x324B, 0x3A4B, 0x324B, 0x532F, 0x8CD4, 0x8CF5, 0x6BD1, 0x3209, 0x2167, 0x2188, 0x2167, 0x2187,
        0x2167, 0x2167, 0x2187, 0x2167, 0x2167, 0x2167, 0x2187, 0x2167, 0x2167, 0x2167, 0x2167, 0x2167,
        0x2167, 0x2167, 0x2167, 0x2147, 0x2167, 0x2167, 0x2167, 0x2167, 0x2167, 0x2167, 0x2167, 0x2167,
        0x2147, 0x2167, 0x2167, 0x2167, 0x2167, 0x2147, 0x2167, 0x2167, 0x2167, 0x2147, 0x2147, 0x2167,
        0x2167, 0x2167, 0x2167, 0x2167, 0x2167, 0x2147, 0x2167, 0x2167, 0x2167, 0x2167, 0x2167, 0x2167,
        0x2167, 0x2147, 0x2167, 0x2187, 0x2187, 0x2187, 0x2188, 0x2988, 0x2167, 0x2167, 0x2167, 0x2167,
        0x2167, 0x2167, 0x2187, 0x2188, 0x2188, 0x2188, 0x2167, 0x2187, 0x2187, 0x2187, 0x2187, 0x2187,
        0x2187, 0x2187, 0x2167, 0x2167, 0x2167, 0x2167, 0x2167, 0x2167, 0x2167, 0x2167, 0x2167, 0x2167,
        0x2167, 0x2167, 0x2147, 0x2167, 0x2167, 0x2167, 0x2167, 0x2167, 0x2167, 0x4AAC, 0x8493, 0x94F5,
        0x8CD4, 0x4AEE, 0x324B, 0x3A4B, 0x324B, 0x324B, 0x324B, 0x324B, 0x324B, 0x324B, 0x324B, 0x324B,
        0x324B, 0x324B, 0x324B, 0x324B, 0x324B, 0x324B, 0x324B, 0x324B, 0x324B, 0x324B, 0x324B, 0x324B,
        0x324B, 0x324B, 0x324B, 0x324B, 0x324B, 0x324B, 0x324B, 0x324B, 0x324B, 0x324B, 0x324B, 0x324B,
        0x324B, 0x324B, 0x324B, 0x324B, 0x324B, 0x324B, 0x324B, 0x324B, 0x324B, 0x324B, 0x324B, 0x324B,
        0x324B, 0x324B, 0x324B, 0x324B, 0x324B, 0x324B, 0x324B, 0x324B, 0x324B, 0x324B, 0x324B, 0x324B,
        0x324B, 0x324B, 0x324B, 0x324B, 0x324B, 0x324B, 0x324B, 0x324B, 0x324B, 0x324B, 0x324B, 0x324B,
        0x324B, 0x324B, 0x324B, 0x324B, 0x324B, 0x324B, 0x324B, 0x324B, 0x324B, 0x324B, 0x324B, 0x324B,
        0x324B, 0x324B, 0x324B, 0x324B, 0x324B, 0x324B, 0x324B, 0x324B, 0x324B, 0x324B, 0x324B, 0x324B,
        0x324B, 0x324B, 0x324B, 0x324B, 0x324B, 0x324B, 0x324B, 0x324B, 0x324B, 0x324B, 0x324B, 0x324B,
        0x324B, 0x324B, 0x324B, 0x324B, 0x324B, 0x324B, 0x324B, 0x324B, 0x324B, 0x324B, 0x324B, 0x324B,
        0x324B, 0x324B, 0x324B, 0x324B, 0x324B, 0x324B, 0x324B, 0x324B, 0x324B, 0x324B, 0x324B, 0x324B,
        0x324B, 0x324B, 0x324B, 0x324B, 0x324B, 0x324B, 0x324B, 0x324B, 0x324B, 0x324B, 0x324B, 0x324B,
        0x324B, 0x324B, 0x324B, 0x324B, 0x324B, 0x324B, 0x324B, 0x324B, 0x324B, 0x324B, 0x324B, 0x324B,
        0x324B, 0x324B, 0x324B, 0x324B, 0x324B, 0x324B, 0x324B, 0x324B, 0x324B, 0x324B, 0x324B, 0x324B,
        0x324B, 0x324B, 0x324B, 0x324B, 0x324B, 0x324B, 0x324B, 0x324B, 0x324B, 0x324B, 0x324B, 0x324B,
        0x324B, 0x324B, 0x324B, 0x324B, 0x324B, 0x324B, 0x324B, 0x324B, 0x324B, 0x324B, 0x324B, 0x324B,
        0x324B, 0x324B, 0x324B, 0x324B, 0x324B, 0x324B, 0x324B, 0x324B, 0x6BF1, 0x8CF5, 0x8CF5, 0x6BF1,
        0x426B, 0x3A2A, 0x3A2A, 0x3A4B, 0x3A4B, 0x3A2A, 0x3A4A, 0x3A4B, 0x3A4A, 0x3A4A, 0x3A4A, 0x3A4B,
        0x426B, 0x3A4A, 0x3A2A, 0x3A4A, 0x3A4A, 0x3A2A, 0x3A4A, 0x3A4A, 0x3A4A, 0x3A4A, 0x426B, 0x3A4B,
        0x3A4B, 0x3A4B, 0x3A4A, 0x3A2A, 0x3A4A, 0x3A4B, 0x3A4A, 0x3A4A, 0x3A4A, 0x3A2A, 0x3A4A, 0x3A4A,
        0x3A4A, 0x3A2A, 0x3A2A, 0x3A4A, 0x3A2A, 0x3A2A, 0x3A2A, 0x3A2A, 0x3A2A, 0x3A2A, 0x3A2A, 0x3A2A,
        0x3A0A, 0x3A0A, 0x3A2A, 0x3A2A, 0x320A, 0x3A0A, 0x320A, 0x3A0A, 0x3209, 0x3A2A, 0x3A4A, 0x320A,
        0x3A2A, 0x3A2A, 0x3A2A, 0x320A, 0x320A, 0x320A, 0x3209, 0x3A2A, 0x3A2A, 0x3A2A, 0x3A2A, 0x3209,
        0x3A2A, 0x3A2A, 0x320A, 0x3A2A, 0x3A4A, 0x3A2A, 0x3209, 0x3A2A, 0x3A2A, 0x320A, 0x3A0A, 0x3A2A,
        0x3209, 0x3A2A, 0x3A2A, 0x3A2A, 0x3A2A, 0x3A2A, 0x3A2A, 0x3A2A, 0x3A2A, 0x3A2A, 0x3A2A, 0x3209,
        0x428C, 0x7C73, 0x8CF5, 0x7C53, 0x42AC, 0x324B, 0x324B, 0x324B, 0x324B, 0x324B, 0x324B, 0x324B,
        0x324B, 0x324B, 0x324B, 0x324B, 0x324B, 0x324B, 0x324B, 0x324B, 0x324B, 0x324B, 0x324B, 0x324B,
        0x324B, 0x324B, 0x324B, 0x324B, 0x324B, 0x324B, 0x324B, 0x324B, 0x324B, 0x324B, 0x324B, 0x324B,
        0x324B, 0x324B, 0x324B, 0x324B, 0x324B, 0x324B, 0x324B, 0x324B, 0x324B, 0x324B, 0x324B, 0x324B,
        0x324B, 0x324B, 0x324B, 0x324B, 0x324B, 0x324B, 0x324B, 0x324B, 0x324B, 0x324B, 0x324B, 0x324B,
        0x324B, 0x324B, 0x324B, 0x324B, 0x324B, 0x324B, 0x324B, 0x324B, 0x324B, 0x324B, 0x324B, 0x324B,
        0x324B, 0x324B, 0x324B, 0x324B, 0x324B, 0x324B, 0x324B, 0x324B, 0x324B, 0x324B, 0x324B, 0x324B,
        0x324B, 0x324B, 0x324B, 0x324B, 0x324B, 0x324B, 0x324B, 0x324B, 0x324B, 0x324B, 0x324B, 0x324B,
        0x324B, 0x324B, 0x324B, 0x324B, 0x324B, 0x324B, 0x324B, 0x324B, 0x324B, 0x324B, 0x324B, 0x324B,
        0x324B, 0x324B, 0x324B, 0x324B, 0x6BF1, 0x7C53, 0x7C53, 0x7C53, 0x7C73, 0x7C53, 0x7C53, 0x7C73,
        0x7C53, 0x7C53, 0x7C73, 0x7C53, 0x7432, 0x7C53, 0x7C53, 0x7C52, 0x7C53, 0x7C73, 0x7C52, 0x7C53,
        0x7C73, 0x7C53, 0x7C53, 0x7C53, 0x7C52, 0x7C73, 0x7C73, 0x7C53, 0x7C73, 0x7C53, 0x7432, 0x7C53,
        0x7452, 0x7432, 0x7C53, 0x7C53, 0x7432, 0x7C53, 0x7C53, 0x7432, 0x7C53, 0x7452, 0x7432, 0x7C52,
        0x7432, 0x7432, 0x7432, 0x7432, 0x7432, 0x7432, 0x7432, 0x7432, 0x7432, 0x7432, 0x7432, 0x7432,
        0x7432, 0x7432, 0x7432, 0x7432, 0x7432, 0x7432, 0x7C52, 0x7432, 0x7432, 0x7452, 0x7432, 0x7432,
        0x7C53, 0x7432, 0x7432, 0x7C73, 0x7C52, 0x7432, 0x7C53, 0x7C73, 0x7452, 0x7C53, 0x7C53, 0x7432,
        0x7C73, 0x7C53, 0x7C53, 0x7C73, 0x7C53, 0x7C52, 0x7C73, 0x7C73, 0x7C53, 0x7C53, 0x7C73, 0x7432,
        0x8473, 0x8CD4, 0x8CB4, 0x94F5, 0x84B4, 0x8493, 0x8493, 0x8493, 0x8493, 0x8494, 0x8493, 0x8493,
        0x8493, 0x7C73, 0x8493, 0x8473, 0x8493, 0x7C73, 0x7C73, 0x7C73, 0x7C73, 0x7C73, 0x8473, 0x7C73,
        0x7C73, 0x7C73, 0x7C73, 0x8473, 0x7C73, 0x7C73, 0x7C73, 0x7C73, 0x7C73, 0x7C73, 0x7C73, 0x7C73,
        0x7C73, 0x7C73, 0x7C73, 0x7C73, 0x7C73, 0x7C73, 0x7C73, 0x7C73, 0x7C73, 0x7C73, 0x7C53, 0x7C53,
        0x7C73, 0x7C73, 0x7C73, 0x7C73, 0x7C73, 0x7C73, 0x7C73, 0x8473, 0x7C73, 0x7C73, 0x7C73, 0x8493,
        0x8493, 0x7C73, 0x8493, 0x8493, 0x7C73, 0x8494, 0x8494, 0x8493, 0x8493, 0x8493, 0x8494, 0x8493,
        0x8493, 0x8494, 0x8473, 0x8493, 0x8473, 0x8473, 0x8493, 0x7C73, 0x7C73, 0x7C73, 0x8493, 0x7C73,
        0x7C73, 0x8493, 0x7C73, 0x7C53, 0x7C73, 0x7C73, 0x7C73, 0x7C73, 0x7C73, 0x7C52, 0x7C53, 0x7C53,
        0x7C53, 0x7C73, 0x7C73, 0x7C32, 0x8494, 0x8CD4, 0x8CD5, 0x7C73, 0x6BF1, 0x7432, 0x7412, 0x7412,
        0x7412, 0x7412, 0x7412, 0x7412, 0x7412, 0x7412, 0x7412, 0x7412, 0x7412, 0x7412, 0x7412, 0x7412,
        0x7412, 0x7412, 0x7432, 0x7432, 0x7432, 0x7432, 0x7432, 0x7412, 0x7432, 0x7432, 0x7432, 0x7432,
        0x7C53, 0x7432, 0x7432, 0x7C53, 0x7412, 0x7432, 0x7C53, 0x7432, 0x7432, 0x7C53, 0x7C52, 0x7C52,
        0x7C53, 0x7432, 0x7432, 0x7C53, 0x7432, 0x7432, 0x7C53, 0x7432, 0x7432, 0x7C53, 0x7412, 0x7432,
        0x7C52, 0x7432, 0x7412, 0x7C53, 0x7412, 0x7432, 0x7432, 0x7412, 0x7412, 0x7412, 0x7432, 0x7412,
        0x7432, 0x7412, 0x6BF1, 0x7412, 0x7412, 0x6BF1, 0x7411, 0x7412, 0x7412, 0x7411, 0x7412, 0x7412,
        0x7411, 0x6BF1, 0x6BF1, 0x7412, 0x6BF1, 0x6BF1, 0x7412, 0x7411, 0x6BF1, 0x7412, 0x7412, 0x6BF1,
        0x7412, 0x7412, 0x6BF1, 0x7412, 0x324B, 0x324B, 0x324B, 0x324B, 0x324B, 0x324B, 0x324B, 0x324B,
        0x324B, 0x324B, 0x324B, 0x324B, 0x324B, 0x324B, 0x324B, 0x324B, 0x8493, 0x94F5, 0x8CF5, 0x94F5,
        0x94F5, 0x94F5, 0x94F5, 0x94F5, 0x8CF5, 0x8CF5, 0x94F5, 0x94F5, 0x94F5, 0x94F5, 0x94F5, 0x94F5,
        0x94F5, 0x94F5, 0x8CF5, 0x8CF5, 0x94F5, 0x94F5, 0x94F5, 0x8CF5, 0x8CF5, 0x8CF5, 0x8CF5, 0x94F5,
        0x8CF5, 0x8CF5, 0x8CF5, 0x8CD5, 0x8CF5, 0x94F5, 0x8CF5, 0x8CF5, 0x8CF5, 0x8CF5, 0x8CF5, 0x8CF5,
        0x94F5, 0x8CF5, 0x8CF5, 0x8CF5, 0x94F5, 0x8CF5, 0x94F5, 0x94F5, 0x94F5, 0x94F5, 0x8CF5, 0x94F5,
        0x8CF5, 0x94F5, 0x94F5, 0x94F5, 0x94F5, 0x94F5, 0x94F5, 0x94F5, 0x8CF5, 0x94F5, 0x94F5, 0x94F5,
        0x94F5, 0x8CF5, 0x94F5, 0x94F5, 0x94F5, 0x8CF5, 0x94F5, 0x94F5, 0x8CF5, 0x8CF5, 0x8CF5, 0x8CF5,
        0x94F5, 0x94F5, 0x8CF5, 0x94F5, 0x94F5, 0x94F5, 0x94F5, 0x94F5, 0x94F5, 0x94F5, 0x8CF5, 0x8CF5,
        0x94F5, 0x94F5, 0x94F5, 0x94F5, 0x8CD5, 0x84B4, 0x8CD4, 0x8CD4, 0x8CD5, 0x8CD5, 0x8CD4, 0x8CD5,
        0x8CF5, 0x8CD5, 0x8CD4, 0x8CD4, 0x8CD4, 0x8CD4, 0x8CD5, 0x8CD5, 0x8CD4, 0x8CD5, 0x8CD5, 0x8CD5,
        0x8CD5, 0x8CD5, 0x8CD5, 0x8CD4, 0x8CD5, 0x8CD5, 0x8CD5, 0x8CF5, 0x8CD5, 0x8CF5, 0x8CF5, 0x8CF5,
        0x8CF5, 0x8CF5, 0x8CD5, 0x8CF5, 0x8CF5, 0x8CF5, 0x8CF5, 0x8CF5, 0x8CF5, 0x8CD5, 0x8CF5, 0x8CF5,
        0x8CF5, 0x8CF5, 0x8CD5, 0x8CD5, 0x8CF5, 0x8CF5, 0x8CF5, 0x8CF5, 0x8CF5, 0x8CF5, 0x8CF5, 0x8CF5,
        0x8CF5, 0x8CF5, 0x8CF5, 0x8CF5, 0x8CD5, 0x8CF5, 0x8CF5, 0x8CD4, 0x8CD5, 0x8CF5, 0x8CD5, 0x8CD5,
        0x8CF5, 0x8CF5, 0x8CF5, 0x8CF5, 0x8CF5, 0x8CD5, 0x8CF5, 0x8CF5, 0x8CF5, 0x8CF5, 0x8CF5, 0x8CF5,
        0x8CF5, 0x8CF5, 0x8CF5, 0x8CD4, 0x8CF5, 0x8CD5, 0x8CD5, 0x8CF5, 0x8CF5, 0x8CF5, 0x8CD5, 0x8CF5,
        0x8CF5, 0x8CD5, 0x94F5, 0x8CF5, 0x8CF5, 0x94F5, 0x8CF5, 0x8CF5, 0x8CF5, 0x8CD5, 0x8CD4, 0x8CF5,
        0x94F5, 0x94F5, 0x94F5, 0x94F5, 0x94F5, 0x94F5, 0x94F5, 0x94F5, 0x94F5, 0x94F5, 0x94F5, 0x94F5,
        0x94F5, 0x94F5, 0x94F5, 0x94F5, 0x94F5, 0x94F5, 0x94F5, 0x94F5, 0x94F5, 0x94F5, 0x94F5, 0x94F5,
        0x94F5, 0x94F5, 0x94F5, 0x94F5, 0x94F5, 0x8CF5, 0x94F5, 0x8CF5, 0x94F5, 0x94F5, 0x94F5, 0x94F5,
        0x94F5, 0x94F5, 0x94F5, 0x94F5, 0x94F5, 0x94F5, 0x8CF5, 0x94F5, 0x94F5, 0x94F5, 0x8CF5, 0x94F5,
        0x8CF5, 0x94F5, 0x94F5, 0x94F5, 0x94F5, 0x94F5, 0x94F5, 0x94F5, 0x8CF5, 0x8CF5, 0x94F5, 0x94F5,
        0x94F5, 0x94F5, 0x94F5, 0x94F5, 0x94F5, 0x94F5, 0x94F5, 0x94F5, 0x94F5, 0x8CF5, 0x94F5, 0x94F5,
        0x94F5, 0x94F5, 0x94F5, 0x94F5, 0x94F5, 0x94F5, 0x94F5, 0x94F5, 0x94F5, 0x94F5, 0x94F5, 0x94F5,
        0x94F5, 0x94F5, 0x94F5, 0x94F5, 0x94F5, 0x94F5, 0x8CD5, 0x94F5, 0x324B, 0x324B, 0x324B, 0x324B,
        0x324B, 0x324B, 0x324B, 0x324B, 0x324B, 0x324B, 0x324B, 0x324B, 0x324B, 0x324B, 0x324B, 0x324B,
        0x7C52, 0x8CF5, 0x6BD1, 0x4AAC, 0x4AAC, 0x4ACC, 0x4AAC, 0x4AAC, 0x4AAC, 0x4AAC, 0x4AAC, 0x4ACC,
        0x4ACD, 0x4ACC, 0x4AAC, 0x4ACC, 0x4AAC, 0x4ACC, 0x4ACC, 0x4ACD, 0x4ACD, 0x4ACD, 0x4ACD, 0x4ACD,
        0x4ACC, 0x4ACD, 0x52ED, 0x4ACD, 0x52ED, 0x4ACD, 0x4ACD, 0x4ACD, 0x52ED, 0x52ED, 0x4ACD, 0x4ACD,
        0x52ED, 0x52ED, 0x52ED, 0x52ED, 0x52ED, 0x52ED, 0x52ED, 0x4ACD, 0x52ED, 0x52ED, 0x4ACD, 0x52ED,
        0x52ED, 0x52ED, 0x4ACD, 0x4ACD, 0x52ED, 0x4ACD, 0x4ACD, 0x4ACD, 0x52ED, 0x52ED, 0x4ACD, 0x4ACD,
        0x4ACC, 0x4AAC, 0x4ACC, 0x4ACD, 0x4ACC, 0x4ACC, 0x4ACD, 0x4ACD, 0x4AAC, 0x4AAC, 0x4AAC, 0x4AAC,
        0x4AAC, 0x4AAC, 0x4AAC, 0x4AAC, 0x4AAC, 0x4AAC, 0x4AAC, 0x4AAC, 0x4AAC, 0x4AAC, 0x4ACC, 0x4ACC,
        0x4ACD, 0x4ACD, 0x4AAC, 0x4AAC, 0x4AAC, 0x4AAC, 0x4AAC, 0x4ACD, 0x4ACD, 0x4ACC, 0x4ACD, 0x4ACD,
        0x4ACD, 0x4ACD, 0x4ACD, 0x4ACD, 0x4ACD, 0x4ACD, 0x4ACD, 0x4AED, 0x52ED, 0x4ACD, 0x4ACD, 0x4ACD,
        0x52ED, 0x52ED, 0x4ACD, 0x52ED, 0x4AED, 0x4ACD, 0x52ED, 0x4ACD, 0x4ACD, 0x4ACD, 0x52ED, 0x52ED,
        0x4ACD, 0x4ACD, 0x4ACD, 0x4ACD, 0x52ED, 0x52ED, 0x52ED, 0x4ACD, 0x4ACD, 0x4AED, 0x4ACD, 0x4ACD,
        0x52ED, 0x52ED, 0x4ACD, 0x4ACD, 0x4ACD, 0x4ACD, 0x4ACD, 0x4ACD, 0x4ACD, 0x4ACC, 0x4ACD, 0x4ACC,
        0x4AAC, 0x4AAC, 0x4ACD, 0x4ACD, 0x4ACC, 0x4ACC, 0x4ACD, 0x4ACD, 0x4ACD, 0x4ACD, 0x4ACD, 0x4ACD,
        0x4ACD, 0x4AED, 0x4ACD, 0x4ACD, 0x4ACD, 0x4ACD, 0x4AED, 0x52ED, 0x52ED, 0x52ED, 0x52ED, 0x52ED,
        0x52ED, 0x530D, 0x52ED, 0x52ED, 0x530D, 0x530D, 0x52ED, 0x530D, 0x52ED, 0x52ED, 0x530D, 0x530E,
        0x4AED, 0x52ED, 0x5B2E, 0x52ED, 0x4AED, 0x530D, 0x530E, 0x52ED, 0x530E, 0x5B2E, 0x530D, 0x52ED,
        0x530D, 0x530D, 0x52ED, 0x530D, 0x530D, 0x52ED, 0x530D, 0x530D, 0x52ED, 0x52ED, 0x530D, 0x52ED,
        0x52ED, 0x530D, 0x530D, 0x52ED, 0x52ED, 0x52ED, 0x52ED, 0x52ED, 0x530D, 0x52ED, 0x52ED, 0x530D,
        0x52ED, 0x52ED, 0x52ED, 0x52ED, 0x52ED, 0x52ED, 0x52ED, 0x52ED, 0x4ACD, 0x52ED, 0x52ED, 0x52ED,
        0x52ED, 0x52ED, 0x52ED, 0x52ED, 0x52ED, 0x52ED, 0x530D, 0x530E, 0x52ED, 0x52ED, 0x530D, 0x530E,
        0x5B2E, 0x530D, 0x530E, 0x530E, 0x530D, 0x530D, 0x5B2E, 0x530D, 0x5B2E, 0x5B2E, 0x5B2E, 0x5B2E,
        0x5B2E, 0x5B2E, 0x5B2E, 0x5B2E, 0x5B4E, 0x5B4E, 0x5B2E, 0x5B2E, 0x5B2E, 0x5B4E, 0x5B4E, 0x5B2E,
        0x5B4E, 0x5B2E, 0x5B2E, 0x5B2E, 0x5B2E, 0x5B2E, 0x5B2E, 0x5B2E, 0x5B2E, 0x5B2E, 0x5B2E, 0x530E,
        0x532E, 0x530E, 0x5B2E, 0x5B2E, 0x530E, 0x530D, 0x530D, 0x530E, 0x52ED, 0x636F, 0x8473, 0x84B4,
        0x324B, 0x324B, 0x324B, 0x324B, 0x324B, 0x324B, 0x324B, 0x324B, 0x324B, 0x324B, 0x324B, 0x324B,
        0x324B, 0x324B, 0x324B, 0x324B, 0x7C52, 0x94F5, 0x5B4E, 0x2167, 0x29A8, 0x2188, 0x2188, 0x2188,
        0x2988, 0x2988, 0x2187, 0x2187, 0x2187, 0x2188, 0x2188, 0x2187, 0x2167, 0x2188, 0x2187, 0x2187,
        0x2167, 0x2167, 0x2187, 0x2187, 0x2167, 0x2167, 0x2167, 0x2167, 0x2167, 0x2167, 0x2167, 0x2167,
        0x2167, 0x2167, 0x2187, 0x2167, 0x2167, 0x2167, 0x2187, 0x2188, 0x2188, 0x2188, 0x2188, 0x2988,
        0x29A8, 0x29A8, 0x29A8, 0x29A8, 0x29A8, 0x29A8, 0x29A8, 0x29A8, 0x29A8, 0x2988, 0x2988, 0x29A8,
        0x29A8, 0x29A8, 0x29A8, 0x29A8, 0x29A8, 0x29A8, 0x29A8, 0x2988, 0x2988, 0x2988, 0x29A8, 0x29A8,
        0x2988, 0x29A8, 0x2188, 0x2188, 0x2188, 0x2188, 0x2188, 0x2188, 0x2188, 0x2988, 0x2188, 0x2187,
        0x2188, 0x2188, 0x2188, 0x2187, 0x2187, 0x2187, 0x2167, 0x2167, 0x2167, 0x2167, 0x2167, 0x2167,
        0x2167, 0x2167, 0x2167, 0x2167, 0x2167, 0x2167, 0x2167, 0x2167, 0x2167, 0x2187, 0x2167, 0x2167,
        0x2167, 0x2167, 0x2187, 0x2167, 0x2187, 0x2167, 0x2187, 0x2988, 0x2988, 0x2188, 0x29A8, 0x2988,
        0x2988, 0x2988, 0x2988, 0x29A8, 0x29A8, 0x29A8, 0x29A8, 0x29A8, 0x29A8, 0x29A8, 0x29A8, 0x29A8,
        0x29A8, 0x29A8, 0x29A8, 0x29A8, 0x29A8, 0x29A8, 0x29A8, 0x29A8, 0x29A8, 0x29A8, 0x29A8, 0x29A8,
        0x29A8, 0x2988, 0x29A8, 0x29A8, 0x2988, 0x29A8, 0x2188, 0x2167, 0x2167, 0x2187, 0x2187, 0x2988,
        0x29A8, 0x2188, 0x2188, 0x29A8, 0x2188, 0x2188, 0x2187, 0x2187, 0x2187, 0x2187, 0x2187, 0x2188,
        0x2187, 0x2167, 0x2167, 0x2167, 0x2187, 0x2167, 0x2187, 0x2187, 0x2167, 0x2187, 0x2187, 0x2167,
        0x2167, 0x2187, 0x2187, 0x2187, 0x2187, 0x2187, 0x2188, 0x2187, 0x2187, 0x29A8, 0x29A8, 0x29A8,
        0x29A8, 0x29A8, 0x29A8, 0x29A8, 0x29A8, 0x29A8, 0x29A8, 0x29A8, 0x29A8, 0x29A8, 0x29A8, 0x29A8,
        0x29A8, 0x29A8, 0x29A8, 0x29A8, 0x29A8, 0x29A8, 0x29A8, 0x2988, 0x29A8, 0x29A8, 0x29A8, 0x29A8,
        0x29A8, 0x29A8, 0x29A8, 0x29A8, 0x29A8, 0x2988, 0x29A8, 0x29A8, 0x2988, 0x2988, 0x29A8, 0x2988,
        0x2188, 0x29A8, 0x29A8, 0x29A8, 0x2188, 0x2188, 0x2188, 0x29A8, 0x2187, 0x2187, 0x29A8, 0x2187,
        0x2167, 0x2187, 0x2187, 0x2167, 0x2167, 0x2187, 0x2167, 0x2187, 0x2187, 0x2167, 0x2167, 0x2188,
        0x2188, 0x2187, 0x2187, 0x2187, 0x2188, 0x2188, 0x2188, 0x2188, 0x2188, 0x2988, 0x2188, 0x2188,
        0x29A8, 0x29A8, 0x29A8, 0x29A8, 0x29A8, 0x29A8, 0x29A8, 0x29A8, 0x29C8, 0x29A8, 0x29A8, 0x29A8,
        0x29A8, 0x29A8, 0x29A8, 0x29A8, 0x29A8, 0x29A8, 0x29C8, 0x29A8, 0x29C8, 0x29A8, 0x29A8, 0x29C8,
        0x2167, 0x428C, 0x8493, 0x8CD4, 0x324B, 0x324B, 0x324B, 0x324B, 0x324B, 0x324B, 0x324B, 0x324B,
        0x324B, 0x324B, 0x324B, 0x324B, 0x324B, 0x324B, 0x324B, 0x324B, 0x7C32, 0x94F5, 0x638F, 0x2188,
        0x29A8, 0x2188, 0x2188, 0x2188, 0x2188, 0x29A8, 0x2988, 0x2188, 0x2187, 0x2188, 0x2988, 0x2988,
        0x2188, 0x2988, 0x2188, 0x2188, 0x2188, 0x2188, 0x29A8, 0x29A8, 0x29A8, 0x2988, 0x2988, 0x29A8,
        0x2188, 0x2188, 0x2988, 0x2187, 0x2187, 0x2188, 0x2188, 0x2188, 0x29A8, 0x2988, 0x2188, 0x2988,
        0x2188, 0x2187, 0x2187, 0x2188, 0x2188, 0x2988, 0x2188, 0x2188, 0x2187, 0x2188, 0x2988, 0x2187,
        0x2187, 0x2187, 0x2187, 0x2188, 0x2188, 0x2187, 0x2188, 0x2188, 0x2187, 0x2187, 0x2187, 0x2187,
        0x2187, 0x2187, 0x2187, 0x2167, 0x2187, 0x2188, 0x2167, 0x2167, 0x2167, 0x2187, 0x2188, 0x2187,
        0x2988, 0x2988, 0x2187, 0x2167, 0x2187, 0x2187, 0x2188, 0x2188, 0x2988, 0x2187, 0x2188, 0x2188,
        0x2188, 0x2988, 0x2188, 0x2188, 0x2188, 0x2188, 0x2988, 0x2988, 0x2988, 0x2188, 0x2188, 0x2188,
        0x2187, 0x2988, 0x29A8, 0x2988, 0x29A8, 0x29A8, 0x2988, 0x2988, 0x2988, 0x2988, 0x2188, 0x2988,
        0x29A8, 0x29A8, 0x29A8, 0x2188, 0x2188, 0x2188, 0x2167, 0x2187, 0x2988, 0x2988, 0x2188, 0x2188,
        0x2188, 0x2188, 0x2188, 0x2188, 0x2988, 0x2188, 0x2188, 0x2187, 0x2187, 0x2188, 0x2188, 0x2187,
        0x2187, 0x2187, 0x2187, 0x2188, 0x2187, 0x2187, 0x2187, 0x2187, 0x2188, 0x2188, 0x2187, 0x2167,
        0x2167, 0x2187, 0x2188, 0x2188, 0x2187, 0x2188, 0x2988, 0x2188, 0x2188, 0x2188, 0x2188, 0x2188,
        0x29A8, 0x2988, 0x29A8, 0x2988, 0x2188, 0x2188, 0x2988, 0x29A8, 0x29A8, 0x29A8, 0x29A8, 0x2188,
        0x2988, 0x2988, 0x2988, 0x2988, 0x2988, 0x29A8, 0x29A8, 0x29A8, 0x29A8, 0x2988, 0x2988, 0x2188,
        0x2988, 0x2188, 0x2988, 0x29A8, 0x29A8, 0x2188, 0x2188, 0x29A8, 0x2188, 0x2988, 0x2188, 0x2988,
        0x2187, 0x2187, 0x2188, 0x2188, 0x2187, 0x2167, 0x2187, 0x2167, 0x2167, 0x2167, 0x2187, 0x2167,
        0x2187, 0x2187, 0x2187, 0x2187, 0x2187, 0x2188, 0x2187, 0x2187, 0x2188, 0x2188, 0x2988, 0x29A8,
        0x29A8, 0x29A8, 0x29A8, 0x2988, 0x29A8, 0x29A8, 0x2988, 0x2187, 0x2188, 0x29A8, 0x2988, 0x2988,
        0x2988, 0x2988, 0x2188, 0x29A8, 0x29A8, 0x29A8, 0x29A8, 0x29A8, 0x29A8, 0x2988, 0x2188, 0x29A8,
        0x2188, 0x2188, 0x29A8, 0x29A8, 0x2988, 0x2188, 0x2188, 0x2988, 0x2988, 0x29A8, 0x29A8, 0x29A8,
        0x2188, 0x2988, 0x29A8, 0x29A8, 0x29A8, 0x2188, 0x2188, 0x2188, 0x2188, 0x2188, 0x2988, 0x29A8,
        0x29A8, 0x29A8, 0x2188, 0x2187, 0x2188, 0x2188, 0x2188, 0x2188, 0x2188, 0x2188, 0x2188, 0x2988,
        0x2187, 0x29A8, 0x2988, 0x2988, 0x2167, 0x428B, 0x8473, 0x8CD5, 0x324B, 0x324B, 0x324B, 0x324B,
        0x324B, 0x324B, 0x324B, 0x324B, 0x324B, 0x324B, 0x324B, 0x324B, 0x324B, 0x324B, 0x324B, 0x324B,
        0x7C52, 0x94F5, 0x636F, 0x2988, 0x2988, 0x2188, 0x2187, 0x2187, 0x2187, 0x2187, 0x2187, 0x2167,
        0x2167, 0x2167, 0x2167, 0x2167, 0x2187, 0x2188, 0x2188, 0x2187, 0x2187, 0x2188, 0x2188, 0x2988,
        0x2188, 0x2187, 0x2188, 0x2988, 0x2188, 0x2188, 0x2188, 0x2187, 0x2187, 0x2187, 0x2167, 0x2167,
        0x2187, 0x2167, 0x2167, 0x2187, 0x2187, 0x2187, 0x2187, 0x2187, 0x2167, 0x2187, 0x2167, 0x2167,
        0x2167, 0x2167, 0x2167, 0x2187, 0x2187, 0x2167, 0x2167, 0x2187, 0x2167, 0x2167, 0x2187, 0x2187,
        0x2167, 0x2187, 0x2187, 0x2187, 0x2187, 0x2188, 0x2167, 0x2167, 0x2187, 0x2187, 0x2167, 0x2167,
        0x2167, 0x2187, 0x2188, 0x2187, 0x2167, 0x2187, 0x2167, 0x2167, 0x2167, 0x2167, 0x2167, 0x2167,
        0x2167, 0x2167, 0x2167, 0x2167, 0x2167, 0x2187, 0x2167, 0x2167, 0x2167, 0x2167, 0x2187, 0x2187,
        0x2187, 0x2187, 0x2187, 0x2167, 0x2167, 0x2167, 0x2167, 0x2167, 0x2187, 0x2167, 0x2167, 0x2167,
        0x2167, 0x2187, 0x2188, 0x2187, 0x2188, 0x2187, 0x2167, 0x2167, 0x2167, 0x2167, 0x2167, 0x2187,
        0x2188, 0x2167, 0x2187, 0x2167, 0x2167, 0x2167, 0x2187, 0x2167, 0x2187, 0x2187, 0x2187, 0x2167,
        0x2167, 0x2167, 0x2167, 0x2167, 0x2167, 0x2187, 0x2187, 0x2187, 0x2167, 0x2167, 0x2187, 0x2167,
        0x2167, 0x2167, 0x2167, 0x2187, 0x2187, 0x2167, 0x2167, 0x2167, 0x2167, 0x2187, 0x2187, 0x2167,
        0x2167, 0x2167, 0x2187, 0x2187, 0x2187, 0x2187, 0x2188, 0x2167, 0x2167, 0x2187, 0x2187, 0x2188,
        0x2187, 0x2187, 0x2167, 0x2187, 0x2187, 0x2167, 0x2167, 0x2167, 0x2167, 0x2187, 0x2187, 0x2187,
        0x2167, 0x2167, 0x2187, 0x2167, 0x2167, 0x2167, 0x2167, 0x2187, 0x2187, 0x2187, 0x2187, 0x2187,
        0x2167, 0x2187, 0x2187, 0x2187, 0x2187, 0x2187, 0x2187, 0x2187, 0x2187, 0x2187, 0x2167, 0x2187,
        0x2187, 0x2187, 0x2167, 0x2167, 0x2187, 0x2188, 0x2187, 0x2188, 0x2187, 0x2187, 0x2167, 0x2167,
        0x2187, 0x2187, 0x2187, 0x2187, 0x2188, 0x2188, 0x2187, 0x2187, 0x2188, 0x2188, 0x2188, 0x2187,
        0x2187, 0x2167, 0x2187, 0x2188, 0x2167, 0x2167, 0x2167, 0x2167, 0x2167, 0x2187, 0x2167, 0x2167,
        0x2167, 0x2187, 0x2188, 0x2188, 0x2187, 0x2188, 0x2167, 0x2188, 0x2988, 0x2188, 0x2187, 0x2187,
        0x2187, 0x2187, 0x2188, 0x2188, 0x2187, 0x2188, 0x2988, 0x2988, 0x2187, 0x2988, 0x2988, 0x2187,
        0x2188, 0x29A8, 0x2188, 0x2188, 0x2988, 0x29A8, 0x2988, 0x2188, 0x29A8, 0x2188, 0x2187, 0x2188,
        0x2188, 0x2187, 0x2188, 0x2188, 0x2187, 0x2187, 0x2988, 0x29A8, 0x2167, 0x4AAC, 0x8494, 0x84B4,
        0x324B, 0x324B, 0x324B, 0x324B, 0x324B, 0x324B, 0x324B, 0x324B, 0x324B, 0x324B, 0x324B, 0x324B,
        0x324B, 0x324B, 0x324B, 0x324B, 0x7432, 0x94F5, 0x636F, 0x2187, 0x29A8, 0x2988, 0x2188, 0x2187,
        0x2187, 0x2187, 0x2187, 0x2187, 0x2187, 0x2187, 0x2187, 0x2188, 0x2188, 0x2187, 0x2167, 0x2167,
        0x2187, 0x2188, 0x2187, 0x2187, 0x2187, 0x2187, 0x2187, 0x2187, 0x2187, 0x2187, 0x2988, 0x2188,
        0x2187, 0x2187, 0x2187, 0x2167, 0x2187, 0x2167, 0x2187, 0x2188, 0x2188, 0x2188, 0x2187, 0x2187,
        0x2187, 0x2187, 0x2187, 0x2187, 0x2188, 0x2167, 0x2167, 0x2187, 0x2188, 0x2187, 0x2167, 0x2167,
        0x2167, 0x2167, 0x2187, 0x2187, 0x2167, 0x2167, 0x2167, 0x2167, 0x2167, 0x2167, 0x2167, 0x2167,
        0x2167, 0x2167, 0x2167, 0x2167, 0x2167, 0x2167, 0x2167, 0x2167, 0x2167, 0x2167, 0x2167, 0x2167,
        0x2167, 0x2167, 0x2167, 0x2167, 0x2167, 0x2167, 0x2167, 0x2167, 0x2167, 0x2187, 0x2167, 0x2187,
        0x2187, 0x2167, 0x2167, 0x2167, 0x2167, 0x2187, 0x2187, 0x2167, 0x2167, 0x2167, 0x2167, 0x2167,
        0x2167, 0x2187, 0x2167, 0x2167, 0x2187, 0x2187, 0x2188, 0x2187, 0x2187, 0x2187, 0x2187, 0x2187,
        0x2167, 0x2167, 0x2187, 0x2188, 0x2187, 0x2167, 0x2187, 0x2167, 0x2167, 0x2167, 0x2167, 0x2167,
        0x2167, 0x2167, 0x2167, 0x2167, 0x2167, 0x2167, 0x2167, 0x2187, 0x2167, 0x2167, 0x2167, 0x2167,
        0x2167, 0x2167, 0x2167, 0x2167, 0x2167, 0x2167, 0x2167, 0x2187, 0x2167, 0x2167, 0x2187, 0x2187,
        0x2187, 0x2167, 0x2167, 0x2167, 0x2167, 0x2167, 0x2167, 0x2187, 0x2187, 0x2167, 0x2167, 0x2167,
        0x2167, 0x2187, 0x2187, 0x2187, 0x2187, 0x2187, 0x2167, 0x2167, 0x2187, 0x2167, 0x2167, 0x2167,
        0x2167, 0x2187, 0x2167, 0x2167, 0x2167, 0x2167, 0x2187, 0x2167, 0x2167, 0x2167, 0x2167, 0x2167,
        0x2187, 0x2187, 0x2187, 0x2167, 0x2167, 0x2187, 0x2167, 0x2167, 0x2187, 0x2187, 0x2187, 0x2187,
        0x2167, 0x2187, 0x2167, 0x2167, 0x2167, 0x2167, 0x2167, 0x2167, 0x2167, 0x2187, 0x2167, 0x2187,
        0x2187, 0x2167, 0x2167, 0x2167, 0x2187, 0x2187, 0x2187, 0x2187, 0x2187, 0x2188, 0x2187, 0x2187,
        0x2187, 0x2188, 0x2188, 0x2187, 0x2187, 0x2167, 0x2187, 0x2188, 0x2187, 0x2187, 0x2187, 0x2167,
        0x2167, 0x2167, 0x2167, 0x2167, 0x2167, 0x2167, 0x2188, 0x2187, 0x2167, 0x2188, 0x2187, 0x2167,
        0x2188, 0x2167, 0x2167, 0x2167, 0x2167, 0x2167, 0x2187, 0x2187, 0x2187, 0x2188, 0x2988, 0x2988,
        0x2188, 0x2988, 0x2988, 0x2188, 0x2988, 0x29A8, 0x2188, 0x2188, 0x2187, 0x2188, 0x2188, 0x2187,
        0x2188, 0x2188, 0x2187, 0x2187, 0x2167, 0x2167, 0x2187, 0x2187, 0x2187, 0x2167, 0x2188, 0x29A8,
        0x2167, 0x4AAC, 0x8493, 0x8CD4, 0x324B, 0x324B, 0x324B, 0x324B, 0x324B, 0x324B, 0x324B, 0x324B,
        0x324B, 0x324B, 0x324B, 0x324B, 0x324B, 0x324B, 0x324B, 0x324B, 0x7412, 0x94F5, 0x638F, 0x2188,
        0x29A8, 0x29A8, 0x2187, 0x2187, 0x2188, 0x2188, 0x2188, 0x2187, 0x2187, 0x2187, 0x2187, 0x2167,
        0x2187, 0x2188, 0x2187, 0x2188, 0x2188, 0x2188, 0x2188, 0x2988, 0x2988, 0x2988, 0x2188, 0x2187,
        0x2188, 0x2188, 0x2188, 0x2188, 0x2187, 0x2188, 0x2188, 0x2187, 0x2188, 0x2187, 0x2167, 0x2187,
        0x2187, 0x2187, 0x2187, 0x2187, 0x2188, 0x2188, 0x2188, 0x2188, 0x2188, 0x2187, 0x2187, 0x2188,
        0x2188, 0x2188, 0x2188, 0x2187, 0x2167, 0x2187, 0x2188, 0x2188, 0x2187, 0x2167, 0x2167, 0x2167,
        0x2167, 0x2167, 0x2167, 0x2188, 0x2187, 0x2167, 0x2167, 0x2167, 0x2167, 0x2167, 0x2167, 0x2167,
        0x2187, 0x2167, 0x2167, 0x2167, 0x2167, 0x2167, 0x2167, 0x2167, 0x2167, 0x2187, 0x2167, 0x2167,
        0x2188, 0x2188, 0x2167, 0x2167, 0x2167, 0x2167, 0x2167, 0x2167, 0x2167, 0x2167, 0x2167, 0x2167,
        0x2167, 0x2167, 0x2167, 0x2187, 0x2167, 0x2187, 0x2188, 0x2187, 0x2167, 0x2167, 0x2187, 0x2188,
        0x2188, 0x2188, 0x2188, 0x2187, 0x2188, 0x2988, 0x2988, 0x2988, 0x2187, 0x2188, 0x2988, 0x2988,
        0x2188, 0x2188, 0x2187, 0x2187, 0x2167, 0x2167, 0x2187, 0x2187, 0x2167, 0x2167, 0x2167, 0x2187,
        0x2167, 0x2167, 0x2167, 0x2167, 0x2187, 0x2167, 0x2167, 0x2167, 0x2167, 0x2167, 0x2187, 0x2187,
        0x2188, 0x2167, 0x2187, 0x2167, 0x2167, 0x2167, 0x2167, 0x2167, 0x2187, 0x2167, 0x2167, 0x2167,
        0x2187, 0x2187, 0x2187, 0x2167, 0x2167, 0x2187, 0x2187, 0x2188, 0x2187, 0x2187, 0x2167, 0x2187,
        0x2187, 0x2187, 0x2167, 0x2167, 0x2167, 0x2187, 0x2167, 0x2187, 0x2167, 0x2187, 0x2187, 0x2187,
        0x2187, 0x2167, 0x2167, 0x2187, 0x2187, 0x2188, 0x2187, 0x2187, 0x2187, 0x2167, 0x2187, 0x2167,
        0x2188, 0x2188, 0x2188, 0x2188, 0x2187, 0x2167, 0x2167, 0x2167, 0x2167, 0x2187, 0x2167, 0x2167,
        0x2167, 0x2187, 0x2187, 0x2188, 0x2187, 0x2187, 0x2188, 0x2187, 0x2187, 0x2187, 0x2187, 0x2187,
        0x2187, 0x2188, 0x2187, 0x2188, 0x2188, 0x2188, 0x2188, 0x29A8, 0x29A8, 0x2188, 0x2188, 0x2188,
        0x2187, 0x2187, 0x2188, 0x2167, 0x2167, 0x2167, 0x2167, 0x2167, 0x2187, 0x2167, 0x2188, 0x2187,
        0x2167, 0x2167, 0x2988, 0x2187, 0x29A8, 0x2187, 0x2167, 0x2187, 0x2187, 0x2187, 0x2167, 0x2167,
        0x2167, 0x2187, 0x2188, 0x2188, 0x2988, 0x2188, 0x2188, 0x2188, 0x2988, 0x29A8, 0x2188, 0x2188,
        0x2188, 0x2187, 0x2188, 0x2188, 0x2188, 0x2188, 0x2188, 0x2187, 0x2187, 0x2167, 0x2167, 0x2167,
        0x2167, 0x2187, 0x2187, 0x2188, 0x2167, 0x426B, 0x7C73, 0x8CF5, 0x324B, 0x324B, 0x324B, 0x324B,
        0x324B, 0x324B, 0x324B, 0x324B, 0x324B, 0x324B, 0x324B, 0x324B, 0x324B, 0x324B, 0x324B, 0x324B,
        0x7432, 0x94F5, 0x6390, 0x2188, 0x29A8, 0x29A8, 0x2187, 0x2167, 0x2187, 0x2187, 0x2167, 0x2167,
        0x2167, 0x2187, 0x2167, 0x2187, 0x2187, 0x2187, 0x2188, 0x2187, 0x2187, 0x2988, 0x2188, 0x2187,
        0x2187, 0x2187, 0x2188, 0x2188, 0x2188, 0x2188, 0x2988, 0x2188, 0x2988, 0x2188, 0x2187, 0x2188,
        0x2188, 0x2167, 0x2187, 0x2187, 0x2187, 0x2988, 0x2188, 0x2188, 0x2187, 0x2188, 0x2188, 0x2187,
        0x2188, 0x2187, 0x2187, 0x2187, 0x2187, 0x2167, 0x2167, 0x2167, 0x2167, 0x2188, 0x2187, 0x2167,
        0x2187, 0x2167, 0x2167, 0x2187, 0x2187, 0x2167, 0x2187, 0x2188, 0x2187, 0x2167, 0x2167, 0x2167,
        0x2167, 0x2167, 0x2167, 0x2187, 0x2187, 0x2167, 0x2167, 0x2167, 0x2167, 0x2167, 0x2167, 0x2167,
        0x2167, 0x2187, 0x2187, 0x2167, 0x2187, 0x2167, 0x2167, 0x2187, 0x2167, 0x2167, 0x2187, 0x2167,
        0x2187, 0x2188, 0x2188, 0x2187, 0x2187, 0x2187, 0x2188, 0x2187, 0x2167, 0x2167, 0x2188, 0x2187,
        0x2167, 0x2187, 0x2187, 0x2188, 0x2188, 0x2167, 0x2167, 0x2167, 0x2167, 0x2167, 0x2167, 0x2167,
        0x2167, 0x2167, 0x2147, 0x2167, 0x2167, 0x2147, 0x2167, 0x2167, 0x2187, 0x2187, 0x2188, 0x2188,
        0x2188, 0x2167, 0x2167, 0x2167, 0x2167, 0x2167, 0x2167, 0x2167, 0x2167, 0x2167, 0x2167, 0x2167,
        0x2167, 0x2167, 0x2167, 0x2187, 0x2187, 0x2167, 0x2167, 0x2167, 0x2187, 0x2187, 0x2187, 0x2167,
        0x2167, 0x2167, 0x2187, 0x2188, 0x2167, 0x2167, 0x2188, 0x2188, 0x2187, 0x2188, 0x2187, 0x2167,
        0x2187, 0x2187, 0x2187, 0x2187, 0x2187, 0x2188, 0x2187, 0x2167, 0x2187, 0x2187, 0x2187, 0x2187,
        0x2187, 0x2188, 0x2188, 0x2988, 0x2187, 0x2167, 0x2187, 0x2167, 0x2187, 0x2188, 0x2188, 0x2188,
        0x2187, 0x2167, 0x2167, 0x2167, 0x2188, 0x2187, 0x2188, 0x2187, 0x2167, 0x2187, 0x2167, 0x2167,
        0x2167, 0x2187, 0x2167, 0x2167, 0x2167, 0x2187, 0x2167, 0x2167, 0x2187, 0x2167, 0x2187, 0x2188,
        0x2188, 0x2187, 0x2167, 0x2188, 0x2187, 0x2188, 0x2187, 0x2188, 0x2188, 0x2188, 0x2188, 0x2187,
        0x2188, 0x2988, 0x2187, 0x2188, 0x2167, 0x2187, 0x2167, 0x2167, 0x2167, 0x2167, 0x2187, 0x2167,
        0x2188, 0x2187, 0x2988, 0x2187, 0x2167, 0x2167, 0x2187, 0x2188, 0x2187, 0x2167, 0x2167, 0x2167,
        0x2167, 0x2167, 0x2167, 0x2167, 0x2167, 0x2167, 0x2167, 0x2167, 0x2988, 0x2187, 0x2187, 0x2188,
        0x2188, 0x2188, 0x2988, 0x2988, 0x29A8, 0x2188, 0x2188, 0x2988, 0x29A8, 0x2187, 0x2188, 0x2187,
        0x2188, 0x2187, 0x2167, 0x2187, 0x2167, 0x2167, 0x2187, 0x2188, 0x2147, 0x4AAC, 0x8493, 0x84B4,
        0x324B, 0x324B, 0x324B, 0x324B, 0x324B, 0x324B, 0x324B, 0x324B, 0x324B, 0x324B, 0x324B, 0x324B,
        0x324B, 0x324B, 0x324B, 0x324B, 0x7C32, 0x94F5, 0x636F, 0x2187, 0x29A8, 0x2188, 0x2188, 0x2187,
        0x2187, 0x2187, 0x2167, 0x2167, 0x2187, 0x2167, 0x2187, 0x29A8, 0x29C8, 0x31C9, 0x29C8, 0x29C8,
        0x29C8, 0x29A8, 0x29A8, 0x29C9, 0x29A8, 0x29A8, 0x29A8, 0x29A8, 0x29A8, 0x29A8, 0x29A8, 0x29C8,
        0x2988, 0x2188, 0x2188, 0x2188, 0x2188, 0x2187, 0x2988, 0x2188, 0x2988, 0x2187, 0x2188, 0x2187,
        0x2187, 0x2188, 0x2188, 0x2188, 0x2188, 0x2187, 0x2187, 0x29A8, 0x29A8, 0x2187, 0x2188, 0x2188,
        0x2187, 0x2167, 0x2187, 0x2187, 0x2187, 0x2167, 0x2167, 0x2187, 0x2167, 0x2167, 0x2167, 0x2167,
        0x2167, 0x2167, 0x2187, 0x2187, 0x2187, 0x2187, 0x2187, 0x2188, 0x2187, 0x2167, 0x2187, 0x2187,
        0x2187, 0x2187, 0x2188, 0x2187, 0x2187, 0x2187, 0x2187, 0x2188, 0x2167, 0x2167, 0x2167, 0x2187,
        0x2167, 0x2187, 0x2188, 0x2188, 0x2188, 0x2988, 0x2988, 0x2187, 0x2188, 0x2188, 0x2188, 0x2988,
        0x2188, 0x2188, 0x2167, 0x2188, 0x2188, 0x2188, 0x2188, 0x2188, 0x29A8, 0x3A2A, 0x426B, 0x426B,
        0x428B, 0x4AAC, 0x4AAC, 0x4AAC, 0x4AAC, 0x4AAC, 0x4AAC, 0x428B, 0x426B, 0x3A2A, 0x31E9, 0x29A8,
        0x2167, 0x2167, 0x2167, 0x2167, 0x2187, 0x2187, 0x2167, 0x2187, 0x2167, 0x2187, 0x2167, 0x2187,
        0x2187, 0x2167, 0x2188, 0x2167, 0x2187, 0x2187, 0x2167, 0x2167, 0x2167, 0x2167, 0x2167, 0x2187,
        0x2187, 0x2187, 0x2188, 0x2187, 0x2187, 0x2988, 0x2187, 0x2188, 0x2187, 0x2187, 0x2188, 0x2188,
        0x2188, 0x2188, 0x2988, 0x2188, 0x2167, 0x2167, 0x2167, 0x2167, 0x2187, 0x2187, 0x2187, 0x2167,
        0x2187, 0x2167, 0x2187, 0x2167, 0x2167, 0x2187, 0x2167, 0x2188, 0x2188, 0x2167, 0x2167, 0x2187,
        0x2188, 0x2188, 0x2187, 0x2187, 0x2188, 0x2188, 0x2188, 0x2187, 0x2188, 0x2167, 0x2187, 0x2167,
        0x2167, 0x2187, 0x2167, 0x2167, 0x2167, 0x2187, 0x2167, 0x2167, 0x2187, 0x2167, 0x2167, 0x2188,
        0x2188, 0x2187, 0x2187, 0x29A8, 0x29A8, 0x29A8, 0x29A8, 0x2188, 0x29A8, 0x29A8, 0x29A8, 0x29A8,
        0x29A8, 0x29C8, 0x29A8, 0x29A8, 0x2988, 0x29A8, 0x2188, 0x2187, 0x2188, 0x2188, 0x2187, 0x2167,
        0x2187, 0x2187, 0x2167, 0x2187, 0x2167, 0x2187, 0x2188, 0x2187, 0x2187, 0x2187, 0x2187, 0x2187,
        0x2187, 0x2187, 0x2187, 0x2167, 0x2167, 0x2187, 0x2167, 0x2187, 0x2188, 0x2188, 0x2188, 0x2188,
        0x2187, 0x2167, 0x2167, 0x2187, 0x2167, 0x2167, 0x2167, 0x2167, 0x2167, 0x2167, 0x2167, 0x2167,
        0x2167, 0x2167, 0x2167, 0x2167, 0x29A8, 0x2988, 0x2167, 0x2167, 0x2167, 0x2187, 0x2187, 0x2188,
        0x2167, 0x4AAC, 0x8493, 0x8CD4, 0x324B, 0x324B, 0x324B, 0x324B, 0x324B, 0x324B, 0x324B, 0x324B,
        0x324B, 0x324B, 0x324B, 0x324B, 0x324B, 0x324B, 0x324B, 0x324B, 0x7C52, 0x94F5, 0x638F, 0x2188,
        0x2188, 0x2188, 0x2187, 0x2187, 0x2187, 0x2187, 0x2167, 0x2167, 0x2167, 0x2167, 0x2167, 0x31E9,
        0x6390, 0x7411, 0x6BD1, 0x6BB0, 0x6BF1, 0x6BF1, 0x6BD1, 0x73F1, 0x7412, 0x6BF1, 0x6BF1, 0x7411,
        0x6BF1, 0x73F1, 0x7432, 0x7412, 0x6BF1, 0x7412, 0x7412, 0x3A4A, 0x2167, 0x29A8, 0x2188, 0x2187,
        0x2167, 0x3A4A, 0x7412, 0x7412, 0x7411, 0x7412, 0x7412, 0x7412, 0x73F1, 0x73F1, 0x73F1, 0x6BD1,
        0x6BD1, 0x73F1, 0x6BF1, 0x6BF1, 0x7432, 0x4ACD, 0x2167, 0x2188, 0x2187, 0x2167, 0x2187, 0x2167,
        0x2167, 0x2187, 0x2187, 0x2167, 0x2167, 0x2167, 0x2167, 0x2187, 0x2187, 0x2187, 0x2187, 0x2188,
        0x2187, 0x2187, 0x2187, 0x2187, 0x2187, 0x2187, 0x2188, 0x2187, 0x2187, 0x2187, 0x2187, 0x2187,
        0x2187, 0x2187, 0x2167, 0x2187, 0x2187, 0x2167, 0x2167, 0x2188, 0x2187, 0x2187, 0x2167, 0x2188,
        0x29A8, 0x2188, 0x2167, 0x2988, 0x2988, 0x29A8, 0x3209, 0x3A2A, 0x428C, 0x5B4F, 0x6BF1, 0x6BF1,
        0x7411, 0x7C73, 0x7C73, 0x8493, 0x8493, 0x8494, 0x84B4, 0x84B4, 0x8493, 0x84B4, 0x8473, 0x8493,
        0x7C73, 0x7C32, 0x7412, 0x6BD1, 0x6BB0, 0x5B4E, 0x4AAC, 0x428B, 0x3209, 0x2188, 0x2187, 0x2188,
        0x2167, 0x2167, 0x2187, 0x2188, 0x2187, 0x2167, 0x2167, 0x2167, 0x2167, 0x2187, 0x2167, 0x2167,
        0x2167, 0x2187, 0x2187, 0x2187, 0x2187, 0x2187, 0x2188, 0x2188, 0x2187, 0x2188, 0x2188, 0x2188,
        0x2188, 0x2188, 0x2187, 0x2167, 0x2188, 0x2188, 0x29A8, 0x29A8, 0x31E9, 0x3209, 0x3A2A, 0x3A4A,
        0x3A4A, 0x3A4A, 0x428C, 0x4AAC, 0x4AAC, 0x428C, 0x4AAC, 0x428C, 0x426B, 0x3A4A, 0x3A2A, 0x31E9,
        0x29C9, 0x29C9, 0x29A8, 0x2187, 0x2167, 0x2167, 0x2167, 0x2188, 0x29A8, 0x2988, 0x2988, 0x2187,
        0x2187, 0x2188, 0x2187, 0x2167, 0x2187, 0x2187, 0x2187, 0x2167, 0x2167, 0x2167, 0x2167, 0x2167,
        0x2167, 0x2167, 0x2167, 0x2188, 0x31E9, 0x5B2E, 0x5B4F, 0x636F, 0x5B4F, 0x5B4E, 0x636F, 0x5B4F,
        0x5B4F, 0x5B6F, 0x636F, 0x5B4F, 0x5B4F, 0x5B6F, 0x5B4F, 0x638F, 0x52ED, 0x29C8, 0x2988, 0x2988,
        0x2988, 0x2187, 0x2188, 0x2187, 0x2187, 0x2187, 0x2187, 0x2187, 0x2187, 0x2187, 0x2187, 0x2188,
        0x2187, 0x2188, 0x2187, 0x2187, 0x2167, 0x2187, 0x2187, 0x2167, 0x2167, 0x2187, 0x2167, 0x2988,
        0x2188, 0x2988, 0x2188, 0x29A8, 0x5B2E, 0x638F, 0x6390, 0x638F, 0x636F, 0x636F, 0x638F, 0x5B6F,
        0x636F, 0x638F, 0x5B4F, 0x5B4E, 0x5B6F, 0x638F, 0x636F, 0x4ACC, 0x29A8, 0x2988, 0x2187, 0x2167,
        0x2187, 0x2988, 0x2187, 0x2988, 0x2187, 0x428B, 0x7C73, 0x8CD5, 0x324B, 0x324B, 0x324B, 0x324B,
        0x324B, 0x324B, 0x324B, 0x324B, 0x324B, 0x324B, 0x324B, 0x324B, 0x324B, 0x324B, 0x324B, 0x324B,
        0x7C32, 0x94F5, 0x6390, 0x2188, 0x2188, 0x2187, 0x2187, 0x2187, 0x2167, 0x2167, 0x2167, 0x2167,
        0x2167, 0x2188, 0x2147, 0x3A4A, 0x7C73, 0x8CB4, 0x8CD5, 0x94F5, 0x94F5, 0x94F5, 0x94F5, 0x94F5,
        0x94F5, 0x94F5, 0x94F5, 0x94F5, 0x94F5, 0x94F5, 0x8CF5, 0x8CD4, 0x8CD4, 0x84B4, 0x84B4, 0x428C,
        0x2167, 0x29A8, 0x2188, 0x2187, 0x2167, 0x428C, 0x8CD4, 0x8CD5, 0x84B4, 0x8CD4, 0x8CD5, 0x8CF5,
        0x8CF5, 0x8CF5, 0x8CD4, 0x8CD5, 0x94F5, 0x94F5, 0x8CD5, 0x84B4, 0x8CD4, 0x636F, 0x2167, 0x2167,
        0x2167, 0x2167, 0x2167, 0x2167, 0x2167, 0x2167, 0x2188, 0x2187, 0x2187, 0x2187, 0x2187, 0x2187,
        0x2187, 0x2187, 0x2188, 0x2188, 0x2188, 0x2167, 0x2167, 0x2167, 0x2167, 0x2167, 0x2187, 0x2187,
        0x2187, 0x2187, 0x2187, 0x2167, 0x2187, 0x2187, 0x2167, 0x2187, 0x2187, 0x2187, 0x2187, 0x2187,
        0x2187, 0x2188, 0x2988, 0x2187, 0x2187, 0x2188, 0x320A, 0x4AAC, 0x530D, 0x63B0, 0x8493, 0x84B4,
        0x8CD5, 0x8CD5, 0x8CD4, 0x8CD5, 0x94F5, 0x94F5, 0x8CF5, 0x94F5, 0x8CF5, 0x8CF5, 0x8CF5, 0x8CF5,
        0x8CF5, 0x94F5, 0x8CF5, 0x94F5, 0x94F5, 0x94F5, 0x94F5, 0x94F5, 0x8CF5, 0x8CD5, 0x84B4, 0x8493,
        0x7C52, 0x63B0, 0x530D, 0x428B, 0x31E9, 0x29A8, 0x2187, 0x2167, 0x2188, 0x2187, 0x2187, 0x2167,
        0x2187, 0x2188, 0x2187, 0x2187, 0x2187, 0x2187, 0x2188, 0x2187, 0x2187, 0x2187, 0x2188, 0x2187,
        0x2188, 0x2988, 0x2988, 0x2187, 0x2167, 0x2187, 0x31E9, 0x3A4B, 0x428C, 0x52ED, 0x5B2E, 0x638F,
        0x7411, 0x7C53, 0x8493, 0x8CD5, 0x8CD5, 0x8CD5, 0x8CF5, 0x8CF5, 0x8CF5, 0x8CD5, 0x8CD5, 0x8CD4,
        0x8CB4, 0x84B4, 0x8CB4, 0x8473, 0x7432, 0x6BD1, 0x6390, 0x5B2E, 0x4AAC, 0x426B, 0x31E9, 0x2988,
        0x2167, 0x2187, 0x2187, 0x29A8, 0x2988, 0x2187, 0x2187, 0x2188, 0x2187, 0x2187, 0x2187, 0x2167,
        0x2167, 0x2167, 0x2167, 0x2167, 0x2167, 0x2167, 0x2167, 0x2167, 0x3A4A, 0x8494, 0x8CD5, 0x8CD5,
        0x8CD5, 0x94F5, 0x94F5, 0x94F5, 0x94F5, 0x94F5, 0x94F5, 0x94F5, 0x94F5, 0x94F5, 0x8CF5, 0x94F5,
        0x8CD4, 0x5B4E, 0x3209, 0x29A8, 0x29A8, 0x29A8, 0x2188, 0x29A8, 0x2188, 0x2187, 0x2187, 0x2187,
        0x2187, 0x2187, 0x2167, 0x2187, 0x2188, 0x2167, 0x2187, 0x2167, 0x2167, 0x2167, 0x2187, 0x2167,
        0x2167, 0x2187, 0x2187, 0x2167, 0x29A8, 0x2167, 0x29A8, 0x636F, 0x8CD5, 0x8CD5, 0x8CD5, 0x8CF5,
        0x8CD5, 0x8CD5, 0x8CF5, 0x8CD5, 0x8CD5, 0x8CF5, 0x94F5, 0x94F5, 0x94F5, 0x8CF5, 0x8CF5, 0x638F,
        0x2187, 0x2188, 0x2188, 0x2188, 0x2167, 0x2188, 0x2188, 0x2988, 0x2167, 0x4AAC, 0x8493, 0x8494,
        0x324B, 0x324B, 0x324B, 0x324B, 0x324B, 0x324B, 0x324B, 0x324B, 0x324B, 0x324B, 0x324B, 0x324B,
        0x324B, 0x324B, 0x324B, 0x324B, 0x7C32, 0x94F5, 0x5B4E, 0x2167, 0x2988, 0x2187, 0x2187, 0x2187,
        0x2187, 0x2187, 0x2187, 0x2167, 0x2187, 0x2188, 0x2167, 0x29A8, 0x426B, 0x426B, 0x4AAC, 0x5B2E,
        0x6BD1, 0x8493, 0x8CF5, 0x8CD5, 0x8CD5, 0x8CD5, 0x8CF5, 0x8CD5, 0x8CD5, 0x8CD5, 0x7C73, 0x52ED,
        0x3A4A, 0x426B, 0x428B, 0x31E9, 0x2988, 0x29A8, 0x2188, 0x2187, 0x2187, 0x31E9, 0x428C, 0x3A4B,
        0x3A0A, 0x530D, 0x8CD4, 0x8CD5, 0x84B4, 0x8CB4, 0x94F5, 0x8CF5, 0x73F1, 0x5B2E, 0x52ED, 0x428B,
        0x426B, 0x320A, 0x2167, 0x2188, 0x2188, 0x2167, 0x2167, 0x2167, 0x2187, 0x2167, 0x2187, 0x2988,
        0x2188, 0x2187, 0x2188, 0x2188, 0x2188, 0x2188, 0x2188, 0x2988, 0x2188, 0x2187, 0x2167, 0x2167,
        0x2167, 0x2187, 0x2187, 0x2187, 0x2188, 0x2187, 0x2187, 0x2167, 0x2167, 0x2187, 0x2167, 0x2167,
        0x2188, 0x2188, 0x2988, 0x29A8, 0x29A8, 0x29A8, 0x2188, 0x2988, 0x426B, 0x5B4E, 0x7C73, 0x8CB4,
        0x94F5, 0x94F5, 0x8CF5, 0x8CD4, 0x8CD4, 0x8CD5, 0x94F5, 0x8CF5, 0x8493, 0x7C52, 0x6BD1, 0x638F,
        0x5B6F, 0x5B4E, 0x5B4E, 0x5B2E, 0x5B2E, 0x5B2E, 0x636F, 0x5B6F, 0x636F, 0x6BD1, 0x7412, 0x7C73,
        0x8493, 0x8CB4, 0x94F5, 0x94F5, 0x8CD5, 0x8CF5, 0x8CD4, 0x8494, 0x7412, 0x638F, 0x3A4A, 0x29A8,
        0x2167, 0x29A8, 0x29A8, 0x2188, 0x2988, 0x2188, 0x2187, 0x2187, 0x2187, 0x2187, 0x2167, 0x2187,
        0x2188, 0x2187, 0x2188, 0x29A8, 0x2188, 0x2187, 0x29A8, 0x31E9, 0x4AAC, 0x636F, 0x73F1, 0x8493,
        0x8CB4, 0x94F5, 0x94F5, 0x94F5, 0x94F5, 0x94F5, 0x8CF5, 0x8CD4, 0x84B4, 0x8493, 0x8493, 0x8473,
        0x7C73, 0x7C53, 0x8493, 0x84B4, 0x8493, 0x8CD5, 0x8CF5, 0x8CF5, 0x8CF5, 0x8CD4, 0x8CD4, 0x8CD4,
        0x84B4, 0x84B4, 0x7412, 0x636F, 0x4AAC, 0x3209, 0x29A8, 0x2167, 0x2988, 0x2988, 0x2988, 0x2188,
        0x2188, 0x2187, 0x2167, 0x2167, 0x2187, 0x2167, 0x2167, 0x2167, 0x2187, 0x2188, 0x2988, 0x2187,
        0x29A8, 0x4AAC, 0x4AAC, 0x52ED, 0x530E, 0x636F, 0x6BF1, 0x8493, 0x8CD4, 0x8CD5, 0x8CB4, 0x8CD5,
        0x8CB4, 0x8CD4, 0x8CD4, 0x8CD4, 0x8CD5, 0x8CF5, 0x6BF1, 0x31E9, 0x2988, 0x29A8, 0x29A8, 0x29A8,
        0x29A8, 0x2188, 0x2187, 0x2187, 0x2187, 0x2187, 0x2187, 0x2187, 0x2187, 0x2187, 0x2187, 0x2187,
        0x2187, 0x2187, 0x2187, 0x2187, 0x2167, 0x2167, 0x2188, 0x29A8, 0x2167, 0x29C8, 0x63B0, 0x8CD5,
        0x8CD4, 0x8CD4, 0x8CD4, 0x8CD5, 0x8CF5, 0x8CD5, 0x8CD5, 0x8CD5, 0x8CD4, 0x8493, 0x73F1, 0x6390,
        0x636F, 0x530D, 0x530D, 0x426B, 0x2187, 0x29A8, 0x2187, 0x2188, 0x2167, 0x2187, 0x2988, 0x29A8,
        0x2167, 0x4AAC, 0x8493, 0x8494, 0x324B, 0x324B, 0x324B, 0x324B, 0x324B, 0x324B, 0x324B, 0x324B,
        0x324B, 0x324B, 0x324B, 0x324B, 0x324B, 0x324B, 0x324B, 0x324B, 0x7412, 0x94F5, 0x636F, 0x2188,
        0x2988, 0x2187, 0x2187, 0x2187, 0x2187, 0x2187, 0x2187, 0x2167, 0x2167, 0x2167, 0x2167, 0x2187,
        0x2167, 0x2187, 0x2167, 0x2988, 0x29C8, 0x4AAC, 0x6BD0, 0x84B4, 0x8CD4, 0x8CD4, 0x8CF5, 0x8CD4,
        0x8CD4, 0x94F5, 0x84B4, 0x7412, 0x3A4A, 0x2167, 0x2988, 0x2188, 0x29A8, 0x29A8, 0x2188, 0x29A8,
        0x29A8, 0x2188, 0x2188, 0x31E9, 0x530D, 0x7432, 0x8CD4, 0x8CD4, 0x8CF5, 0x94F5, 0x6390, 0x4ACD,
        0x31E9, 0x2188, 0x2988, 0x2187, 0x2187, 0x2187, 0x2188, 0x2188, 0x2167, 0x2167, 0x2167, 0x2187,
        0x2187, 0x2167, 0x2187, 0x2988, 0x2188, 0x2187, 0x2187, 0x2188, 0x2188, 0x2188, 0x2988, 0x2988,
        0x2988, 0x2187, 0x2187, 0x2187, 0x2187, 0x2187, 0x2167, 0x2167, 0x2187, 0x2167, 0x2167, 0x2167,
        0x2167, 0x2167, 0x2167, 0x2167, 0x2188, 0x29A8, 0x29A8, 0x29A8, 0x2188, 0x2988, 0x426B, 0x636F,
        0x8494, 0x94F5, 0x94F5, 0x94F5, 0x8CD5, 0x8CD4, 0x8CD4, 0x8CD5, 0x8CD4, 0x8493, 0x6BD0, 0x530D,
        0x3A2A, 0x3A2A, 0x31E9, 0x2988, 0x2188, 0x2167, 0x2187, 0x2187, 0x2988, 0x2188, 0x2988, 0x2187,
        0x29A8, 0x31E9, 0x31E9, 0x3A4B, 0x426B, 0x4ACD, 0x5B6F, 0x6BF1, 0x8CD5, 0x94F5, 0x8CD5, 0x8CF5,
        0x8CF5, 0x8CF5, 0x7C52, 0x6BF1, 0x426B, 0x29A8, 0x29A8, 0x2988, 0x2188, 0x2188, 0x2187, 0x2187,
        0x2187, 0x2167, 0x2187, 0x2188, 0x2188, 0x29A8, 0x2188, 0x2167, 0x29C8, 0x3A2A, 0x636F, 0x7C52,
        0x84B4, 0x94F5, 0x94F5, 0x8CF5, 0x8CF5, 0x8CD5, 0x8CD5, 0x8494, 0x7C32, 0x6BB0, 0x5B4E, 0x4AAC,
        0x428B, 0x3A4A, 0x3A4B, 0x3A4A, 0x3A2A, 0x3A2A, 0x3A4B, 0x426B, 0x428B, 0x4ACD, 0x5B4E, 0x73F1,
        0x8493, 0x8CF5, 0x8CF5, 0x8CD4, 0x8CD4, 0x8CD5, 0x8CD5, 0x8CF5, 0x84B4, 0x7432, 0x6390, 0x426B,
        0x31E9, 0x29A8, 0x2188, 0x2187, 0x29A8, 0x2988, 0x2187, 0x2187, 0x2167, 0x2167, 0x2187, 0x2187,
        0x2188, 0x2187, 0x2167, 0x2188, 0x2187, 0x2167, 0x29A8, 0x29A8, 0x29A8, 0x29A8, 0x29C9, 0x5B4F,
        0x94F5, 0x8CD5, 0x8CD4, 0x8CF5, 0x8CD4, 0x8CD5, 0x8CF5, 0x8CD5, 0x8CD4, 0x8CD4, 0x94F5, 0x7432,
        0x31E9, 0x2187, 0x29A8, 0x29A8, 0x29A8, 0x2188, 0x2188, 0x2188, 0x2187, 0x2167, 0x2187, 0x2187,
        0x2187, 0x2187, 0x2187, 0x2187, 0x2187, 0x2187, 0x2187, 0x2187, 0x2187, 0x2187, 0x2188, 0x29A8,
        0x3A0A, 0x638F, 0x94F5, 0x8CB4, 0x8CB4, 0x8CD5, 0x8CD5, 0x8CD5, 0x8CD4, 0x8CD5, 0x8CD5, 0x8CD5,
        0x8CD5, 0x5B4E, 0x29C9, 0x2188, 0x2188, 0x29A8, 0x29A8, 0x29A8, 0x2188, 0x2988, 0x2187, 0x2187,
        0x2167, 0x2187, 0x2187, 0x2188, 0x2167, 0x428C, 0x7C73, 0x8CD4, 0x324B, 0x324B, 0x324B, 0x324B,
        0x324B, 0x324B, 0x324B, 0x324B, 0x324B, 0x324B, 0x324B, 0x324B, 0x324B, 0x324B, 0x324B, 0x324B,
        0x7432, 0x8CF5, 0x638F, 0x2988, 0x2188, 0x2187, 0x2187, 0x2187, 0x2187, 0x2187, 0x2187, 0x2167,
        0x2187, 0x2187, 0x2167, 0x2187, 0x2187, 0x2988, 0x2188, 0x29A8, 0x2187, 0x2188, 0x31E9, 0x4ACD,
        0x7C73, 0x8CF5, 0x8CF5, 0x8CF5, 0x8CD5, 0x8CD5, 0x8CF5, 0x94F5, 0x84B4, 0x4ACD, 0x29A8, 0x29A8,
        0x29A8, 0x29A8, 0x29A8, 0x29A8, 0x2988, 0x3A2A, 0x530D, 0x8473, 0x8CB4, 0x8CF5, 0x8CD5, 0x8CD5,
        0x7412, 0x4ACD, 0x2988, 0x2187, 0x2988, 0x29A8, 0x2188, 0x2188, 0x2188, 0x2187, 0x2167, 0x2167,
        0x2187, 0x2187, 0x2167, 0x2167, 0x2167, 0x2167, 0x2187, 0x2188, 0x2188, 0x2187, 0x2188, 0x2988,
        0x2988, 0x2988, 0x29A8, 0x29A8, 0x29A8, 0x2988, 0x2988, 0x2188, 0x2188, 0x29A8, 0x2188, 0x2187,
        0x2187, 0x2167, 0x2167, 0x2187, 0x2187, 0x2187, 0x2188, 0x2167, 0x2187, 0x2988, 0x29A8, 0x2988,
        0x29A8, 0x5B4E, 0x8493, 0x94F5, 0x8CD5, 0x8CD4, 0x8CD5, 0x8CD4, 0x8CD5, 0x8CD5, 0x8CF5, 0x84B4,
        0x530D, 0x3A2A, 0x29C9, 0x2188, 0x2988, 0x29A8, 0x29A8, 0x2988, 0x29A8, 0x2187, 0x2188, 0x2187,
        0x2988, 0x29A8, 0x2188, 0x2188, 0x2988, 0x2988, 0x29A8, 0x2988, 0x2988, 0x2188, 0x29A8, 0x3209,
        0x52ED, 0x6BD1, 0x8CD5, 0x8CD4, 0x84B4, 0x8CD5, 0x94F5, 0x94F5, 0x5B2E, 0x2188, 0x2988, 0x2188,
        0x2188, 0x2188, 0x2188, 0x2188, 0x2188, 0x2187, 0x2188, 0x2188, 0x2988, 0x2988, 0x29A8, 0x31E9,
        0x6390, 0x8493, 0x8CF5, 0x8CF5, 0x8CF5, 0x8CD4, 0x8CD4, 0x8CF5, 0x84B4, 0x7432, 0x6BD0, 0x4AAC,
        0x3A2A, 0x29A8, 0x29A8, 0x2167, 0x2187, 0x2187, 0x2167, 0x2187, 0x2188, 0x2187, 0x2167, 0x2167,
        0x2188, 0x2167, 0x2988, 0x31E9, 0x3A4A, 0x4ACD, 0x6BF1, 0x8494, 0x94F5, 0x8CD5, 0x8CD4, 0x8CD4,
        0x8CF5, 0x8CF5, 0x8CF5, 0x7C73, 0x7412, 0x5B2E, 0x29C9, 0x2188, 0x29A8, 0x2988, 0x2188, 0x2188,
        0x2187, 0x2187, 0x2167, 0x2187, 0x2187, 0x2187, 0x2187, 0x2167, 0x2167, 0x29A8, 0x2187, 0x2187,
        0x29A8, 0x29A8, 0x2167, 0x428C, 0x8CF5, 0x8CD4, 0x8CD5, 0x8CF5, 0x8CD5, 0x8CD5, 0x8CD4, 0x8CD5,
        0x8CF5, 0x8CD5, 0x8CD4, 0x94F5, 0x7C32, 0x3A4A, 0x29A8, 0x29A8, 0x29A8, 0x2988, 0x2988, 0x2988,
        0x2187, 0x2167, 0x2187, 0x2187, 0x2187, 0x2187, 0x2187, 0x2187, 0x2187, 0x2187, 0x2187, 0x2187,
        0x2988, 0x2988, 0x2187, 0x3A4B, 0x8493, 0x8CD4, 0x8CD5, 0x8CD4, 0x8CF5, 0x8CF5, 0x8CD5, 0x8CD5,
        0x8CD5, 0x8CD5, 0x8CF5, 0x8CD5, 0x7C73, 0x426B, 0x2167, 0x29A8, 0x29A8, 0x2188, 0x2988, 0x2188,
        0x2187, 0x2188, 0x2188, 0x2187, 0x2167, 0x2187, 0x2188, 0x2988, 0x2167, 0x428C, 0x8493, 0x8493,
        0x324B, 0x324B, 0x324B, 0x324B, 0x324B, 0x324B, 0x324B, 0x324B, 0x324B, 0x324B, 0x324B, 0x324B,
        0x324B, 0x324B, 0x324B, 0x324B, 0x7432, 0x8CF5, 0x638F, 0x2188, 0x29A8, 0x2167, 0x2167, 0x2167,
        0x2187, 0x2188, 0x2187, 0x2167, 0x2167, 0x2167, 0x2167, 0x2167, 0x2187, 0x2188, 0x2187, 0x2187,
        0x2188, 0x2988, 0x29A8, 0x2187, 0x426B, 0x7432, 0x8CD4, 0x94F5, 0x8CB4, 0x8CD5, 0x8CD4, 0x8CD4,
        0x8CD4, 0x8CD4, 0x638F, 0x3A4A, 0x29A8, 0x29C9, 0x29A8, 0x29A8, 0x428B, 0x7C53, 0x8CB4, 0x8CD4,
        0x8CF5, 0x8CF5, 0x84B4, 0x52ED, 0x31C9, 0x29A8, 0x29A8, 0x29A8, 0x2988, 0x2188, 0x2188, 0x2188,
        0x2187, 0x2187, 0x2167, 0x2167, 0x2188, 0x2187, 0x2187, 0x2167, 0x2187, 0x2187, 0x2187, 0x2187,
        0x2188, 0x2988, 0x2988, 0x2187, 0x2188, 0x2988, 0x2188, 0x29A8, 0x2187, 0x2188, 0x2988, 0x2187,
        0x2187, 0x2188, 0x2988, 0x2187, 0x2187, 0x2188, 0x2187, 0x2188, 0x2188, 0x2988, 0x29A8, 0x2188,
        0x2187, 0x29A8, 0x2188, 0x29A8, 0x6BD1, 0x94F5, 0x8CF5, 0x8CD4, 0x8CD5, 0x8CF5, 0x8CF5, 0x8CD5,
        0x8CF5, 0x8CD5, 0x530D, 0x3A4B, 0x2188, 0x2988, 0x2988, 0x29A8, 0x29A8, 0x29A8, 0x2188, 0x2188,
        0x2188, 0x2188, 0x2188, 0x2187, 0x2187, 0x2187, 0x2167, 0x2187, 0x2187, 0x2188, 0x29A8, 0x2988,
        0x2188, 0x2188, 0x2988, 0x2188, 0x29A8, 0x29C9, 0x5B4F, 0x7C73, 0x8CF5, 0x8CD5, 0x8494, 0x530D,
        0x29C9, 0x29A8, 0x2187, 0x29A8, 0x2188, 0x2187, 0x2188, 0x2188, 0x2187, 0x2188, 0x2187, 0x2187,
        0x2988, 0x29C9, 0x4AAC, 0x7C52, 0x94F5, 0x8CF5, 0x8CD4, 0x8CD5, 0x8CD4, 0x8CD5, 0x84B4, 0x6BD1,
        0x4ACD, 0x31E9, 0x29A8, 0x29A8, 0x2988, 0x2188, 0x2188, 0x2988, 0x29A8, 0x29A8, 0x2988, 0x2988,
        0x2988, 0x2188, 0x2988, 0x2988, 0x2188, 0x2188, 0x2988, 0x2188, 0x2988, 0x29C8, 0x29C9, 0x426B,
        0x63B0, 0x84B4, 0x8CF5, 0x84B4, 0x8CD5, 0x8CD4, 0x8CD5, 0x8CF5, 0x8CF5, 0x8CD5, 0x6BD0, 0x3209,
        0x2188, 0x2988, 0x2988, 0x2988, 0x2188, 0x2187, 0x2167, 0x2167, 0x2167, 0x2187, 0x2187, 0x2187,
        0x2187, 0x2188, 0x2187, 0x2187, 0x2188, 0x29A8, 0x2187, 0x4AAC, 0x8CF5, 0x8CD4, 0x8CD5, 0x8CF5,
        0x8CF5, 0x8CD5, 0x8CD5, 0x8CF5, 0x8CD4, 0x8CF5, 0x8CF5, 0x8CD4, 0x94F5, 0x7C52, 0x3A2A, 0x2188,
        0x29A8, 0x2988, 0x29A8, 0x29A8, 0x2187, 0x2187, 0x2167, 0x2187, 0x2187, 0x2187, 0x2187, 0x2187,
        0x2187, 0x2187, 0x2187, 0x2187, 0x2187, 0x2188, 0x426B, 0x8493, 0x8CF5, 0x84B4, 0x8CD4, 0x8CD5,
        0x7C52, 0x8CD5, 0x8CD5, 0x8CD5, 0x8CD5, 0x8CD5, 0x8CD4, 0x8CD5, 0x8473, 0x3A4B, 0x2988, 0x2988,
        0x2188, 0x2188, 0x2188, 0x2188, 0x2188, 0x29A8, 0x2188, 0x2187, 0x2187, 0x2187, 0x2188, 0x2988,
        0x2167, 0x4AAC, 0x84B4, 0x8493, 0x324B, 0x324B, 0x324B, 0x324B, 0x324B, 0x324B, 0x324B, 0x324B,
        0x324B, 0x324B, 0x324B, 0x324B, 0x324B, 0x324B, 0x324B, 0x324B, 0x7432, 0x94F5, 0x636F, 0x2188,
        0x2188, 0x2187, 0x2187, 0x2167, 0x2188, 0x2188, 0x2188, 0x2167, 0x2167, 0x2167, 0x2167, 0x2167,
        0x2167, 0x2167, 0x2187, 0x2187, 0x2188, 0x2187, 0x2187, 0x2188, 0x2188, 0x3209, 0x4ACD, 0x7C73,
        0x8CF5, 0x8CD5, 0x8CD5, 0x8CF5, 0x94F5, 0x8CF5, 0x8CD5, 0x8493, 0x530D, 0x29A8, 0x428B, 0x6390,
        0x8CB4, 0x8CD5, 0x8CF5, 0x94F5, 0x84B4, 0x638F, 0x426B, 0x2188, 0x29A8, 0x29A8, 0x2988, 0x2188,
        0x2188, 0x2187, 0x2187, 0x2187, 0x2187, 0x2187, 0x2187, 0x2167, 0x2187, 0x2187, 0x2187, 0x2187,
        0x2188, 0x2167, 0x2187, 0x2188, 0x2188, 0x2167, 0x29A8, 0x3A4A, 0x4ACD, 0x530E, 0x530E, 0x4AAC,
        0x3A4B, 0x31C9, 0x2167, 0x29A8, 0x29A8, 0x2187, 0x2988, 0x2188, 0x2187, 0x2188, 0x2988, 0x2188,
        0x2188, 0x2988, 0x2188, 0x2187, 0x2188, 0x29A8, 0x29A8, 0x638F, 0x94F5, 0x8CD4, 0x8CD5, 0x8CD5,
        0x8CF5, 0x8CD5, 0x8CD5, 0x8CB4, 0x8CB4, 0x52ED, 0x2188, 0x29A8, 0x29A8, 0x29A8, 0x29A8, 0x2988,
        0x2988, 0x2988, 0x2188, 0x2187, 0x2167, 0x2187, 0x2187, 0x2187, 0x2187, 0x2187, 0x2167, 0x2167,
        0x2167, 0x2188, 0x2988, 0x2187, 0x2188, 0x2187, 0x2187, 0x29A8, 0x29A8, 0x2187, 0x29A8, 0x3A4B,
        0x7C73, 0x6BD0, 0x3A4A, 0x29A8, 0x2188, 0x2988, 0x2988, 0x2988, 0x2187, 0x2187, 0x2188, 0x2188,
        0x2187, 0x2167, 0x2187, 0x2188, 0x29C8, 0x5B4F, 0x8CF5, 0x8CF5, 0x8CD4, 0x8CD5, 0x8CD4, 0x8CD4,
        0x94F5, 0x84B4, 0x52ED, 0x29A8, 0x2188, 0x2988, 0x29A8, 0x29A8, 0x2188, 0x2188, 0x2188, 0x2988,
        0x2188, 0x2988, 0x2188, 0x2188, 0x2188, 0x2187, 0x2167, 0x2187, 0x2188, 0x2187, 0x2188, 0x2188,
        0x2988, 0x29A8, 0x2988, 0x2988, 0x29A8, 0x426B, 0x7C73, 0x94F5, 0x8CD5, 0x8CD5, 0x8CF5, 0x8CD5,
        0x8CD5, 0x8CD4, 0x8CF5, 0x7411, 0x320A, 0x29A8, 0x29A8, 0x2988, 0x2988, 0x2187, 0x2187, 0x2187,
        0x2167, 0x2187, 0x2187, 0x2187, 0x2188, 0x2187, 0x2187, 0x2188, 0x2188, 0x29A8, 0x2187, 0x4ACC,
        0x8CF5, 0x8CD4, 0x8CF5, 0x7C73, 0x6BD0, 0x8CD4, 0x94F5, 0x8CF5, 0x8CD5, 0x8CF5, 0x8CF5, 0x8CF5,
        0x8CD4, 0x94F5, 0x7C73, 0x3A4A, 0x2988, 0x29A8, 0x2988, 0x29A8, 0x2188, 0x2188, 0x2187, 0x2188,
        0x2187, 0x2187, 0x2187, 0x2187, 0x2187, 0x2187, 0x2188, 0x2188, 0x29A8, 0x4ACC, 0x8493, 0x8CF5,
        0x8CB4, 0x8CB4, 0x94F5, 0x5B4E, 0x426B, 0x8CF5, 0x8CD4, 0x8CD5, 0x8CD5, 0x8CD4, 0x8CD4, 0x8CD4,
        0x84B4, 0x428B, 0x2188, 0x2988, 0x2188, 0x2188, 0x2188, 0x2988, 0x29A8, 0x2988, 0x2188, 0x2187,
        0x2167, 0x2188, 0x2188, 0x2188, 0x2188, 0x4AAC, 0x8494, 0x84B4, 0x324B, 0x324B, 0x324B, 0x324B,
        0x324B, 0x324B, 0x324B, 0x324B, 0x324B, 0x324B, 0x324B, 0x324B, 0x324B, 0x324B, 0x324B, 0x324B,
        0x7432, 0x94F5, 0x638F, 0x2988, 0x2188, 0x2187, 0x2988, 0x2187, 0x2187, 0x2187, 0x2187, 0x2167,
        0x2167, 0x2167, 0x2167, 0x2167, 0x2167, 0x2167, 0x2187, 0x2187, 0x2188, 0x2187, 0x2188, 0x2188,
        0x2988, 0x2988, 0x2167, 0x3A2A, 0x7C52, 0x94F5, 0x8CF5, 0x8CD4, 0x7432, 0x8CD4, 0x8CD4, 0x94F5,
        0x8CB4, 0x6390, 0x84B4, 0x94F5, 0x8CB4, 0x94F5, 0x8494, 0x6BD0, 0x4AAC, 0x29A8, 0x29A8, 0x29A8,
        0x29A8, 0x2187, 0x2188, 0x2187, 0x2187, 0x2187, 0x2187, 0x2187, 0x2187, 0x2187, 0x2167, 0x2167,
        0x2187, 0x2187, 0x2187, 0x2187, 0x2187, 0x2167, 0x2167, 0x2188, 0x2988, 0x3209, 0x6BB0, 0x7C73,
        0x84B4, 0x8CD4, 0x8CF5, 0x84B4, 0x7C73, 0x6BD1, 0x320A, 0x2188, 0x2188, 0x2988, 0x2188, 0x2187,
        0x2187, 0x2188, 0x2188, 0x2188, 0x2988, 0x2188, 0x2988, 0x2988, 0x2988, 0x2167, 0x4AAC, 0x8CD5,
        0x8CD4, 0x8CD5, 0x8CF5, 0x8CF5, 0x8CF5, 0x8CF5, 0x8CF5, 0x7C52, 0x4ACC, 0x29C9, 0x29A8, 0x29A8,
        0x29A8, 0x2988, 0x29A8, 0x2988, 0x2988, 0x2188, 0x2187, 0x2187, 0x2187, 0x2167, 0x2167, 0x2187,
        0x2187, 0x2188, 0x2187, 0x2167, 0x2187, 0x2187, 0x2187, 0x2187, 0x2187, 0x2187, 0x2167, 0x2988,
        0x29A8, 0x29A8, 0x2187, 0x2988, 0x3209, 0x31E9, 0x2167, 0x2988, 0x2188, 0x29A8, 0x2188, 0x2188,
        0x2187, 0x2187, 0x2188, 0x2187, 0x2187, 0x2187, 0x2188, 0x2187, 0x4AAC, 0x8CF5, 0x8CD5, 0x8CD4,
        0x8CD5, 0x8CF5, 0x8CB4, 0x8CD5, 0x8494, 0x4AAC, 0x2188, 0x29A8, 0x29A8, 0x29A8, 0x2988, 0x2187,
        0x2188, 0x2188, 0x2187, 0x2188, 0x2188, 0x2187, 0x2187, 0x2187, 0x2187, 0x2167, 0x2167, 0x2187,
        0x2187, 0x2167, 0x2187, 0x2187, 0x2188, 0x2188, 0x2188, 0x2988, 0x29A8, 0x2188, 0x3A4A, 0x7412,
        0x8CD4, 0x8CF5, 0x8CF5, 0x94F5, 0x8CF5, 0x8CF5, 0x8CD4, 0x94F5, 0x6BF1, 0x29C8, 0x2188, 0x29A8,
        0x2188, 0x2167, 0x2188, 0x2187, 0x2167, 0x2187, 0x2187, 0x2187, 0x2188, 0x2187, 0x2188, 0x2988,
        0x2188, 0x29A8, 0x2167, 0x4AAC, 0x8CF5, 0x8CD5, 0x8CF5, 0x8493, 0x3A4A, 0x530D, 0x8493, 0x8CD5,
        0x8CF5, 0x8CF5, 0x8CD5, 0x8CF5, 0x8CD5, 0x8CD4, 0x8CF5, 0x8473, 0x3A4B, 0x29A8, 0x29A8, 0x29A8,
        0x29A8, 0x2988, 0x2188, 0x2988, 0x2188, 0x2187, 0x2187, 0x2187, 0x2187, 0x2187, 0x2188, 0x2167,
        0x4ACC, 0x8CD5, 0x8CD4, 0x8CB4, 0x8CD5, 0x94F5, 0x638F, 0x2188, 0x4AAC, 0x8CF5, 0x8CD4, 0x8CD5,
        0x8CD5, 0x8CD5, 0x8CF5, 0x8CD5, 0x84B4, 0x4AAC, 0x2188, 0x2188, 0x2188, 0x2188, 0x2188, 0x2988,
        0x2188, 0x2187, 0x2187, 0x2188, 0x2187, 0x2188, 0x2187, 0x2988, 0x2167, 0x4AAC, 0x8493, 0x84B4,
        0x324B, 0x324B, 0x324B, 0x324B, 0x324B, 0x324B, 0x324B, 0x324B, 0x324B, 0x324B, 0x324B, 0x324B,
        0x324B, 0x324B, 0x324B, 0x324B, 0x7C52, 0x94F5, 0x638F, 0x2188, 0x29A8, 0x2187, 0x2188, 0x2187,
        0x2167, 0x2187, 0x2167, 0x2167, 0x2167, 0x2167, 0x2167, 0x2167, 0x2167, 0x2187, 0x2167, 0x2187,
        0x2187, 0x2187, 0x2988, 0x2187, 0x2187, 0x2188, 0x29A8, 0x2188, 0x3209, 0x530E, 0x8493, 0x94F5,
        0x7411, 0x8CF5, 0x8CD5, 0x8CD4, 0x8CD5, 0x8CF5, 0x8CF5, 0x8CF5, 0x84B4, 0x6BB0, 0x3A4B, 0x31E9,
        0x29A8, 0x29A8, 0x29A8, 0x2188, 0x2188, 0x2188, 0x2187, 0x2187, 0x2187, 0x2167, 0x2167, 0x2167,
        0x2167, 0x2167, 0x2167, 0x2167, 0x2167, 0x2167, 0x2167, 0x2167, 0x2167, 0x2167, 0x2187, 0x2187,
        0x29C8, 0x7412, 0x94F5, 0x8CF5, 0x8CF5, 0x8CD5, 0x8CF5, 0x8CD5, 0x8CD5, 0x94F5, 0x6BF1, 0x29C9,
        0x2188, 0x2188, 0x2167, 0x2167, 0x2188, 0x2188, 0x2167, 0x2187, 0x2988, 0x29A8, 0x2988, 0x2188,
        0x2988, 0x29C8, 0x63B0, 0x94F5, 0x8CD4, 0x8CF5, 0x8CF5, 0x8CF5, 0x8CF5, 0x8CD5, 0x94F5, 0x6BB0,
        0x2167, 0x29C9, 0x29A8, 0x2988, 0x2988, 0x2988, 0x2188, 0x2188, 0x2188, 0x2187, 0x2167, 0x2187,
        0x2187, 0x2167, 0x2167, 0x2187, 0x2187, 0x2187, 0x2187, 0x2988, 0x2188, 0x2167, 0x2167, 0x2167,
        0x2167, 0x2188, 0x2187, 0x2188, 0x2188, 0x2187, 0x2187, 0x2187, 0x2167, 0x2188, 0x2188, 0x2167,
        0x2188, 0x2167, 0x2187, 0x2187, 0x2187, 0x2187, 0x2187, 0x2167, 0x2187, 0x2187, 0x2188, 0x29C9,
        0x7C32, 0x94F5, 0x8CD5, 0x8CD5, 0x8CD5, 0x8CD4, 0x8CD5, 0x84B4, 0x4ACD, 0x2187, 0x29A8, 0x29A8,
        0x2188, 0x2188, 0x2187, 0x2988, 0x2988, 0x2188, 0x2187, 0x2167, 0x2187, 0x2167, 0x2167, 0x2187,
        0x2188, 0x2187, 0x2187, 0x2187, 0x2187, 0x2167, 0x2167, 0x2187, 0x2188, 0x2187, 0x2187, 0x2188,
        0x2187, 0x29A8, 0x29A8, 0x3209, 0x7C32, 0x94F5, 0x8CD4, 0x8CF5, 0x8CD5, 0x8CF5, 0x8CD5, 0x8CD5,
        0x8CF5, 0x5B2E, 0x29A8, 0x2988, 0x29A8, 0x2187, 0x2188, 0x2188, 0x2187, 0x2187, 0x2187, 0x2187,
        0x2187, 0x2167, 0x2187, 0x2187, 0x2187, 0x29A8, 0x2187, 0x4AAC, 0x8CF5, 0x8CD4, 0x8CD5, 0x8494,
        0x426B, 0x29A8, 0x426B, 0x6BF1, 0x8CF5, 0x8CD5, 0x8CD5, 0x8CD5, 0x8CD5, 0x8CF5, 0x8CD4, 0x8CF5,
        0x7C73, 0x3A4B, 0x2188, 0x29A8, 0x29A8, 0x2188, 0x29A8, 0x2188, 0x2188, 0x2188, 0x2167, 0x2187,
        0x2187, 0x2188, 0x2188, 0x4AAC, 0x8494, 0x8CD4, 0x8494, 0x8CD5, 0x8CF5, 0x6390, 0x29A8, 0x2988,
        0x4AAC, 0x8CF5, 0x8CD4, 0x8CD5, 0x8CD5, 0x8CD5, 0x8CF5, 0x8CD5, 0x84B4, 0x4ACD, 0x2988, 0x29A8,
        0x2188, 0x2187, 0x2187, 0x2188, 0x2188, 0x2188, 0x2187, 0x2187, 0x2187, 0x2167, 0x2187, 0x29A8,
        0x2167, 0x4AAC, 0x8494, 0x8494, 0x324B, 0x324B, 0x324B, 0x324B, 0x324B, 0x324B, 0x324B, 0x324B,
        0x324B, 0x324B, 0x324B, 0x324B, 0x324B, 0x324B, 0x324B, 0x324B, 0x7C32, 0x94F5, 0x636F, 0x2988,
        0x2988, 0x2187, 0x2187, 0x2167, 0x2167, 0x2187, 0x2167, 0x2167, 0x2167, 0x2167, 0x2167, 0x2167,
        0x2167, 0x2167, 0x2167, 0x2167, 0x2167, 0x2167, 0x2187, 0x2187, 0x29A8, 0x2188, 0x2188, 0x29A8,
        0x2188, 0x29A8, 0x426B, 0x7C52, 0x8CD5, 0x8CD4, 0x8CD5, 0x8CF5, 0x8CF5, 0x8CD4, 0x8CD5, 0x8CF5,
        0x6BF1, 0x31E9, 0x2167, 0x29C8, 0x29A8, 0x29A8, 0x29A8, 0x2188, 0x2187, 0x2188, 0x2188, 0x2187,
        0x2187, 0x2187, 0x2167, 0x2167, 0x2167, 0x2167, 0x2167, 0x2167, 0x2167, 0x2167, 0x2167, 0x2167,
        0x2167, 0x2187, 0x2988, 0x2167, 0x52ED, 0x8CF5, 0x8CD4, 0x8CD5, 0x8CD4, 0x8CD5, 0x8CF5, 0x8CD4,
        0x8CD4, 0x8CD5, 0x8CD5, 0x530D, 0x2167, 0x2167, 0x29A8, 0x2188, 0x2187, 0x2988, 0x2188, 0x2187,
        0x2187, 0x29A8, 0x2188, 0x2187, 0x2187, 0x3A2A, 0x7C73, 0x94F5, 0x8CD4, 0x8CF5, 0x8CF5, 0x8CF5,
        0x8CF5, 0x8CD4, 0x8CF5, 0x5B2E, 0x2167, 0x29C8, 0x29A8, 0x2187, 0x2187, 0x2988, 0x2188, 0x2188,
        0x2187, 0x2187, 0x2187, 0x2187, 0x2167, 0x2187, 0x2187, 0x2187, 0x2167, 0x2167, 0x2167, 0x2988,
        0x2187, 0x2167, 0x2167, 0x2167, 0x2167, 0x2188, 0x2167, 0x2167, 0x2188, 0x2167, 0x2167, 0x2187,
        0x2188, 0x2187, 0x2167, 0x2187, 0x2188, 0x2167, 0x2167, 0x2187, 0x2187, 0x2187, 0x2187, 0x2187,
        0x2187, 0x29A8, 0x2187, 0x52ED, 0x8CF5, 0x8CD5, 0x8CD5, 0x8CF5, 0x8CF5, 0x8CD5, 0x8CF5, 0x6BB0,
        0x29A8, 0x29A8, 0x29A8, 0x2188, 0x2988, 0x2188, 0x2187, 0x2188, 0x29A8, 0x2188, 0x2188, 0x2187,
        0x2187, 0x2167, 0x2187, 0x2187, 0x2188, 0x2187, 0x2187, 0x2187, 0x2187, 0x2187, 0x2167, 0x2188,
        0x2188, 0x2188, 0x2988, 0x2988, 0x2188, 0x2988, 0x29A8, 0x2188, 0x4ACD, 0x8CD5, 0x8CD5, 0x8CD5,
        0x8CF5, 0x8CF5, 0x8CF5, 0x8CD5, 0x8CF5, 0x7411, 0x31E9, 0x2167, 0x29A8, 0x2188, 0x2187, 0x2187,
        0x2188, 0x2187, 0x2187, 0x2187, 0x2187, 0x2188, 0x2188, 0x2187, 0x2188, 0x29A8, 0x2187, 0x4AAC,
        0x8CF5, 0x8CD4, 0x8CD4, 0x8493, 0x4AAC, 0x2188, 0x2988, 0x3A2A, 0x6BD1, 0x8CF5, 0x8CF5, 0x8CD5,
        0x8CD5, 0x8CD4, 0x8CD5, 0x8CD4, 0x94F5, 0x8494, 0x4AAC, 0x2188, 0x29C8, 0x29C8, 0x29A8, 0x29A8,
        0x2188, 0x2188, 0x2167, 0x2187, 0x2188, 0x2988, 0x52ED, 0x8CB4, 0x8CF5, 0x8CB4, 0x94F5, 0x8493,
        0x428B, 0x29C9, 0x29A8, 0x29A8, 0x428C, 0x8CF5, 0x8CF5, 0x8CB4, 0x8CD5, 0x8CD4, 0x8CD4, 0x8CF5,
        0x8CD4, 0x52ED, 0x29A8, 0x29A8, 0x2188, 0x2188, 0x2188, 0x2988, 0x2988, 0x2188, 0x2188, 0x2188,
        0x2187, 0x2187, 0x29A8, 0x2188, 0x2167, 0x4AAC, 0x84B4, 0x8CD4, 0x324B, 0x324B, 0x324B, 0x324B,
        0x324B, 0x324B, 0x324B, 0x324B, 0x324B, 0x324B, 0x324B, 0x324B, 0x324B, 0x324B, 0x324B, 0x324B,
        0x7432, 0x8CF5, 0x636F, 0x2188, 0x2988, 0x2187, 0x2167, 0x2167, 0x2167, 0x2167, 0x2167, 0x2167,
        0x2167, 0x2167, 0x2167, 0x2167, 0x2167, 0x2167, 0x2187, 0x2167, 0x2167, 0x2167, 0x2187, 0x2167,
        0x2167, 0x2188, 0x2988, 0x2988, 0x29A8, 0x29A8, 0x2167, 0x426B, 0x8493, 0x8CF5, 0x8CD4, 0x8CD5,
        0x8CF5, 0x8CF5, 0x8CD5, 0x8CF5, 0x8CD4, 0x6BF1, 0x4AAC, 0x29A8, 0x29A8, 0x29A8, 0x29A8, 0x29A8,
        0x2188, 0x2187, 0x2988, 0x2188, 0x2187, 0x2187, 0x2167, 0x2167, 0x2167, 0x2167, 0x2167, 0x2167,
        0x2167, 0x2167, 0x2187, 0x2167, 0x2167, 0x2188, 0x2188, 0x2147, 0x52ED, 0x8CF5, 0x8CB4, 0x8CD5,
        0x8CD4, 0x8CD4, 0x8CD5, 0x8CB4, 0x8CF5, 0x8CD4, 0x8CD5, 0x530D, 0x2167, 0x2187, 0x2188, 0x2187,
        0x2187, 0x2188, 0x2188, 0x2187, 0x2187, 0x2188, 0x2188, 0x2188, 0x2188, 0x3A2A, 0x8493, 0x8CF5,
        0x8CD5, 0x8CD5, 0x8CF5, 0x8CD5, 0x8CF5, 0x8CF5, 0x8CD4, 0x4ACD, 0x2187, 0x29A8, 0x29A8, 0x29A8,
        0x2187, 0x2188, 0x2187, 0x2187, 0x2187, 0x2187, 0x2187, 0x2167, 0x2167, 0x2187, 0x2187, 0x2167,
        0x2187, 0x2187, 0x2167, 0x2187, 0x2167, 0x2167, 0x2167, 0x2167, 0x2167, 0x2167, 0x2988, 0x2187,
        0x2187, 0x2187, 0x2167, 0x2167, 0x2187, 0x2188, 0x2167, 0x2167, 0x2187, 0x2187, 0x2187, 0x2187,
        0x2187, 0x2187, 0x2167, 0x2187, 0x2188, 0x2988, 0x2188, 0x5B2E, 0x8CD5, 0x8CD5, 0x8CD4, 0x8CD5,
        0x8CD5, 0x8CF5, 0x84B4, 0x4AAC, 0x2187, 0x29A8, 0x2188, 0x2988, 0x29A8, 0x2187, 0x2188, 0x2188,
        0x2188, 0x2187, 0x2988, 0x2988, 0x2187, 0x2167, 0x2187, 0x2167, 0x2167, 0x2187, 0x2167, 0x2167,
        0x2187, 0x2187, 0x2187, 0x29A8, 0x2188, 0x2187, 0x2188, 0x29A8, 0x2988, 0x2188, 0x2988, 0x29A8,
        0x3209, 0x7C53, 0x94F5, 0x8CD4, 0x8CD5, 0x8CF5, 0x8CF5, 0x8CD5, 0x8CD5, 0x8473, 0x3A4B, 0x2187,
        0x2988, 0x2187, 0x2187, 0x2187, 0x2188, 0x2187, 0x2187, 0x2187, 0x2187, 0x2187, 0x2188, 0x2988,
        0x2988, 0x29A8, 0x2167, 0x4AAC, 0x8CF5, 0x8CD4, 0x8CF5, 0x8493, 0x426B, 0x29A8, 0x29C9, 0x29A8,
        0x31E9, 0x63B0, 0x8CD5, 0x8CD4, 0x8CD5, 0x8CD5, 0x8CF5, 0x8CD5, 0x84B4, 0x8CF5, 0x84B4, 0x4ACC,
        0x29A8, 0x29A8, 0x29A8, 0x29A8, 0x29A8, 0x2188, 0x2188, 0x2188, 0x2187, 0x530E, 0x8CD5, 0x8CF5,
        0x84B4, 0x8CF5, 0x8493, 0x426B, 0x2187, 0x29A8, 0x29C9, 0x29A8, 0x4ACD, 0x94F5, 0x8CD4, 0x8CD5,
        0x8CD4, 0x8CD5, 0x8CD5, 0x8CD4, 0x84B4, 0x4ACD, 0x2188, 0x29A8, 0x29A8, 0x29A8, 0x2988, 0x2988,
        0x2188, 0x2188, 0x2188, 0x2188, 0x2187, 0x2187, 0x2188, 0x2187, 0x2167, 0x4AAC, 0x8494, 0x84B4,
        0x324B, 0x324B, 0x324B, 0x324B, 0x324B, 0x324B, 0x324B, 0x324B, 0x324B, 0x324B, 0x324B, 0x324B,
        0x324B, 0x324B, 0x324B, 0x324B, 0x7C52, 0x8CF5, 0x6390, 0x2188, 0x2188, 0x2187, 0x2167, 0x2187,
        0x2187, 0x2167, 0x2167, 0x2167, 0x2167, 0x2167, 0x2167, 0x2167, 0x2167, 0x2167, 0x2167, 0x2167,
        0x2167, 0x2167, 0x2167, 0x2167, 0x2188, 0x2988, 0x29A8, 0x2988, 0x2187, 0x29C9, 0x530E, 0x7C73,
        0x8CB4, 0x8CD5, 0x94F5, 0x94F5, 0x8CD4, 0x8CD5, 0x8CD5, 0x8CD5, 0x8CD5, 0x94F5, 0x8CB4, 0x6BB0,
        0x426B, 0x2187, 0x2188, 0x29A8, 0x29A8, 0x2187, 0x2188, 0x2188, 0x2188, 0x2187, 0x2187, 0x2167,
        0x2167, 0x2167, 0x2167, 0x2167, 0x2167, 0x2167, 0x2167, 0x2167, 0x2167, 0x2187, 0x2188, 0x2167,
        0x29A8, 0x6BB0, 0x8CD5, 0x8CF5, 0x94F5, 0x8CF5, 0x8CF5, 0x8CF5, 0x8CF5, 0x94F5, 0x7C32, 0x31E9,
        0x29A8, 0x2187, 0x2167, 0x2187, 0x2187, 0x2187, 0x2167, 0x2167, 0x2187, 0x2187, 0x2167, 0x2187,
        0x2188, 0x320A, 0x7C53, 0x8CF5, 0x8CF5, 0x8CF5, 0x8CF5, 0x8CF5, 0x8CF5, 0x8CD5, 0x8CD4, 0x52ED,
        0x2167, 0x29C9, 0x29A8, 0x2188, 0x2167, 0x2187, 0x2187, 0x2188, 0x2187, 0x2187, 0x2187, 0x2187,
        0x2187, 0x2167, 0x2167, 0x2167, 0x2187, 0x2188, 0x2167, 0x2167, 0x2167, 0x2167, 0x2167, 0x2167,
        0x2167, 0x2187, 0x2187, 0x2187, 0x2187, 0x2167, 0x29A8, 0x2188, 0x2187, 0x29A8, 0x2187, 0x2187,
        0x2187, 0x2187, 0x2187, 0x2167, 0x2167, 0x2167, 0x2167, 0x2167, 0x2187, 0x2988, 0x2167, 0x5B4F,
        0x8CF5, 0x8CD5, 0x8CD4, 0x8CD5, 0x8CD5, 0x8CF5, 0x84B4, 0x4AAC, 0x2187, 0x29C8, 0x2988, 0x2188,
        0x2188, 0x2187, 0x2187, 0x2988, 0x2187, 0x2187, 0x2188, 0x2188, 0x2187, 0x2187, 0x2187, 0x2187,
        0x2167, 0x2167, 0x2167, 0x2167, 0x2187, 0x2187, 0x2187, 0x2188, 0x2187, 0x2167, 0x2187, 0x2188,
        0x2188, 0x2187, 0x2188, 0x29A8, 0x31E9, 0x7C32, 0x94F5, 0x8CF5, 0x8CD5, 0x8CF5, 0x8CF5, 0x8CF5,
        0x8CD5, 0x8494, 0x428B, 0x2187, 0x2188, 0x2187, 0x2167, 0x2187, 0x2187, 0x2187, 0x2187, 0x2187,
        0x2187, 0x2167, 0x2188, 0x2188, 0x2187, 0x29A8, 0x2187, 0x4AAC, 0x8CF5, 0x8CD4, 0x8CF5, 0x84B4,
        0x426B, 0x2188, 0x29A8, 0x29A8, 0x29A8, 0x29A8, 0x638F, 0x8CF5, 0x8CD5, 0x8CD5, 0x8CF5, 0x8CD5,
        0x8CD5, 0x8CD5, 0x8CF5, 0x8CD4, 0x5B4F, 0x29C9, 0x29A8, 0x29A8, 0x29A8, 0x2988, 0x2988, 0x2187,
        0x530E, 0x8CD4, 0x8CB4, 0x84B4, 0x8CD4, 0x7432, 0x3A4B, 0x2188, 0x29A8, 0x29A8, 0x29A8, 0x29A8,
        0x4AAC, 0x94F5, 0x8CD4, 0x8CD4, 0x8CD5, 0x8CD5, 0x8CD4, 0x84B4, 0x84B4, 0x4ACD, 0x2188, 0x29A8,
        0x29A8, 0x29A8, 0x2988, 0x2188, 0x2188, 0x2188, 0x2188, 0x2187, 0x2187, 0x2187, 0x2187, 0x2188,
        0x2167, 0x4AAC, 0x84B4, 0x8493, 0x324B, 0x324B, 0x324B, 0x324B, 0x324B, 0x324B, 0x324B, 0x324B,
        0x324B, 0x324B, 0x324B, 0x324B, 0x324B, 0x324B, 0x324B, 0x324B, 0x7432, 0x94F5, 0x638F, 0x2988,
        0x2988, 0x2188, 0x2188, 0x2188, 0x2188, 0x2167, 0x2167, 0x2187, 0x2187, 0x2167, 0x2167, 0x2167,
        0x2188, 0x2188, 0x2167, 0x2167, 0x2167, 0x2167, 0x2187, 0x2187, 0x2988, 0x2988, 0x2988, 0x29A8,
        0x4ACD, 0x7411, 0x8CF5, 0x8CF5, 0x8CD5, 0x94F5, 0x6BF1, 0x6BD1, 0x8494, 0x8CF5, 0x8CD4, 0x8CD5,
        0x8CD5, 0x8CD4, 0x8CD4, 0x8CF5, 0x7C73, 0x52ED, 0x31E9, 0x2187, 0x29A8, 0x29A8, 0x29A8, 0x2187,
        0x2187, 0x2167, 0x2167, 0x2167, 0x2167, 0x2167, 0x2167, 0x2167, 0x2167, 0x2167, 0x2167, 0x2167,
        0x2187, 0x2187, 0x2167, 0x2188, 0x2188, 0x29A8, 0x636F, 0x7C52, 0x7C53, 0x84B4, 0x84B4, 0x8493,
        0x7432, 0x636F, 0x3A2A, 0x2167, 0x2988, 0x29A8, 0x2188, 0x2187, 0x2187, 0x2187, 0x2187, 0x2167,
        0x2167, 0x2187, 0x2187, 0x2188, 0x2988, 0x29C9, 0x6BD1, 0x94F5, 0x8CD4, 0x8CD5, 0x8CF5, 0x8CD5,
        0x8CF5, 0x8CF5, 0x8CF5, 0x636F, 0x2167, 0x29A8, 0x29A8, 0x2988, 0x29A8, 0x2188, 0x2187, 0x2988,
        0x2187, 0x2187, 0x2188, 0x2188, 0x2187, 0x2187, 0x2187, 0x2187, 0x2167, 0x2167, 0x2167, 0x2167,
        0x2167, 0x2167, 0x2167, 0x2167, 0x2167, 0x2167, 0x2188, 0x2188, 0x2188, 0x2187, 0x2167, 0x2187,
        0x2167, 0x2187, 0x2167, 0x2187, 0x2187, 0x2167, 0x2167, 0x2167, 0x2187, 0x2187, 0x2167, 0x2167,
        0x2187, 0x2188, 0x2187, 0x52ED, 0x8CD5, 0x8CF5, 0x8CD5, 0x8CD5, 0x8CD5, 0x8CD4, 0x8CD5, 0x5B2E,
        0x2188, 0x29C8, 0x29A8, 0x2988, 0x2988, 0x2187, 0x2188, 0x2187, 0x2187, 0x2187, 0x2167, 0x2167,
        0x2167, 0x2167, 0x2167, 0x2187, 0x2167, 0x2167, 0x2167, 0x2167, 0x2167, 0x2167, 0x2167, 0x2167,
        0x2167, 0x2167, 0x2188, 0x2188, 0x2188, 0x2167, 0x29A8, 0x2187, 0x428B, 0x84B4, 0x94F5, 0x8CF5,
        0x8CF5, 0x8CD5, 0x8CF5, 0x8CF5, 0x94F5, 0x7432, 0x31E9, 0x2188, 0x29A8, 0x2988, 0x2167, 0x2187,
        0x2187, 0x2167, 0x2167, 0x2167, 0x2187, 0x2187, 0x2188, 0x2187, 0x2187, 0x29A8, 0x2188, 0x4AAC,
        0x8CD5, 0x8CD5, 0x8CD5, 0x7C73, 0x426B, 0x2188, 0x29A8, 0x29A8, 0x29A8, 0x2188, 0x29A8, 0x638F,
        0x8CF5, 0x8CD5, 0x8CD4, 0x8CD5, 0x8CD5, 0x8CD5, 0x8CD4, 0x8CD4, 0x94F5, 0x638F, 0x29C9, 0x29A8,
        0x29A8, 0x29A8, 0x29A8, 0x5B4F, 0x8CB4, 0x8CB4, 0x8CB4, 0x8CF5, 0x7432, 0x3A4A, 0x29A8, 0x29A8,
        0x29A8, 0x29A8, 0x29A8, 0x29A8, 0x4AAC, 0x8CF5, 0x8CD4, 0x8CD5, 0x8CD5, 0x8CF5, 0x8CD5, 0x8CD4,
        0x84B4, 0x52ED, 0x29A8, 0x29A8, 0x29A8, 0x29A8, 0x2988, 0x2188, 0x2188, 0x2988, 0x2188, 0x2188,
        0x2187, 0x2188, 0x2188, 0x2187, 0x2167, 0x4ACD, 0x8CB4, 0x8494, 0x324B, 0x324B, 0x324B, 0x324B,
        0x324B, 0x324B, 0x324B, 0x324B, 0x324B, 0x324B, 0x324B, 0x324B, 0x324B, 0x324B, 0x324B, 0x324B,
        0x7412, 0x94F5, 0x636F, 0x2988, 0x2988, 0x2188, 0x2187, 0x2187, 0x2188, 0x2187, 0x2187, 0x2187,
        0x2187, 0x2167, 0x2167, 0x2167, 0x2187, 0x2167, 0x2187, 0x2167, 0x2187, 0x2187, 0x2188, 0x2187,
        0x2187, 0x29A8, 0x320A, 0x6BD0, 0x8CD5, 0x8CF5, 0x8CD4, 0x8CD4, 0x8493, 0x5B4F, 0x29C9, 0x31E9,
        0x428B, 0x7C73, 0x94F5, 0x8CD4, 0x8CD4, 0x84B4, 0x8CD4, 0x8CD5, 0x8CD5, 0x84B4, 0x7411, 0x3209,
        0x2187, 0x29A8, 0x29A8, 0x2988, 0x2988, 0x2187, 0x2187, 0x2167, 0x2167, 0x2167, 0x2167, 0x2187,
        0x2187, 0x2167, 0x2167, 0x2187, 0x2187, 0x2187, 0x2187, 0x2187, 0x2188, 0x2167, 0x29C8, 0x3A2A,
        0x3A4A, 0x4AAC, 0x4AAC, 0x3A4B, 0x31E9, 0x2988, 0x2988, 0x2188, 0x2187, 0x2188, 0x2188, 0x2187,
        0x2167, 0x2167, 0x2167, 0x2167, 0x2167, 0x2188, 0x2187, 0x2167, 0x2188, 0x2188, 0x4AAC, 0x84B4,
        0x8CD5, 0x8CD4, 0x8CF5, 0x8CF5, 0x8CD5, 0x8CD4, 0x8CF5, 0x7432, 0x428B, 0x29A8, 0x2188, 0x29A8,
        0x2188, 0x2167, 0x2187, 0x2187, 0x2187, 0x2187, 0x2167, 0x2167, 0x2187, 0x2187, 0x2187, 0x2188,
        0x2167, 0x2167, 0x2187, 0x2187, 0x2167, 0x2167, 0x2188, 0x2188, 0x2188, 0x2187, 0x2188, 0x2188,
        0x2188, 0x2188, 0x2187, 0x2988, 0x29A8, 0x2167, 0x2187, 0x2187, 0x2167, 0x2167, 0x2187, 0x2167,
        0x2188, 0x2187, 0x2187, 0x2187, 0x2187, 0x2188, 0x2167, 0x320A, 0x8473, 0x8CF5, 0x8CD5, 0x8CD5,
        0x8CF5, 0x8CD4, 0x8CD5, 0x7C32, 0x3A2A, 0x2187, 0x29A8, 0x2988, 0x2988, 0x2188, 0x2188, 0x2187,
        0x2188, 0x2187, 0x2187, 0x2187, 0x2187, 0x2187, 0x2167, 0x2167, 0x2167, 0x2167, 0x2167, 0x2187,
        0x2167, 0x2167, 0x2167, 0x2167, 0x2167, 0x2167, 0x2187, 0x2188, 0x2188, 0x29A8, 0x2188, 0x2188,
        0x5B6F, 0x94F5, 0x8CD4, 0x8CD5, 0x8CF5, 0x8CD5, 0x8CD4, 0x8CF5, 0x8CD4, 0x530E, 0x2187, 0x29A8,
        0x2187, 0x2187, 0x2187, 0x2187, 0x2187, 0x2167, 0x2167, 0x2167, 0x2187, 0x2187, 0x2187, 0x2188,
        0x29A8, 0x29A8, 0x2167, 0x428C, 0x8CD5, 0x8CD5, 0x8CD5, 0x7C73, 0x426B, 0x2188, 0x29A8, 0x29A8,
        0x29A8, 0x29A8, 0x2187, 0x29C8, 0x5B4E, 0x8CD5, 0x8CF5, 0x8CD4, 0x8CD5, 0x8CD5, 0x8CF5, 0x8CD4,
        0x8CD4, 0x8CF5, 0x6BD1, 0x3209, 0x2188, 0x31E9, 0x7411, 0x8CF5, 0x8CB4, 0x8CD4, 0x8CF5, 0x7C32,
        0x3A2A, 0x29A8, 0x29A8, 0x2988, 0x2988, 0x29A8, 0x2988, 0x2988, 0x4ACC, 0x8CF5, 0x8CB4, 0x8CD5,
        0x8CD5, 0x8CD5, 0x8CD5, 0x8CD5, 0x84B4, 0x4ACD, 0x2188, 0x29A8, 0x29A8, 0x29A8, 0x2188, 0x2188,
        0x2188, 0x2988, 0x2188, 0x2988, 0x2188, 0x2188, 0x2188, 0x2188, 0x2187, 0x428B, 0x8493, 0x8494,
        0x324B, 0x324B, 0x324B, 0x324B, 0x324B, 0x324B, 0x324B, 0x324B, 0x324B, 0x324B, 0x324B, 0x324B,
        0x324B, 0x324B, 0x324B, 0x324B, 0x7C32, 0x94F5, 0x636F, 0x2988, 0x2187, 0x2187, 0x2167, 0x2187,
        0x2187, 0x2187, 0x2187, 0x2167, 0x2167, 0x2167, 0x2167, 0x2167, 0x2187, 0x2188, 0x2188, 0x2167,
        0x2187, 0x2188, 0x2188, 0x29A8, 0x29A8, 0x638F, 0x8CB4, 0x8CD5, 0x8CD4, 0x8CD4, 0x84B4, 0x5B4E,
        0x3A2A, 0x2188, 0x2188, 0x29A8, 0x29A8, 0x320A, 0x7411, 0x8CF5, 0x8CD5, 0x8CD5, 0x8CD5, 0x8CF5,
        0x8CD5, 0x8CD4, 0x94F5, 0x7C52, 0x428B, 0x29A8, 0x2988, 0x2188, 0x2188, 0x2188, 0x2187, 0x2187,
        0x2167, 0x2167, 0x2167, 0x2187, 0x2187, 0x2167, 0x2167, 0x2187, 0x2188, 0x2188, 0x2188, 0x2187,
        0x2167, 0x2188, 0x2187, 0x2988, 0x2188, 0x2188, 0x2188, 0x2167, 0x2188, 0x2188, 0x2188, 0x2167,
        0x2188, 0x2187, 0x2187, 0x2187, 0x2167, 0x2167, 0x2167, 0x2187, 0x2187, 0x2188, 0x2167, 0x2167,
        0x29A8, 0x29A8, 0x29C9, 0x73F1, 0x94F5, 0x8CD4, 0x8CD5, 0x8CD4, 0x8CF5, 0x8CD5, 0x8CD5, 0x8494,
        0x7412, 0x428C, 0x2988, 0x2988, 0x29A8, 0x2988, 0x2188, 0x2167, 0x2187, 0x2187, 0x2167, 0x2167,
        0x2167, 0x2187, 0x2188, 0x2188, 0x2187, 0x2187, 0x2167, 0x2188, 0x2188, 0x2167, 0x2167, 0x2188,
        0x2187, 0x2188, 0x2988, 0x2188, 0x2988, 0x2187, 0x2167, 0x3A2A, 0x5B2E, 0x3A2A, 0x29A8, 0x2167,
        0x2167, 0x2187, 0x2187, 0x2167, 0x2187, 0x2167, 0x2187, 0x2188, 0x2187, 0x2187, 0x2167, 0x2188,
        0x5B2E, 0x8CF5, 0x84B4, 0x8CD4, 0x8CF5, 0x8CD5, 0x8CD5, 0x8CF5, 0x6BD1, 0x31E9, 0x29A8, 0x29A8,
        0x2188, 0x2988, 0x2988, 0x2188, 0x2187, 0x2187, 0x2187, 0x2187, 0x2187, 0x2188, 0x2167, 0x2167,
        0x2167, 0x2167, 0x2187, 0x2187, 0x2187, 0x2187, 0x2187, 0x2187, 0x2188, 0x2187, 0x2187, 0x2988,
        0x29A8, 0x2187, 0x2988, 0x530D, 0x8CF5, 0x8CD4, 0x8CD5, 0x8CD4, 0x8CF5, 0x8CD5, 0x8CB4, 0x8CF5,
        0x84B4, 0x3A4B, 0x2187, 0x29A8, 0x2188, 0x2167, 0x2187, 0x2187, 0x2187, 0x2167, 0x2167, 0x2167,
        0x2187, 0x2187, 0x2187, 0x2187, 0x2988, 0x2188, 0x2167, 0x4AAC, 0x8CD4, 0x8CD4, 0x8CD4, 0x8473,
        0x426B, 0x2188, 0x29A8, 0x2988, 0x2988, 0x29A8, 0x29A8, 0x2988, 0x2988, 0x530E, 0x8CB4, 0x8CD4,
        0x8CD4, 0x8CD5, 0x8CD5, 0x8CD4, 0x8CD5, 0x8CD4, 0x94F5, 0x7412, 0x3A2A, 0x7432, 0x94F5, 0x8CB4,
        0x8CB4, 0x8CD4, 0x73F1, 0x3A0A, 0x29A8, 0x29A8, 0x29A8, 0x29A8, 0x2188, 0x2988, 0x29A8, 0x2988,
        0x4AAC, 0x8CF5, 0x8CB4, 0x8CD4, 0x8CD5, 0x8CD5, 0x8CD4, 0x8CD4, 0x84B4, 0x4ACC, 0x2188, 0x29A8,
        0x29A8, 0x29A8, 0x2188, 0x2188, 0x2188, 0x2988, 0x2188, 0x2188, 0x2988, 0x2188, 0x2188, 0x2988,
        0x2187, 0x4AAC, 0x8493, 0x8493, 0x324B, 0x324B, 0x324B, 0x324B, 0x324B, 0x324B, 0x324B, 0x324B,
        0x324B, 0x324B, 0x324B, 0x324B, 0x324B, 0x324B, 0x324B, 0x324B, 0x7432, 0x94F5, 0x636F, 0x2988,
        0x2187, 0x2188, 0x2188, 0x2188, 0x2188, 0x2188, 0x2167, 0x2167, 0x2167, 0x2167, 0x2167, 0x2187,
        0x2187, 0x2187, 0x2187, 0x2188, 0x2187, 0x2187, 0x31E9, 0x4AED, 0x7412, 0x94F5, 0x8CD5, 0x8CD5,
        0x8CD4, 0x73F1, 0x4ACC, 0x29A8, 0x29A8, 0x29A8, 0x2188, 0x2188, 0x29A8, 0x2187, 0x31E9, 0x5B4F,
        0x8494, 0x8CF5, 0x8CB4, 0x8CF5, 0x8CD4, 0x8CD5, 0x8CD4, 0x8CF5, 0x8473, 0x6BD1, 0x3A4A, 0x2188,
        0x2988, 0x2188, 0x2188, 0x2188, 0x2188, 0x2187, 0x2187, 0x2188, 0x2188, 0x2167, 0x2167, 0x2167,
        0x2187, 0x2187, 0x2187, 0x2188, 0x2187, 0x2188, 0x29A8, 0x29A8, 0x29A8, 0x29A8, 0x29A8, 0x29A8,
        0x2188, 0x2187, 0x2167, 0x2188, 0x2188, 0x2188, 0x2187, 0x2188, 0x2187, 0x2187, 0x2167, 0x2167,
        0x2167, 0x2187, 0x2167, 0x2167, 0x2187, 0x29A8, 0x2187, 0x3A4A, 0x7C32, 0x8CF5, 0x8CF5, 0x8CD4,
        0x8CF5, 0x8CF5, 0x8CD5, 0x8CD4, 0x8CD4, 0x7432, 0x5B4F, 0x29C8, 0x2188, 0x2188, 0x29A8, 0x2188,
        0x2988, 0x2988, 0x2188, 0x2187, 0x2187, 0x2187, 0x2188, 0x2187, 0x2187, 0x2187, 0x2167, 0x2167,
        0x2167, 0x2167, 0x2167, 0x2187, 0x2988, 0x2188, 0x2187, 0x2988, 0x2167, 0x29C9, 0x4AAC, 0x6390,
        0x8CD5, 0x7C52, 0x638F, 0x31E9, 0x2188, 0x2187, 0x2187, 0x2187, 0x2187, 0x2187, 0x2167, 0x2188,
        0x2188, 0x2187, 0x2188, 0x2167, 0x29C8, 0x5B4F, 0x8CF5, 0x8CD5, 0x8CD4, 0x8CD5, 0x8CD5, 0x8CD5,
        0x8CF5, 0x7432, 0x428C, 0x29C8, 0x2188, 0x29A8, 0x2188, 0x2988, 0x29A8, 0x2188, 0x2188, 0x2188,
        0x2188, 0x2188, 0x2188, 0x2187, 0x2187, 0x2187, 0x2167, 0x2187, 0x2188, 0x2187, 0x2167, 0x2188,
        0x2187, 0x29A8, 0x29A8, 0x2167, 0x29A8, 0x320A, 0x5B6F, 0x8CF5, 0x8CD5, 0x8CD4, 0x8CF5, 0x8CD5,
        0x8CD4, 0x8CD4, 0x94F5, 0x8CD4, 0x4ACD, 0x2188, 0x29A8, 0x2988, 0x2187, 0x2187, 0x2187, 0x2167,
        0x2187, 0x2167, 0x2167, 0x2167, 0x2187, 0x2187, 0x2188, 0x2988, 0x2187, 0x29A8, 0x2188, 0x4AAC,
        0x8CD5, 0x8CF5, 0x84B4, 0x8493, 0x426B, 0x2188, 0x29A8, 0x29A8, 0x2988, 0x29A8, 0x29A8, 0x29A8,
        0x2988, 0x2188, 0x4ACC, 0x84B4, 0x8CF5, 0x8CD5, 0x8CD4, 0x8CD4, 0x8CD5, 0x8CD5, 0x8CD4, 0x8CD5,
        0x84B4, 0x8CD5, 0x84B4, 0x8CD4, 0x84B4, 0x5B6F, 0x3209, 0x2988, 0x29A8, 0x29A8, 0x29A8, 0x29A8,
        0x29A8, 0x29A8, 0x29A8, 0x2988, 0x426B, 0x8CF5, 0x8CD5, 0x8CD4, 0x8CD4, 0x8CD5, 0x8CD4, 0x8CD4,
        0x84B4, 0x4ACD, 0x2188, 0x29A8, 0x29A8, 0x2988, 0x2188, 0x2188, 0x2187, 0x2167, 0x2167, 0x2187,
        0x2187, 0x2167, 0x2187, 0x2988, 0x2187, 0x4AED, 0x84B4, 0x8494, 0x324B, 0x324B, 0x324B, 0x324B,
        0x324B, 0x324B, 0x324B, 0x324B, 0x324B, 0x324B, 0x324B, 0x324B, 0x324B, 0x324B, 0x324B, 0x324B,
        0x7412, 0x94F5, 0x638F, 0x2988, 0x2187, 0x2188, 0x2188, 0x2188, 0x2188, 0x2187, 0x2187, 0x2187,
        0x2187, 0x2167, 0x2167, 0x2187, 0x2187, 0x2188, 0x2167, 0x2988, 0x29A8, 0x426B, 0x73F1, 0x94F5,
        0x94F5, 0x8CD4, 0x8CF5, 0x8473, 0x530E, 0x31C9, 0x2188, 0x29A8, 0x29A8, 0x2988, 0x29A8, 0x2188,
        0x2188, 0x29A8, 0x29A8, 0x29C9, 0x3A4A, 0x7412, 0x94F5, 0x8CD5, 0x8CD4, 0x8CF5, 0x8CD5, 0x8CD4,
        0x8CD5, 0x8CF5, 0x7C73, 0x4ACD, 0x2188, 0x2167, 0x2187, 0x2167, 0x2188, 0x2188, 0x2187, 0x2187,
        0x2188, 0x2188, 0x2167, 0x2167, 0x2187, 0x2187, 0x2187, 0x2187, 0x2988, 0x29A8, 0x2188, 0x29A8,
        0x29A8, 0x2188, 0x29A8, 0x2187, 0x2187, 0x2188, 0x29A8, 0x2988, 0x2188, 0x2188, 0x2187, 0x2988,
        0x2187, 0x2187, 0x2167, 0x2167, 0x2167, 0x2167, 0x2187, 0x2187, 0x2187, 0x2187, 0x29A8, 0x2187,
        0x3209, 0x5B4E, 0x84B4, 0x94F5, 0x8CD5, 0x8CD4, 0x8CF5, 0x8CD5, 0x8CD5, 0x8CF5, 0x8CF5, 0x6BB0,
        0x428C, 0x31E9, 0x2988, 0x2187, 0x2167, 0x2188, 0x2988, 0x2187, 0x2187, 0x2188, 0x2188, 0x2188,
        0x2188, 0x2188, 0x2188, 0x2187, 0x2187, 0x2187, 0x2167, 0x2167, 0x2167, 0x2167, 0x2188, 0x29A8,
        0x426B, 0x6BB0, 0x8494, 0x8CD5, 0x8CF5, 0x8CD5, 0x8CF5, 0x7C52, 0x530D, 0x29A8, 0x2167, 0x2188,
        0x2188, 0x2187, 0x2187, 0x2187, 0x2188, 0x2187, 0x2167, 0x2188, 0x2988, 0x29A8, 0x5B2E, 0x84B4,
        0x8CF5, 0x8CD4, 0x8CD4, 0x8CD5, 0x8CD5, 0x8CF5, 0x8494, 0x6BD0, 0x3A4B, 0x29C9, 0x29A8, 0x2188,
        0x29A8, 0x29A8, 0x2988, 0x2188, 0x2188, 0x2188, 0x2188, 0x2188, 0x2187, 0x2187, 0x2167, 0x2187,
        0x2187, 0x2187, 0x2188, 0x2187, 0x2188, 0x2167, 0x2988, 0x3209, 0x530D, 0x7C52, 0x8CD4, 0x8CD5,
        0x8CD5, 0x8CD5, 0x8CD4, 0x8CD4, 0x8CF5, 0x94F5, 0x7C52, 0x4AAC, 0x2188, 0x2988, 0x2188, 0x2988,
        0x2187, 0x2188, 0x2187, 0x2187, 0x2167, 0x2167, 0x2167, 0x2167, 0x2187, 0x2188, 0x2188, 0x2188,
        0x2187, 0x2988, 0x2188, 0x4AAC, 0x8CF5, 0x8CF5, 0x8CF5, 0x7C73, 0x3A4B, 0x2188, 0x29A8, 0x2188,
        0x2988, 0x2188, 0x2988, 0x2988, 0x29A8, 0x29A8, 0x2188, 0x4AAC, 0x8494, 0x8CF5, 0x8CD5, 0x8CD4,
        0x8CD4, 0x8CF5, 0x8CD4, 0x8CF5, 0x8CD5, 0x8CD4, 0x8CD5, 0x8CD5, 0x530E, 0x29A8, 0x29A8, 0x2988,
        0x29A8, 0x29A8, 0x2188, 0x29A8, 0x29A8, 0x29A8, 0x2988, 0x2988, 0x4AAC, 0x8CF5, 0x8CB4, 0x8CD4,
        0x8CD5, 0x8CD5, 0x8CD5, 0x8CD5, 0x84B4, 0x4ACD, 0x2988, 0x29A8, 0x2188, 0x2188, 0x2187, 0x2188,
        0x2188, 0x2187, 0x2167, 0x2167, 0x2167, 0x2187, 0x2988, 0x2988, 0x2188, 0x4AAC, 0x8494, 0x8494,
        0x324B, 0x324B, 0x324B, 0x324B, 0x324B, 0x324B, 0x324B, 0x324B, 0x324B, 0x324B, 0x324B, 0x324B,
        0x324B, 0x324B, 0x324B, 0x324B, 0x7C52, 0x94F5, 0x636F, 0x2988, 0x2188, 0x2188, 0x2187, 0x2167,
        0x2167, 0x2167, 0x2187, 0x2187, 0x2187, 0x2187, 0x2187, 0x2188, 0x2188, 0x29C8, 0x29C9, 0x3A4B,
        0x6BD1, 0x8493, 0x8CF5, 0x8CD4, 0x8CD4, 0x8CD4, 0x6BD1, 0x3A2A, 0x2147, 0x29A8, 0x29A8, 0x29A8,
        0x2188, 0x2188, 0x2988, 0x29A8, 0x2188, 0x2188, 0x2187, 0x29A8, 0x2167, 0x2988, 0x6390, 0x8CF5,
        0x8CD5, 0x8CF5, 0x8CD5, 0x8CD4, 0x8CD5, 0x8CD5, 0x8CF5, 0x8473, 0x636F, 0x426B, 0x31E9, 0x2988,
        0x2167, 0x2167, 0x2187, 0x2187, 0x2187, 0x2188, 0x2187, 0x2167, 0x2187, 0x2167, 0x2167, 0x2187,
        0x29A8, 0x29A8, 0x2188, 0x2988, 0x2188, 0x2188, 0x2188, 0x2188, 0x2187, 0x2188, 0x2188, 0x2167,
        0x2188, 0x2188, 0x2167, 0x2188, 0x2187, 0x2188, 0x2187, 0x2167, 0x2167, 0x2188, 0x2187, 0x2188,
        0x2988, 0x2187, 0x2988, 0x29A8, 0x2188, 0x2988, 0x426B, 0x7432, 0x8CD5, 0x8CF5, 0x8CF5, 0x8CD5,
        0x8CD4, 0x8CD5, 0x8CD4, 0x8CF5, 0x84B4, 0x6BD0, 0x5B4E, 0x3A4A, 0x3209, 0x29A8, 0x2167, 0x2167,
        0x2167, 0x2167, 0x2167, 0x2167, 0x2167, 0x2167, 0x2167, 0x2167, 0x2167, 0x2167, 0x29A8, 0x31E9,
        0x3A2A, 0x426B, 0x4AAC, 0x638F, 0x7C73, 0x8CF5, 0x8CD4, 0x8CD4, 0x8CD4, 0x8CF5, 0x8CF5, 0x7432,
        0x52ED, 0x29C8, 0x2187, 0x2188, 0x2188, 0x2187, 0x2167, 0x2187, 0x2187, 0x2188, 0x2988, 0x2988,
        0x2188, 0x2188, 0x2187, 0x4AAC, 0x6BD1, 0x84B4, 0x94F5, 0x8CD5, 0x8CF5, 0x84B4, 0x8CF5, 0x94F5,
        0x7C53, 0x6BD1, 0x530D, 0x3A2A, 0x29A8, 0x29A8, 0x2988, 0x2187, 0x2187, 0x2187, 0x2187, 0x2188,
        0x2188, 0x2187, 0x2187, 0x2167, 0x2167, 0x2187, 0x2167, 0x2988, 0x29C8, 0x426B, 0x5B4F, 0x7432,
        0x8CF5, 0x8CD5, 0x8CB4, 0x8CD4, 0x8CD4, 0x8CF5, 0x94F5, 0x94F5, 0x8493, 0x5B4F, 0x3A2A, 0x2187,
        0x29A8, 0x2988, 0x2188, 0x2188, 0x2188, 0x2188, 0x2187, 0x2187, 0x2167, 0x2167, 0x2167, 0x2167,
        0x2187, 0x2988, 0x2188, 0x2187, 0x2167, 0x2188, 0x2167, 0x4ACD, 0x94F5, 0x8CD5, 0x8CD4, 0x84B4,
        0x4AAC, 0x2167, 0x29A8, 0x29A8, 0x29A8, 0x2988, 0x29A8, 0x2988, 0x29A8, 0x29A8, 0x29A8, 0x2188,
        0x428B, 0x7C52, 0x8CD5, 0x8CB4, 0x8CD5, 0x8CF5, 0x8CD4, 0x8CD5, 0x8CF5, 0x8CD4, 0x8CF5, 0x5B4E,
        0x2988, 0x2988, 0x29A8, 0x2188, 0x29A8, 0x2188, 0x2988, 0x2988, 0x2988, 0x2988, 0x29A8, 0x2988,
        0x426B, 0x8CF5, 0x8CD4, 0x8CD4, 0x8CD5, 0x8CD5, 0x8CD4, 0x8CD4, 0x84B4, 0x4ACD, 0x2187, 0x29A8,
        0x29A8, 0x2988, 0x2188, 0x2188, 0x2188, 0x2188, 0x2167, 0x2187, 0x2187, 0x2188, 0x2188, 0x2188,
        0x2167, 0x4AAC, 0x8493, 0x8493, 0x324B, 0x324B, 0x324B, 0x324B, 0x324B, 0x324B, 0x324B, 0x324B,
        0x324B, 0x324B, 0x324B, 0x324B, 0x324B, 0x324B, 0x324B, 0x324B, 0x7C52, 0x94F5, 0x5B4E, 0x29A8,
        0x2988, 0x2187, 0x2167, 0x2167, 0x2167, 0x2167, 0x2167, 0x2188, 0x2167, 0x2187, 0x29A8, 0x4AAC,
        0x5B2E, 0x5B4E, 0x7412, 0x8CB4, 0x94F5, 0x8CF5, 0x8CD4, 0x8CD5, 0x8CD5, 0x8CD5, 0x6BD1, 0x530E,
        0x5B4F, 0x5B4E, 0x426B, 0x2187, 0x2187, 0x2988, 0x2188, 0x2188, 0x2188, 0x2187, 0x426B, 0x5B4F,
        0x5B4E, 0x5B4F, 0x6BB0, 0x8CD4, 0x8CF5, 0x8CF5, 0x8CF5, 0x8CF5, 0x8CF5, 0x8CD5, 0x8CD5, 0x8CD4,
        0x8CD5, 0x8494, 0x6BF1, 0x636F, 0x636F, 0x52ED, 0x29A8, 0x2167, 0x2187, 0x2188, 0x2187, 0x2167,
        0x2167, 0x2187, 0x2188, 0x2188, 0x29A8, 0x2988, 0x2988, 0x29A8, 0x2188, 0x2187, 0x2167, 0x2188,
        0x2188, 0x2187, 0x2167, 0x2167, 0x2187, 0x2187, 0x2167, 0x2187, 0x2187, 0x2187, 0x2188, 0x2167,
        0x2167, 0x2187, 0x2187, 0x2187, 0x2187, 0x2188, 0x2988, 0x2188, 0x29A8, 0x29A8, 0x2188, 0x29C9,
        0x4AAC, 0x6BD1, 0x8494, 0x8CD5, 0x8CF5, 0x8CF5, 0x8CD5, 0x8CD5, 0x8CD5, 0x8CD4, 0x8CD4, 0x8473,
        0x7C52, 0x6BB0, 0x5B4E, 0x5B2E, 0x530E, 0x4ACD, 0x4AAC, 0x4AAC, 0x4ACC, 0x4ACD, 0x52ED, 0x5B2E,
        0x5B2E, 0x5B2E, 0x636F, 0x6BD1, 0x7432, 0x7C73, 0x84B4, 0x94F5, 0x8CF5, 0x8CD5, 0x8CF5, 0x8CF5,
        0x8CD5, 0x73F1, 0x4AAC, 0x31E9, 0x29A8, 0x29A8, 0x2188, 0x2187, 0x2187, 0x2187, 0x2167, 0x2187,
        0x2188, 0x2988, 0x29A8, 0x2187, 0x2187, 0x2988, 0x29A8, 0x2988, 0x29A8, 0x4AAC, 0x63B0, 0x8493,
        0x8CF5, 0x94F5, 0x8CF5, 0x8CF5, 0x8CF5, 0x94F5, 0x8CD5, 0x7C73, 0x73F1, 0x530D, 0x4ACD, 0x426B,
        0x3209, 0x31E9, 0x29A8, 0x29A8, 0x29A8, 0x29C8, 0x29C8, 0x31E9, 0x320A, 0x428C, 0x4ACD, 0x636F,
        0x7432, 0x7C73, 0x8CD4, 0x8CF5, 0x8CD4, 0x8CD4, 0x8CD4, 0x8CF5, 0x94F5, 0x8CD5, 0x6BD1, 0x52ED,
        0x426B, 0x2988, 0x29A8, 0x29A8, 0x2188, 0x2188, 0x2188, 0x2187, 0x2187, 0x2188, 0x2187, 0x2167,
        0x2167, 0x2167, 0x2188, 0x2187, 0x2167, 0x2167, 0x2188, 0x2187, 0x29A8, 0x29C9, 0x3A2A, 0x6BD1,
        0x8CF5, 0x8CD4, 0x8CD4, 0x8CD5, 0x6BD0, 0x3A2A, 0x31E9, 0x29A8, 0x2188, 0x2188, 0x2187, 0x29A8,
        0x29A8, 0x29A8, 0x2187, 0x29A8, 0x2188, 0x3A2A, 0x7412, 0x8CF5, 0x8CD4, 0x8CD4, 0x8CD5, 0x8CD4,
        0x8CD5, 0x8CD4, 0x52ED, 0x29A8, 0x29A8, 0x29A8, 0x2988, 0x2988, 0x2988, 0x2187, 0x2167, 0x2187,
        0x2188, 0x2188, 0x2187, 0x2188, 0x530E, 0x8CF5, 0x8CD4, 0x8CD4, 0x8CD5, 0x8CD5, 0x8CD4, 0x8CD5,
        0x8CD4, 0x5B4E, 0x29A8, 0x2988, 0x2988, 0x2187, 0x2187, 0x2187, 0x2188, 0x2187, 0x2187, 0x2187,
        0x2187, 0x2188, 0x2187, 0x2988, 0x2167, 0x4AAC, 0x84B4, 0x8494, 0x324B, 0x324B, 0x324B, 0x324B,
        0x324B, 0x324B, 0x324B, 0x324B, 0x324B, 0x324B, 0x324B, 0x324B, 0x324B, 0x324B, 0x324B, 0x324B,
        0x7412, 0x94F5, 0x5B4F, 0x29A8, 0x2187, 0x2187, 0x2187, 0x2167, 0x2167, 0x2167, 0x2167, 0x2187,
        0x2187, 0x2167, 0x29A8, 0x6BD0, 0x8CF5, 0x84B4, 0x8CD5, 0x8CD4, 0x84B4, 0x84B4, 0x8CD4, 0x8CD4,
        0x84B4, 0x8CB4, 0x8CF5, 0x8CF5, 0x8CF5, 0x8CF5, 0x4AED, 0x2167, 0x2988, 0x2188, 0x2988, 0x2188,
        0x2988, 0x2167, 0x4ACC, 0x94F5, 0x8CD4, 0x8CF5, 0x8CF5, 0x8CD5, 0x8CD5, 0x8CD5, 0x8CD4, 0x8CD5,
        0x8CD5, 0x8CD4, 0x8CD4, 0x8CD5, 0x8CD4, 0x8CD4, 0x8CD5, 0x8CD4, 0x8CF5, 0x7C73, 0x3A2A, 0x2167,
        0x2188, 0x2167, 0x2188, 0x2188, 0x2167, 0x2167, 0x2187, 0x2187, 0x2988, 0x2188, 0x2988, 0x2988,
        0x2988, 0x2188, 0x2167, 0x2188, 0x2188, 0x2187, 0x2187, 0x2187, 0x2187, 0x2187, 0x2187, 0x2187,
        0x2188, 0x2188, 0x2188, 0x2188, 0x2187, 0x2187, 0x2187, 0x2187, 0x2187, 0x2187, 0x29A8, 0x2988,
        0x2188, 0x2988, 0x29A8, 0x2188, 0x2187, 0x29A8, 0x3A2A, 0x5B2E, 0x6BF1, 0x7C52, 0x84B4, 0x8CD4,
        0x8CD4, 0x8CF5, 0x8CF5, 0x94F5, 0x8CF5, 0x8CD4, 0x8CD5, 0x8CD4, 0x8CD4, 0x84B4, 0x8494, 0x84B4,
        0x8493, 0x84B4, 0x8CD4, 0x8CD5, 0x8CD5, 0x8CD5, 0x8CF5, 0x94F5, 0x8CF5, 0x94F5, 0x94F5, 0x8CD5,
        0x84B4, 0x7C52, 0x6BB0, 0x5B2E, 0x428B, 0x31E9, 0x2988, 0x2988, 0x2167, 0x2187, 0x2187, 0x2187,
        0x2187, 0x2187, 0x2187, 0x2167, 0x2187, 0x2188, 0x2188, 0x2188, 0x2988, 0x2988, 0x2988, 0x29A8,
        0x2188, 0x2988, 0x29A8, 0x426B, 0x530E, 0x6BB0, 0x7C53, 0x84B4, 0x8CD5, 0x8CD4, 0x94F5, 0x94F5,
        0x94F5, 0x94F5, 0x8CF5, 0x8493, 0x7C73, 0x7C52, 0x6BF1, 0x7411, 0x7412, 0x7411, 0x7411, 0x7C52,
        0x7C73, 0x8493, 0x8CD5, 0x8CD5, 0x8CF5, 0x8CF5, 0x8CF5, 0x8CF5, 0x8CF5, 0x8CD4, 0x8493, 0x7432,
        0x530D, 0x3A2A, 0x31C9, 0x2188, 0x29A8, 0x2988, 0x2988, 0x2188, 0x2188, 0x2188, 0x2187, 0x2187,
        0x2187, 0x2187, 0x2167, 0x2167, 0x2187, 0x2167, 0x2187, 0x2188, 0x31E9, 0x4ACC, 0x4AAC, 0x4AED,
        0x5B4E, 0x6390, 0x7C52, 0x94F5, 0x8CD5, 0x8CD4, 0x8CD5, 0x8CF5, 0x8CD5, 0x7432, 0x6BB0, 0x5B4F,
        0x52ED, 0x4AAC, 0x428C, 0x29C9, 0x2188, 0x2187, 0x29A8, 0x29A8, 0x29C8, 0x2988, 0x3A2A, 0x6BD1,
        0x8CD5, 0x8CD4, 0x8CD4, 0x8CF5, 0x8CD4, 0x4AED, 0x2188, 0x29A8, 0x29A8, 0x2988, 0x2188, 0x2988,
        0x2188, 0x31C9, 0x426B, 0x4AAC, 0x4AAC, 0x52ED, 0x5B4F, 0x6BD1, 0x7C73, 0x8CD4, 0x84B4, 0x8CD4,
        0x8CD5, 0x8CB4, 0x8CD4, 0x8CB4, 0x84B4, 0x8493, 0x6BD0, 0x5B2E, 0x4ACD, 0x4AAC, 0x4AAC, 0x3A2A,
        0x2988, 0x2167, 0x2187, 0x2187, 0x2187, 0x2188, 0x2187, 0x2988, 0x2187, 0x428C, 0x8493, 0x8494,
        0x324B, 0x324B, 0x324B, 0x324B, 0x324B, 0x324B, 0x324B, 0x324B, 0x324B, 0x324B, 0x324B, 0x324B,
        0x324B, 0x324B, 0x324B, 0x324B, 0x7432, 0x94F5, 0x638F, 0x29A8, 0x2187, 0x2188, 0x2187, 0x2187,
        0x2167, 0x2187, 0x2187, 0x2167, 0x2187, 0x2187, 0x29A8, 0x428B, 0x4ACD, 0x428B, 0x4AAC, 0x4AAC,
        0x4AAC, 0x4ACC, 0x4ACD, 0x4ACC, 0x4AAC, 0x4AAC, 0x4ACD, 0x4AAC, 0x4AAC, 0x4AED, 0x3209, 0x2188,
        0x2188, 0x2188, 0x2988, 0x2187, 0x2187, 0x2167, 0x320A, 0x530D, 0x4ACC, 0x4AAC, 0x4ACD, 0x4ACD,
        0x4AED, 0x4ACD, 0x4AAC, 0x4ACC, 0x4ACD, 0x4ACD, 0x4ACC, 0x4ACD, 0x4ACC, 0x4AAC, 0x4ACC, 0x4AAC,
        0x4AAC, 0x4AAC, 0x29A8, 0x2167, 0x2988, 0x2167, 0x2167, 0x2188, 0x2187, 0x2167, 0x2167, 0x2167,
        0x2188, 0x2187, 0x2188, 0x2188, 0x2988, 0x2187, 0x2187, 0x2188, 0x2188, 0x2187, 0x2187, 0x2187,
        0x2187, 0x2187, 0x2187, 0x2187, 0x2187, 0x2188, 0x2188, 0x2188, 0x2188, 0x2188, 0x2188, 0x2188,
        0x2187, 0x2187, 0x2188, 0x2188, 0x2188, 0x2188, 0x29A8, 0x29A8, 0x29A8, 0x2188, 0x2188, 0x2188,
        0x2188, 0x31C9, 0x426B, 0x52ED, 0x636F, 0x6BF1, 0x7C32, 0x7C73, 0x8493, 0x8CD4, 0x8CD4, 0x8CD5,
        0x8CF5, 0x8CF5, 0x94F5, 0x8CF5, 0x8CD5, 0x8CF5, 0x8CD5, 0x8CD5, 0x8CD5, 0x8CB4, 0x8494, 0x7C73,
        0x7C52, 0x7412, 0x638F, 0x52ED, 0x3A4B, 0x31E9, 0x29C9, 0x29A8, 0x2188, 0x2188, 0x2188, 0x2988,
        0x2167, 0x2167, 0x2187, 0x2167, 0x2167, 0x2188, 0x2187, 0x2167, 0x2187, 0x2167, 0x2187, 0x2188,
        0x29A8, 0x2188, 0x2167, 0x2187, 0x2988, 0x2988, 0x2988, 0x2188, 0x2167, 0x29A8, 0x3A4A, 0x4AAC,
        0x530E, 0x636F, 0x6BD1, 0x7C32, 0x7C73, 0x8473, 0x8CB4, 0x8CF5, 0x8CD5, 0x94F5, 0x94F5, 0x94F5,
        0x94F5, 0x94F5, 0x94F5, 0x8CF5, 0x8CD5, 0x8CD4, 0x8CD4, 0x8494, 0x8493, 0x7C53, 0x7C32, 0x6BD1,
        0x5B2E, 0x4ACD, 0x31E9, 0x29A8, 0x29A8, 0x2988, 0x2187, 0x29A8, 0x29A8, 0x29A8, 0x2188, 0x2187,
        0x2187, 0x2187, 0x2187, 0x2187, 0x2187, 0x2187, 0x2167, 0x2167, 0x2187, 0x2167, 0x2187, 0x2187,
        0x4AAC, 0x8CD4, 0x8CF5, 0x8CD5, 0x94F5, 0x94F5, 0x94F5, 0x8CD5, 0x8CF5, 0x8CF5, 0x8CF5, 0x8CD5,
        0x8CF5, 0x94F5, 0x94F5, 0x94F5, 0x94F5, 0x94F5, 0x8CD4, 0x4AAC, 0x2187, 0x2988, 0x29A8, 0x2188,
        0x2188, 0x29A8, 0x29A8, 0x29C8, 0x6390, 0x8CD5, 0x8CF5, 0x84B4, 0x4ACD, 0x2188, 0x29A8, 0x29A8,
        0x2988, 0x2988, 0x2188, 0x2188, 0x2188, 0x426B, 0x8493, 0x94F5, 0x8CF5, 0x8CD5, 0x94F5, 0x8CF5,
        0x94F5, 0x94F5, 0x8CF5, 0x8CF5, 0x94F5, 0x94F5, 0x94F5, 0x94F5, 0x8CF5, 0x94F5, 0x94F5, 0x94F5,
        0x8CF5, 0x8CF5, 0x8CF5, 0x5B4F, 0x2187, 0x2187, 0x2188, 0x2188, 0x2188, 0x2988, 0x2188, 0x29A8,
        0x2187, 0x4AAC, 0x8494, 0x8494, 0x324B, 0x324B, 0x324B, 0x324B, 0x324B, 0x324B, 0x324B, 0x324B,
        0x324B, 0x324B, 0x324B, 0x324B, 0x324B, 0x324B, 0x324B, 0x324B, 0x7432, 0x94F5, 0x638F, 0x29A8,
        0x2187, 0x2188, 0x2187, 0x2187, 0x2167, 0x2167, 0x2167, 0x2187, 0x2167, 0x2187, 0x2188, 0x2988,
        0x2167, 0x2167, 0x2187, 0x2167, 0x2167, 0x2167, 0x2187, 0x2167, 0x2167, 0x2187, 0x2167, 0x2167,
        0x2187, 0x2167, 0x2188, 0x2988, 0x2187, 0x2188, 0x2187, 0x2187, 0x2988, 0x2188, 0x2988, 0x2167,
        0x2187, 0x2188, 0x2188, 0x2988, 0x29A8, 0x29A8, 0x29A8, 0x29A8, 0x29A8, 0x29A8, 0x29A8, 0x29A8,
        0x29A8, 0x2988, 0x29A8, 0x2188, 0x2188, 0x2988, 0x2188, 0x2188, 0x2188, 0x2188, 0x2187, 0x2187,
        0x2188, 0x2187, 0x2167, 0x2187, 0x2187, 0x2187, 0x2187, 0x2187, 0x2187, 0x2167, 0x2187, 0x2187,
        0x2167, 0x2167, 0x2167, 0x2167, 0x2167, 0x2167, 0x2187, 0x2187, 0x2167, 0x2187, 0x2188, 0x2188,
        0x2188, 0x2188, 0x2188, 0x2188, 0x2188, 0x2187, 0x2187, 0x2188, 0x2187, 0x2167, 0x2188, 0x2187,
        0x2988, 0x2188, 0x2187, 0x29A8, 0x29A8, 0x29A8, 0x2167, 0x2167, 0x2188, 0x29A8, 0x31E9, 0x3A2A,
        0x426B, 0x4AAC, 0x4ACD, 0x530E, 0x530E, 0x532E, 0x5B2E, 0x5B2E, 0x530E, 0x5B2E, 0x530E, 0x52ED,
        0x52ED, 0x4AAC, 0x428B, 0x3A2A, 0x31E9, 0x29C9, 0x29A8, 0x29A8, 0x29A8, 0x2188, 0x2187, 0x2188,
        0x2188, 0x2187, 0x2187, 0x2188, 0x2167, 0x2187, 0x2167, 0x2167, 0x2187, 0x2188, 0x2187, 0x2167,
        0x2167, 0x2167, 0x2167, 0x2187, 0x2187, 0x2187, 0x2187, 0x2187, 0x2988, 0x2188, 0x2988, 0x2988,
        0x2988, 0x2188, 0x2187, 0x2167, 0x2187, 0x29A8, 0x31E9, 0x3209, 0x3A2A, 0x426B, 0x4AAC, 0x4ACD,
        0x530E, 0x5B2E, 0x5B2E, 0x5B4F, 0x5B4E, 0x530E, 0x5B4E, 0x636F, 0x530D, 0x52ED, 0x52ED, 0x4AAC,
        0x428B, 0x3209, 0x29C8, 0x29A8, 0x2188, 0x29A8, 0x2988, 0x2188, 0x29A8, 0x2988, 0x2188, 0x2988,
        0x2988, 0x2988, 0x2187, 0x2187, 0x2187, 0x2187, 0x2187, 0x2187, 0x2187, 0x2187, 0x2187, 0x2167,
        0x2167, 0x2167, 0x2187, 0x2188, 0x3A2A, 0x6BB0, 0x6BD0, 0x6390, 0x636F, 0x63B0, 0x638F, 0x636F,
        0x638F, 0x63B0, 0x636F, 0x638F, 0x6BB0, 0x638F, 0x6BB0, 0x638F, 0x636F, 0x6BB0, 0x6BB0, 0x3A2A,
        0x2188, 0x2188, 0x2188, 0x2188, 0x2187, 0x2988, 0x29A8, 0x2188, 0x31E9, 0x636F, 0x6BD1, 0x4AAC,
        0x2167, 0x29A8, 0x29A8, 0x2988, 0x2188, 0x2188, 0x2188, 0x2187, 0x2188, 0x3209, 0x638F, 0x6390,
        0x638F, 0x6390, 0x6BD0, 0x63B0, 0x636F, 0x6BB0, 0x6BB0, 0x638F, 0x6BB0, 0x6BD0, 0x638F, 0x6BB0,
        0x6BD0, 0x638F, 0x636F, 0x6BB0, 0x6BB0, 0x6BB0, 0x6BF1, 0x52ED, 0x2188, 0x29A8, 0x2188, 0x2188,
        0x2188, 0x2188, 0x2188, 0x2188, 0x2167, 0x4AAC, 0x84B4, 0x8494, 0x324B, 0x324B, 0x324B, 0x324B,
        0x324B, 0x324B, 0x324B, 0x324B, 0x324B, 0x324B, 0x324B, 0x324B, 0x324B, 0x324B, 0x324B, 0x324B,
        0x7412, 0x94F5, 0x638F, 0x29A8, 0x2167, 0x2187, 0x2187, 0x2167, 0x2167, 0x2167, 0x2167, 0x2167,
        0x2167, 0x2167, 0x2167, 0x29A8, 0x29A8, 0x2988, 0x2188, 0x29A8, 0x2188, 0x2188, 0x2188, 0x2988,
        0x29A8, 0x29A8, 0x2988, 0x2188, 0x2988, 0x29A8, 0x29A8, 0x2188, 0x29A8, 0x29A8, 0x2187, 0x2187,
        0x2187, 0x2188, 0x29A8, 0x2188, 0x2988, 0x2988, 0x29A8, 0x2188, 0x2988, 0x29A8, 0x29A8, 0x29A8,
        0x2988, 0x2988, 0x2988, 0x2188, 0x2188, 0x29A8, 0x2988, 0x2187, 0x2188, 0x2187, 0x2187, 0x2188,
        0x2988, 0x2188, 0x2187, 0x2988, 0x29A8, 0x2187, 0x2187, 0x2187, 0x2187, 0x2187, 0x2188, 0x2988,
        0x2188, 0x2187, 0x2187, 0x2167, 0x2167, 0x2167, 0x2187, 0x2187, 0x2167, 0x2167, 0x2167, 0x2167,
        0x2187, 0x2187, 0x2188, 0x2188, 0x2187, 0x2187, 0x2187, 0x2188, 0x2187, 0x2188, 0x2187, 0x2187,
        0x2188, 0x2188, 0x2187, 0x2167, 0x2187, 0x2188, 0x2188, 0x2187, 0x2167, 0x2167, 0x2188, 0x2188,
        0x2188, 0x2188, 0x2188, 0x2188, 0x2187, 0x2187, 0x2167, 0x2187, 0x2187, 0x2188, 0x2988, 0x2988,
        0x2188, 0x2188, 0x2167, 0x2188, 0x29A8, 0x2188, 0x2188, 0x29A8, 0x2988, 0x29A8, 0x2188, 0x2188,
        0x2187, 0x2187, 0x2187, 0x2187, 0x2167, 0x2188, 0x29A8, 0x2188, 0x2167, 0x2167, 0x2167, 0x2167,
        0x2188, 0x2188, 0x2187, 0x2167, 0x2167, 0x2167, 0x2167, 0x2167, 0x2167, 0x2167, 0x2187, 0x2187,
        0x2187, 0x2187, 0x2187, 0x2167, 0x2188, 0x2988, 0x2188, 0x2988, 0x2188, 0x2188, 0x2188, 0x2187,
        0x2167, 0x2187, 0x2167, 0x2167, 0x2188, 0x2187, 0x2988, 0x29A8, 0x2188, 0x2188, 0x2188, 0x2988,
        0x2187, 0x2188, 0x2187, 0x2187, 0x2187, 0x2988, 0x2988, 0x29A8, 0x29A8, 0x29A8, 0x29A8, 0x2187,
        0x2167, 0x2188, 0x2187, 0x2187, 0x2188, 0x2167, 0x2167, 0x2187, 0x2188, 0x2187, 0x2187, 0x2187,
        0x2187, 0x2187, 0x2167, 0x2167, 0x2167, 0x2187, 0x2187, 0x2988, 0x2188, 0x2988, 0x29A8, 0x29A8,
        0x29A8, 0x29A8, 0x29A8, 0x29A8, 0x29A8, 0x29C8, 0x29A8, 0x29A8, 0x29A8, 0x29A8, 0x29A8, 0x29A8,
        0x2988, 0x29A8, 0x29C9, 0x2187, 0x2187, 0x2988, 0x2187, 0x2188, 0x2988, 0x2187, 0x2188, 0x2988,
        0x2988, 0x29A8, 0x29A8, 0x29A8, 0x29A8, 0x29A8, 0x2188, 0x2188, 0x2188, 0x2188, 0x2187, 0x2188,
        0x2188, 0x29A8, 0x29A8, 0x29A8, 0x29C8, 0x29A8, 0x29C9, 0x29C9, 0x29A8, 0x29C8, 0x29A8, 0x29A8,
        0x31C9, 0x31C9, 0x29A8, 0x29C8, 0x29A8, 0x29A8, 0x29C8, 0x29C9, 0x29C8, 0x29A8, 0x29C8, 0x29C8,
        0x2187, 0x2188, 0x2988, 0x2188, 0x2187, 0x2188, 0x2188, 0x2988, 0x2188, 0x4AAC, 0x8493, 0x84B4,
        0x324B, 0x324B, 0x324B, 0x324B, 0x324B, 0x324B, 0x324B, 0x324B, 0x324B, 0x324B, 0x324B, 0x324B,
        0x324B, 0x324B, 0x324B, 0x324B, 0x7432, 0x94F5, 0x6390, 0x29A8, 0x2167, 0x2187, 0x2167, 0x2187,
        0x2167, 0x2167, 0x2167, 0x2187, 0x2187, 0x2167, 0x2167, 0x2188, 0x2187, 0x2188, 0x2187, 0x2187,
        0x2167, 0x2188, 0x2188, 0x2188, 0x2187, 0x2187, 0x2188, 0x2187, 0x2187, 0x2187, 0x2187, 0x2988,
        0x2988, 0x2188, 0x2167, 0x2187, 0x2187, 0x2167, 0x2187, 0x2167, 0x2188, 0x2187, 0x2188, 0x2188,
        0x2988, 0x2988, 0x2188, 0x2188, 0x29A8, 0x2188, 0x2187, 0x2187, 0x2187, 0x2187, 0x2187, 0x2187,
        0x2188, 0x2167, 0x2188, 0x2988, 0x2188, 0x2187, 0x2188, 0x2988, 0x2988, 0x2188, 0x2187, 0x2187,
        0x2187, 0x2187, 0x2188, 0x29A8, 0x2988, 0x2188, 0x2188, 0x2187, 0x2167, 0x2167, 0x2187, 0x2187,
        0x2167, 0x2167, 0x2167, 0x2167, 0x2187, 0x2188, 0x2188, 0x2187, 0x2167, 0x2187, 0x2187, 0x2188,
        0x2187, 0x2187, 0x2188, 0x2187, 0x2187, 0x2188, 0x2187, 0x2188, 0x2188, 0x2188, 0x2188, 0x2167,
        0x2187, 0x2188, 0x2187, 0x2187, 0x2167, 0x2187, 0x2187, 0x2187, 0x2988, 0x29A8, 0x2188, 0x2188,
        0x2988, 0x29A8, 0x2988, 0x2188, 0x2188, 0x2188, 0x2188, 0x2188, 0x2187, 0x2188, 0x2187, 0x2187,
        0x2988, 0x29A8, 0x2188, 0x2188, 0x2988, 0x2188, 0x2188, 0x2187, 0x2187, 0x2167, 0x2187, 0x2187,
        0x2187, 0x2187, 0x2187, 0x2167, 0x2187, 0x2188, 0x2187, 0x2167, 0x2167, 0x2167, 0x2167, 0x2167,
        0x2167, 0x2167, 0x2188, 0x2167, 0x2167, 0x2188, 0x2188, 0x2187, 0x2167, 0x2187, 0x2167, 0x2188,
        0x2188, 0x2188, 0x2188, 0x2988, 0x29A8, 0x2988, 0x2988, 0x29A8, 0x29A8, 0x2188, 0x2188, 0x2188,
        0x29A8, 0x29A8, 0x2188, 0x2188, 0x2188, 0x2188, 0x2188, 0x29A8, 0x29A8, 0x2188, 0x2188, 0x2188,
        0x2188, 0x2187, 0x2187, 0x2188, 0x2187, 0x2187, 0x2167, 0x2167, 0x2188, 0x2187, 0x2187, 0x2188,
        0x2187, 0x2167, 0x2187, 0x2187, 0x2187, 0x2187, 0x2187, 0x2167, 0x2167, 0x2167, 0x2167, 0x2188,
        0x2187, 0x2188, 0x2167, 0x2188, 0x2188, 0x2188, 0x2988, 0x2188, 0x2188, 0x2188, 0x2187, 0x2187,
        0x2188, 0x2188, 0x2187, 0x2988, 0x2188, 0x2187, 0x2187, 0x29A8, 0x2188, 0x2187, 0x2167, 0x2188,
        0x29A8, 0x29A8, 0x2187, 0x2167, 0x2187, 0x2188, 0x29A8, 0x2188, 0x2988, 0x2188, 0x2167, 0x2188,
        0x2188, 0x2187, 0x2188, 0x2188, 0x2187, 0x2188, 0x2188, 0x2988, 0x2988, 0x2188, 0x2988, 0x29A8,
        0x2988, 0x29A8, 0x29A8, 0x2988, 0x29A8, 0x29A8, 0x29A8, 0x29A8, 0x29A8, 0x29A8, 0x29A8, 0x29A8,
        0x2988, 0x29A8, 0x2188, 0x2188, 0x2188, 0x2187, 0x2187, 0x2188, 0x2187, 0x2188, 0x2188, 0x2988,
        0x2188, 0x428C, 0x8494, 0x8CB4, 0x324B, 0x324B, 0x324B, 0x324B, 0x324B, 0x324B, 0x324B, 0x324B,
        0x324B, 0x324B, 0x324B, 0x324B, 0x324B, 0x324B, 0x324B, 0x324B, 0x7432, 0x94F5, 0x636F, 0x29A8,
        0x2187, 0x2187, 0x2187, 0x2188, 0x2187, 0x2167, 0x2187, 0x2187, 0x2167, 0x2188, 0x2188, 0x2188,
        0x2187, 0x2188, 0x2167, 0x2187, 0x2167, 0x2167, 0x2167, 0x2167, 0x2167, 0x2187, 0x2167, 0x2167,
        0x2188, 0x2187, 0x2187, 0x29A8, 0x2188, 0x2988, 0x2187, 0x2188, 0x2188, 0x2167, 0x2187, 0x2188,
        0x2187, 0x2187, 0x2187, 0x2188, 0x2187, 0x2187, 0x2188, 0x2988, 0x2188, 0x2188, 0x2988, 0x2188,
        0x2188, 0x2187, 0x2187, 0x2187, 0x2188, 0x2167, 0x2187, 0x2188, 0x2187, 0x2188, 0x29A8, 0x2188,
        0x2988, 0x2187, 0x2187, 0x2187, 0x2188, 0x2187, 0x2187, 0x2188, 0x2188, 0x2188, 0x2188, 0x2188,
        0x2187, 0x2167, 0x2187, 0x2167, 0x2167, 0x2188, 0x2188, 0x2188, 0x2188, 0x2188, 0x2188, 0x2187,
        0x2187, 0x2188, 0x2188, 0x2187, 0x2188, 0x2187, 0x2188, 0x2188, 0x2167, 0x2167, 0x2167, 0x2167,
        0x2167, 0x2187, 0x2167, 0x2187, 0x2187, 0x2167, 0x2187, 0x2187, 0x2167, 0x2187, 0x2187, 0x2187,
        0x2187, 0x2187, 0x2187, 0x2187, 0x2167, 0x2187, 0x2188, 0x2167, 0x2167, 0x2188, 0x2187, 0x2167,
        0x2187, 0x2167, 0x2167, 0x2187, 0x2188, 0x2187, 0x2187, 0x2187, 0x2187, 0x2167, 0x2187, 0x2167,
        0x2167, 0x2187, 0x2188, 0x2187, 0x2187, 0x2187, 0x2188, 0x2167, 0x2187, 0x2187, 0x2167, 0x2167,
        0x2167, 0x2167, 0x2167, 0x2167, 0x2167, 0x2167, 0x2187, 0x2167, 0x2167, 0x2187, 0x2187, 0x2188,
        0x2188, 0x2167, 0x2187, 0x2187, 0x2187, 0x2187, 0x2187, 0x2187, 0x2188, 0x2188, 0x2167, 0x2188,
        0x2187, 0x2188, 0x2188, 0x2167, 0x2187, 0x2187, 0x2188, 0x2167, 0x2167, 0x2167, 0x2187, 0x2188,
        0x2188, 0x2988, 0x2188, 0x2187, 0x2187, 0x2167, 0x2187, 0x2188, 0x2988, 0x2188, 0x2188, 0x2187,
        0x2187, 0x2988, 0x2187, 0x2187, 0x2187, 0x2167, 0x2167, 0x2167, 0x2167, 0x2167, 0x2187, 0x2187,
        0x2187, 0x2167, 0x2167, 0x2187, 0x2167, 0x2188, 0x2187, 0x2167, 0x29A8, 0x2988, 0x2988, 0x29A8,
        0x2188, 0x2187, 0x29A8, 0x2188, 0x29A8, 0x29A8, 0x2187, 0x2188, 0x2187, 0x2187, 0x2167, 0x2188,
        0x2187, 0x2187, 0x2167, 0x2187, 0x2188, 0x2188, 0x2187, 0x2187, 0x2188, 0x2187, 0x2188, 0x29A8,
        0x2187, 0x2167, 0x2188, 0x2187, 0x2187, 0x2188, 0x2188, 0x2187, 0x2187, 0x2187, 0x2188, 0x2188,
        0x2167, 0x2167, 0x2988, 0x2188, 0x2188, 0x2188, 0x29A8, 0x2188, 0x2988, 0x2988, 0x29A8, 0x2988,
        0x2988, 0x2988, 0x2988, 0x2188, 0x2188, 0x2187, 0x2187, 0x2988, 0x2188, 0x2187, 0x2187, 0x29A8,
        0x2188, 0x2187, 0x2188, 0x2188, 0x2187, 0x4AAC, 0x84B4, 0x8CB4, 0x324B, 0x324B, 0x324B, 0x324B,
        0x324B, 0x324B, 0x324B, 0x324B, 0x324B, 0x324B, 0x324B, 0x324B, 0x324B, 0x324B, 0x324B, 0x324B,
        0x6BF1, 0x94F5, 0x636F, 0x29A8, 0x2187, 0x2187, 0x2167, 0x2167, 0x2187, 0x2167, 0x2167, 0x2167,
        0x2167, 0x2187, 0x2188, 0x2167, 0x2187, 0x2187, 0x2188, 0x2187, 0x2187, 0x2187, 0x2187, 0x2187,
        0x2187, 0x2187, 0x2188, 0x2187, 0x2167, 0x2187, 0x2188, 0x29A8, 0x2187, 0x2187, 0x2988, 0x2188,
        0x2187, 0x2187, 0x2188, 0x2187, 0x2187, 0x2188, 0x2188, 0x2167, 0x2188, 0x2187, 0x2187, 0x2188,
        0x2187, 0x2188, 0x2188, 0x2187, 0x2187, 0x2167, 0x2187, 0x2187, 0x2187, 0x2188, 0x2167, 0x2167,
        0x2187, 0x29A8, 0x2988, 0x2187, 0x2187, 0x2187, 0x2187, 0x2188, 0x29A8, 0x2188, 0x2167, 0x2167,
        0x2187, 0x2188, 0x2188, 0x2188, 0x2187, 0x2167, 0x2187, 0x2187, 0x2188, 0x2188, 0x2187, 0x2188,
        0x2988, 0x2187, 0x2187, 0x2188, 0x2187, 0x2187, 0x2188, 0x2188, 0x2188, 0x2188, 0x2188, 0x2187,
        0x2187, 0x2187, 0x2167, 0x2167, 0x2188, 0x2187, 0x2188, 0x2187, 0x2167, 0x2167, 0x2167, 0x2167,
        0x2187, 0x2187, 0x2167, 0x2167, 0x2167, 0x2167, 0x2167, 0x2167, 0x2187, 0x2187, 0x2187, 0x2187,
        0x2187, 0x2167, 0x2167, 0x2167, 0x2167, 0x2167, 0x2187, 0x2187, 0x2187, 0x2187, 0x2187, 0x2187,
        0x2187, 0x2167, 0x2167, 0x2187, 0x2187, 0x2187, 0x2187, 0x2187, 0x2167, 0x2167, 0x2167, 0x2187,
        0x2187, 0x2187, 0x2167, 0x2187, 0x2187, 0x2187, 0x2167, 0x2167, 0x2187, 0x2187, 0x2167, 0x2167,
        0x2187, 0x2187, 0x2188, 0x2187, 0x2187, 0x2187, 0x2187, 0x2187, 0x2187, 0x2187, 0x2187, 0x2188,
        0x2188, 0x2187, 0x2188, 0x2187, 0x2187, 0x2187, 0x2187, 0x2167, 0x2187, 0x2188, 0x2187, 0x2167,
        0x2167, 0x2187, 0x2187, 0x2188, 0x2188, 0x2188, 0x2167, 0x2187, 0x2188, 0x2188, 0x2187, 0x2188,
        0x2187, 0x2188, 0x2187, 0x2188, 0x2187, 0x2188, 0x2167, 0x2187, 0x2167, 0x2167, 0x2167, 0x2167,
        0x2167, 0x2187, 0x2187, 0x2988, 0x2988, 0x2187, 0x2187, 0x2187, 0x2187, 0x2187, 0x2187, 0x2188,
        0x2188, 0x2188, 0x2988, 0x29A8, 0x2188, 0x2188, 0x2188, 0x2188, 0x2187, 0x2187, 0x2188, 0x2187,
        0x2187, 0x2187, 0x2187, 0x2187, 0x2187, 0x2167, 0x2188, 0x2188, 0x2188, 0x2187, 0x2187, 0x2187,
        0x2187, 0x2187, 0x2188, 0x2988, 0x2188, 0x2187, 0x2187, 0x2187, 0x2187, 0x2988, 0x2188, 0x2167,
        0x2187, 0x2187, 0x2187, 0x2167, 0x2188, 0x2188, 0x2988, 0x2188, 0x2188, 0x29A8, 0x2988, 0x2188,
        0x2988, 0x2188, 0x2988, 0x29A8, 0x2988, 0x2988, 0x2988, 0x2188, 0x2188, 0x2188, 0x2188, 0x2188,
        0x2188, 0x2188, 0x2188, 0x2187, 0x2187, 0x2187, 0x2188, 0x2988, 0x2188, 0x4AAC, 0x84B4, 0x8CD4,
        0x324B, 0x324B, 0x324B, 0x324B, 0x324B, 0x324B, 0x324B, 0x324B, 0x324B, 0x324B, 0x324B, 0x324B,
        0x324B, 0x324B, 0x324B, 0x324B, 0x6BF1, 0x94F5, 0x6390, 0x29A8, 0x2187, 0x2988, 0x2188, 0x2167,
        0x2187, 0x2167, 0x2167, 0x2167, 0x2167, 0x2187, 0x2187, 0x2187, 0x2188, 0x2188, 0x29A8, 0x29A8,
        0x2988, 0x2188, 0x2188, 0x2188, 0x2188, 0x2188, 0x2988, 0x2188, 0x2188, 0x2187, 0x2188, 0x29A8,
        0x2188, 0x2188, 0x2188, 0x2188, 0x2188, 0x2187, 0x2188, 0x2187, 0x2188, 0x2187, 0x2988, 0x2188,
        0x2187, 0x2188, 0x2988, 0x2188, 0x2187, 0x2188, 0x2988, 0x2188, 0x2187, 0x2187, 0x2187, 0x2188,
        0x29A8, 0x2188, 0x2187, 0x2187, 0x2187, 0x2188, 0x2188, 0x2167, 0x2188, 0x2188, 0x2188, 0x29A8,
        0x29A8, 0x29A8, 0x2188, 0x2187, 0x2187, 0x2187, 0x2188, 0x2188, 0x2187, 0x2187, 0x2187, 0x2187,
        0x2187, 0x2167, 0x2188, 0x2988, 0x2988, 0x2188, 0x2188, 0x2187, 0x2187, 0x2188, 0x2188, 0x2188,
        0x2187, 0x2187, 0x2188, 0x2188, 0x2188, 0x2187, 0x2187, 0x2187, 0x2188, 0x2187, 0x2187, 0x2167,
        0x2167, 0x2167, 0x2167, 0x2187, 0x2167, 0x2167, 0x2187, 0x2187, 0x2187, 0x2187, 0x2167, 0x2167,
        0x2167, 0x2167, 0x2167, 0x2167, 0x2188, 0x2188, 0x2188, 0x2187, 0x2187, 0x2167, 0x2167, 0x2187,
        0x2187, 0x2187, 0x2187, 0x2187, 0x2187, 0x2167, 0x2167, 0x2187, 0x2187, 0x2187, 0x2187, 0x2187,
        0x2187, 0x2187, 0x2187, 0x2187, 0x2187, 0x2187, 0x2167, 0x2187, 0x2188, 0x2988, 0x2167, 0x2167,
        0x2188, 0x2187, 0x2167, 0x2167, 0x2188, 0x2988, 0x2187, 0x2167, 0x2187, 0x2187, 0x2187, 0x2188,
        0x2188, 0x2188, 0x2188, 0x2188, 0x2188, 0x2188, 0x2188, 0x2187, 0x2187, 0x2187, 0x2187, 0x2167,
        0x2187, 0x2187, 0x2187, 0x2167, 0x2187, 0x2188, 0x2187, 0x2187, 0x2187, 0x2187, 0x2187, 0x2187,
        0x2188, 0x2988, 0x2988, 0x2187, 0x2988, 0x2188, 0x2188, 0x2988, 0x2188, 0x2188, 0x2187, 0x2188,
        0x2188, 0x2187, 0x2187, 0x2167, 0x2167, 0x2187, 0x2187, 0x2988, 0x2188, 0x2187, 0x2187, 0x2187,
        0x2188, 0x2188, 0x2188, 0x2188, 0x2988, 0x2188, 0x2188, 0x2188, 0x2187, 0x2187, 0x2988, 0x2988,
        0x2187, 0x2187, 0x2187, 0x2187, 0x2187, 0x2187, 0x2187, 0x2187, 0x2187, 0x2187, 0x2188, 0x2188,
        0x2188, 0x2167, 0x2187, 0x2187, 0x2187, 0x2187, 0x2188, 0x2988, 0x2188, 0x2187, 0x2188, 0x2187,
        0x2167, 0x2187, 0x2188, 0x2187, 0x2187, 0x2187, 0x2187, 0x2187, 0x2188, 0x2188, 0x2988, 0x2188,
        0x2188, 0x2988, 0x2188, 0x2187, 0x2188, 0x2187, 0x2188, 0x29A8, 0x2988, 0x2988, 0x2988, 0x2988,
        0x2188, 0x2188, 0x2188, 0x2988, 0x29A8, 0x2988, 0x2188, 0x2188, 0x2187, 0x2188, 0x2188, 0x2188,
        0x2988, 0x428C, 0x8493, 0x84B4, 0x324B, 0x324B, 0x324B, 0x324B, 0x324B, 0x324B, 0x324B, 0x324B,
        0x324B, 0x324B, 0x324B, 0x324B, 0x324B, 0x324B, 0x324B, 0x324B, 0x7411, 0x94F5, 0x6390, 0x29A8,
        0x2988, 0x2988, 0x2188, 0x2187, 0x2988, 0x2188, 0x2188, 0x2188, 0x2188, 0x2187, 0x2187, 0x2187,
        0x2188, 0x2188, 0x2188, 0x2188, 0x2188, 0x2187, 0x2187, 0x2188, 0x2188, 0x2188, 0x29A8, 0x2988,
        0x2988, 0x2188, 0x2188, 0x29A8, 0x2188, 0x2188, 0x2188, 0x2188, 0x2188, 0x2188, 0x2188, 0x2187,
        0x2188, 0x2187, 0x2188, 0x2167, 0x2187, 0x29A8, 0x2188, 0x2187, 0x2187, 0x2988, 0x29A8, 0x2988,
        0x2188, 0x2188, 0x2188, 0x2988, 0x2988, 0x2188, 0x2187, 0x2187, 0x2187, 0x2187, 0x2187, 0x2167,
        0x2187, 0x2187, 0x2187, 0x2187, 0x2188, 0x2188, 0x2187, 0x2188, 0x2187, 0x2187, 0x2187, 0x2187,
        0x2167, 0x2188, 0x2988, 0x2188, 0x2187, 0x2988, 0x2188, 0x29A8, 0x2988, 0x2988, 0x2988, 0x2187,
        0x2187, 0x2187, 0x2167, 0x2187, 0x2187, 0x2187, 0x2187, 0x2187, 0x2187, 0x2167, 0x2187, 0x2167,
        0x2187, 0x2167, 0x2167, 0x2167, 0x2187, 0x2187, 0x2187, 0x2187, 0x2188, 0x2187, 0x2187, 0x2187,
        0x2187, 0x2187, 0x2167, 0x2167, 0x2167, 0x2167, 0x2167, 0x2167, 0x2167, 0x2167, 0x2187, 0x2188,
        0x2188, 0x2187, 0x2167, 0x2167, 0x2167, 0x2167, 0x2167, 0x2167, 0x2167, 0x2167, 0x2167, 0x2187,
        0x2187, 0x2167, 0x2167, 0x2167, 0x2187, 0x2187, 0x2167, 0x2167, 0x2187, 0x2187, 0x2167, 0x2167,
        0x2187, 0x2187, 0x2167, 0x2167, 0x2188, 0x2187, 0x2167, 0x2167, 0x2188, 0x2988, 0x2188, 0x2187,
        0x2188, 0x2187, 0x2167, 0x2988, 0x2188, 0x2188, 0x29A8, 0x2188, 0x2187, 0x2188, 0x2188, 0x2187,
        0x2167, 0x2187, 0x2187, 0x2167, 0x2167, 0x2167, 0x2167, 0x2167, 0x2188, 0x2188, 0x2187, 0x2187,
        0x2187, 0x2187, 0x2188, 0x2188, 0x2988, 0x2988, 0x2188, 0x2187, 0x2187, 0x2187, 0x2188, 0x2188,
        0x2188, 0x2187, 0x2187, 0x2187, 0x2187, 0x2187, 0x2187, 0x2187, 0x2167, 0x2187, 0x2988, 0x29A8,
        0x2188, 0x2167, 0x2167, 0x2167, 0x2188, 0x2188, 0x2188, 0x2188, 0x2988, 0x2188, 0x2188, 0x2187,
        0x2167, 0x2188, 0x2188, 0x2988, 0x2188, 0x2188, 0x2188, 0x2187, 0x2187, 0x2188, 0x2188, 0x2188,
        0x2187, 0x2188, 0x2988, 0x2187, 0x2187, 0x2188, 0x2188, 0x2188, 0x2188, 0x2188, 0x2188, 0x2988,
        0x2188, 0x2187, 0x2188, 0x2188, 0x2188, 0x2988, 0x2188, 0x2167, 0x2187, 0x2187, 0x2187, 0x2187,
        0x2988, 0x2988, 0x2188, 0x2188, 0x2188, 0x2188, 0x29A8, 0x2187, 0x2188, 0x2988, 0x2988, 0x29A8,
        0x2188, 0x2188, 0x2188, 0x2188, 0x2188, 0x2188, 0x2188, 0x2988, 0x29A8, 0x2188, 0x2188, 0x2188,
        0x2167, 0x2988, 0x2188, 0x2187, 0x2188, 0x4AAC, 0x84B4, 0x8494, 0x324B, 0x324B, 0x324B, 0x324B,
        0x324B, 0x324B, 0x324B, 0x324B, 0x324B, 0x324B, 0x324B, 0x324B, 0x324B, 0x324B, 0x324B, 0x324B,
        0x6BF1, 0x94F5, 0x5B4F, 0x2188, 0x29A8, 0x2988, 0x2988, 0x29A8, 0x2988, 0x2188, 0x29A8, 0x2988,
        0x2988, 0x2988, 0x29A8, 0x29A8, 0x29A8, 0x29A8, 0x29A8, 0x29A8, 0x29A8, 0x29A8, 0x29C8, 0x29A8,
        0x29A8, 0x2988, 0x29A8, 0x29A8, 0x29A8, 0x29A8, 0x29A8, 0x29A8, 0x29A8, 0x29A8, 0x29A8, 0x29A8,
        0x29A8, 0x29A8, 0x29A8, 0x29A8, 0x29A8, 0x2188, 0x29A8, 0x29A8, 0x29A8, 0x29A8, 0x29A8, 0x29A8,
        0x29A8, 0x29A8, 0x29A8, 0x29A8, 0x2988, 0x29A8, 0x29A8, 0x29A8, 0x29A8, 0x29A8, 0x29A8, 0x29A8,
        0x29A8, 0x29A8, 0x29A8, 0x2988, 0x2988, 0x2988, 0x2988, 0x2188, 0x2988, 0x2988, 0x2988, 0x2988,
        0x2188, 0x2187, 0x2188, 0x2187, 0x2187, 0x2188, 0x2188, 0x29A8, 0x2988, 0x2188, 0x2988, 0x29A8,
        0x2988, 0x2988, 0x29A8, 0x2188, 0x2188, 0x29A8, 0x2988, 0x2188, 0x2187, 0x2187, 0x2187, 0x29A8,
        0x29A8, 0x2188, 0x2988, 0x29A8, 0x29A8, 0x2988, 0x2188, 0x2188, 0x2187, 0x2188, 0x2988, 0x2988,
        0x2988, 0x2988, 0x29A8, 0x2988, 0x2188, 0x2188, 0x2988, 0x2988, 0x2188, 0x2187, 0x2188, 0x2188,
        0x2988, 0x29A8, 0x2188, 0x2188, 0x2988, 0x2988, 0x2188, 0x2188, 0x2188, 0x2188, 0x2188, 0x2188,
        0x2188, 0x2188, 0x2188, 0x2188, 0x2188, 0x2188, 0x2188, 0x2188, 0x2188, 0x2188, 0x2188, 0x2187,
        0x2187, 0x2188, 0x2187, 0x2187, 0x2167, 0x2167, 0x2187, 0x2167, 0x2187, 0x2187, 0x2188, 0x2187,
        0x2988, 0x2988, 0x2188, 0x2187, 0x2187, 0x2187, 0x2187, 0x2188, 0x2188, 0x2187, 0x29A8, 0x2988,
        0x2188, 0x29A8, 0x2188, 0x2188, 0x2988, 0x2188, 0x2188, 0x2988, 0x2988, 0x2188, 0x29A8, 0x29A8,
        0x2988, 0x29A8, 0x2188, 0x2988, 0x2188, 0x2188, 0x2188, 0x2167, 0x2188, 0x29A8, 0x29A8, 0x2187,
        0x2187, 0x29A8, 0x2188, 0x2187, 0x2188, 0x2188, 0x2988, 0x2188, 0x2187, 0x2187, 0x2988, 0x29A8,
        0x2188, 0x2188, 0x29A8, 0x29A8, 0x2988, 0x2188, 0x2188, 0x2188, 0x2188, 0x2188, 0x2188, 0x2188,
        0x2988, 0x2988, 0x2988, 0x2188, 0x2188, 0x2188, 0x2188, 0x2188, 0x2188, 0x2188, 0x2187, 0x2188,
        0x2187, 0x2188, 0x2188, 0x2187, 0x2187, 0x2188, 0x2187, 0x2187, 0x2187, 0x2187, 0x2188, 0x2187,
        0x2187, 0x2187, 0x2188, 0x2988, 0x2188, 0x2187, 0x2187, 0x2187, 0x2188, 0x2988, 0x2188, 0x2188,
        0x2188, 0x2187, 0x2188, 0x2188, 0x2188, 0x2988, 0x2988, 0x2188, 0x2988, 0x2188, 0x2988, 0x2188,
        0x2188, 0x2988, 0x2188, 0x2988, 0x2988, 0x2188, 0x2188, 0x2988, 0x2188, 0x2188, 0x2187, 0x2187,
        0x2188, 0x2187, 0x2187, 0x2188, 0x2188, 0x2988, 0x2187, 0x2187, 0x2167, 0x426B, 0x84B4, 0x8CD4,
        0x324B, 0x324B, 0x324B, 0x324B, 0x324B, 0x324B, 0x324B, 0x324B, 0x324B, 0x324B, 0x324B, 0x324B,
        0x324B, 0x324B, 0x324B, 0x324B, 0x73F1, 0x8CD5, 0x6BF1, 0x532E, 0x5B4E, 0x5B4F, 0x5B4E, 0x5B2E,
        0x5B2E, 0x5B4F, 0x5B4E, 0x5B4E, 0x5B4F, 0x5B4F, 0x5B4F, 0x5B4F, 0x636F, 0x5B4F, 0x5B4F, 0x5B4F,
        0x5B4F, 0x5B4E, 0x5B4F, 0x5B4F, 0x5B4F, 0x5B4F, 0x5B6F, 0x5B6F, 0x636F, 0x636F, 0x5B6F, 0x636F,
        0x636F, 0x5B6F, 0x5B6F, 0x5B4F, 0x636F, 0x636F, 0x5B6F, 0x5B4F, 0x636F, 0x5B4F, 0x636F, 0x636F,
        0x5B4F, 0x5B4F, 0x5B4F, 0x5B4F, 0x5B4F, 0x5B4F, 0x5B6F, 0x636F, 0x5B4F, 0x5B4F, 0x636F, 0x5B6F,
        0x5B4F, 0x5B4F, 0x5B4F, 0x5B4F, 0x5B4F, 0x5B4F, 0x5B4F, 0x5B4F, 0x5B4F, 0x5B4F, 0x5B4F, 0x5B4F,
        0x5B4F, 0x5B4E, 0x5B2E, 0x5B4E, 0x5B2E, 0x5B2E, 0x5B2E, 0x5B2E, 0x5B2E, 0x5B2E, 0x5B2E, 0x5B2E,
        0x5B2E, 0x5B2E, 0x5B2E, 0x532E, 0x532E, 0x5B2E, 0x5B2E, 0x5B2E, 0x5B2E, 0x5B4E, 0x5B2E, 0x5B2E,
        0x530D, 0x5B2E, 0x5B4E, 0x636F, 0x5B4F, 0x5B4E, 0x5B2E, 0x5B4E, 0x5B4E, 0x5B2E, 0x5B4E, 0x5B4E,
        0x5B2E, 0x5B2E, 0x5B2E, 0x5B2E, 0x5B2E, 0x5B2E, 0x5B2E, 0x5B2E, 0x5B2E, 0x5B4E, 0x5B2E, 0x5B4E,
        0x5B4E, 0x5B2E, 0x5B4E, 0x5B2E, 0x5B2E, 0x5B4E, 0x5B4E, 0x5B2E, 0x5B2E, 0x5B4E, 0x5B4E, 0x5B4E,
        0x5B2E, 0x5B2E, 0x5B2E, 0x5B2E, 0x5B2E, 0x5B2E, 0x5B2E, 0x5B2E, 0x5B2E, 0x5B2E, 0x5B2E, 0x5B2E,
        0x530E, 0x5B2E, 0x5B2E, 0x5B2E, 0x5B2E, 0x5B2E, 0x532E, 0x532E, 0x5B2E, 0x5B2E, 0x530D, 0x530D,
        0x530E, 0x530D, 0x530E, 0x530E, 0x530E, 0x530E, 0x530E, 0x530E, 0x530D, 0x530D, 0x530D, 0x530D,
        0x530D, 0x530D, 0x530E, 0x530E, 0x530E, 0x530E, 0x530E, 0x530E, 0x530D, 0x530D, 0x5B2E, 0x532E,
        0x530E, 0x5B2E, 0x5B2E, 0x5B2E, 0x5B2E, 0x5B2E, 0x5B2E, 0x5B2E, 0x5B2E, 0x532E, 0x5B2E, 0x5B2E,
        0x530E, 0x5B2E, 0x5B4E, 0x5B2E, 0x5B4E, 0x5B4E, 0x5B4E, 0x5B4E, 0x5B4E, 0x5B4E, 0x5B4E, 0x5B2E,
        0x5B2E, 0x5B2E, 0x5B2E, 0x5B2E, 0x5B2E, 0x532E, 0x5B2E, 0x5B2E, 0x532E, 0x5B2E, 0x5B2E, 0x5B2E,
        0x5B2E, 0x5B2E, 0x530E, 0x530E, 0x530E, 0x530E, 0x530D, 0x530E, 0x530D, 0x530D, 0x530D, 0x530D,
        0x530D, 0x52ED, 0x52ED, 0x530E, 0x530E, 0x530D, 0x530D, 0x530D, 0x530D, 0x530E, 0x530D, 0x530D,
        0x530D, 0x530E, 0x530E, 0x530D, 0x530E, 0x530E, 0x530E, 0x5B2E, 0x532E, 0x530E, 0x530E, 0x5B2E,
        0x532E, 0x530D, 0x530E, 0x5B2E, 0x5B2E, 0x530E, 0x532E, 0x5B2E, 0x530E, 0x530E, 0x530E, 0x530E,
        0x530E, 0x530E, 0x530E, 0x530E, 0x530E, 0x530E, 0x530E, 0x530E, 0x530E, 0x530E, 0x530E, 0x530E,
        0x530D, 0x530D, 0x530D, 0x530D, 0x530E, 0x530D, 0x530D, 0x530E, 0x530D, 0x52ED, 0x52ED, 0x530D,
        0x52ED, 0x636F, 0x8494, 0x84B4, 0x324B, 0x324B, 0x324B, 0x324B, 0x324B, 0x324B, 0x324B, 0x324B,
        0x324B, 0x324B, 0x324B, 0x324B, 0x324B, 0x324B, 0x324B, 0x324B, 0x7C73, 0x94F5, 0x94F5, 0x94F5,
        0x94F5, 0x94F5, 0x94F5, 0x94F5, 0x94F5, 0x94F5, 0x94F5, 0x94F5, 0x94F5, 0x94F5, 0x94F5, 0x94F5,
        0x94F5, 0x94F5, 0x94F5, 0x94F5, 0x94F5, 0x94F5, 0x94F5, 0x94F5, 0x94F5, 0x94F5, 0x94F5, 0x94F5,
        0x94F5, 0x94F5, 0x94F5, 0x94F5, 0x94F5, 0x94F5, 0x94F5, 0x94F5, 0x94F5, 0x94F5, 0x94F5, 0x94F5,
        0x94F5, 0x94F5, 0x94F5, 0x94F5, 0x94F5, 0x94F5, 0x94F5, 0x94F5, 0x94F5, 0x94F5, 0x94F5, 0x94F5,
        0x94F5, 0x94F5, 0x94F5, 0x94F5, 0x94F5, 0x94F5, 0x94F5, 0x94F5, 0x94F5, 0x94F5, 0x94F5, 0x94F5,
        0x94F5, 0x94F5, 0x94F5, 0x94F5, 0x94F5, 0x94F5, 0x94F5, 0x94F5, 0x94F5, 0x94F5, 0x94F5, 0x94F5,
        0x94F5, 0x94F5, 0x94F5, 0x94F5, 0x94F5, 0x94F5, 0x94F5, 0x94F5, 0x94F5, 0x94F5, 0x94F5, 0x94F5,
        0x94F5, 0x94F5, 0x94F5, 0x94F5, 0x94F5, 0x94F5, 0x94F5, 0x94F5, 0x94F5, 0x94F5, 0x94F5, 0x94F5,
        0x94F5, 0x94F5, 0x94F5, 0x94F5, 0x94F5, 0x94F5, 0x94F5, 0x94F5, 0x94F5, 0x94F5, 0x94F5, 0x94F5,
        0x94F5, 0x94F5, 0x94F5, 0x94F5, 0x94F5, 0x94F5, 0x94F5, 0x94F5, 0x94F5, 0x94F5, 0x94F5, 0x8CF5,
        0x94F5, 0x94F5, 0x94F5, 0x94F5, 0x94F5, 0x94F5, 0x94F5, 0x94F5, 0x94F5, 0x94F5, 0x8CF5, 0x94F5,
        0x94F5, 0x94F5, 0x94F5, 0x94F5, 0x94F5, 0x94F5, 0x94F5, 0x94F5, 0x94F5, 0x94F5, 0x94F5, 0x94F5,
        0x94F5, 0x94F5, 0x94F5, 0x94F5, 0x94F5, 0x94F5, 0x94F5, 0x94F5, 0x94F5, 0x94F5, 0x94F5, 0x94F5,
        0x94F5, 0x94F5, 0x94F5, 0x94F5, 0x94F5, 0x94F5, 0x94F5, 0x94F5, 0x94F5, 0x94F5, 0x94F5, 0x94F5,
        0x94F5, 0x94F5, 0x94F5, 0x94F5, 0x94F5, 0x94F5, 0x94F5, 0x94F5, 0x94F5, 0x94F5, 0x94F5, 0x94F5,
        0x8CF5, 0x94F5, 0x94F5, 0x94F5, 0x94F5, 0x94F5, 0x94F5, 0x94F5, 0x8CD5, 0x8CD5, 0x8CD5, 0x8CF5,
        0x8CF5, 0x8CF5, 0x8CF5, 0x8CF5, 0x8CF5, 0x8CF5, 0x8CF5, 0x8CF5, 0x8CF5, 0x8CF5, 0x8CF5, 0x8CF5,
        0x8CF5, 0x8CF5, 0x8CF5, 0x8CF5, 0x8CF5, 0x8CF5, 0x8CF5, 0x8CF5, 0x8CF5, 0x8CF5, 0x8CF5, 0x8CF5,
        0x8CF5, 0x8CF5, 0x8CF5, 0x8CF5, 0x8CF5, 0x8CF5, 0x8CF5, 0x8CF5, 0x8CF5, 0x8CF5, 0x8CF5, 0x8CF5,
        0x8CF5, 0x8CF5, 0x8CF5, 0x8CF5, 0x8CF5, 0x8CF5, 0x8CF5, 0x8CF5, 0x8CF5, 0x8CF5, 0x8CF5, 0x8CF5,
        0x8CF5, 0x8CF5, 0x8CF5, 0x8CF5, 0x8CF5, 0x8CF5, 0x8CF5, 0x8CF5, 0x8CF5, 0x8CF5, 0x8CF5, 0x8CF5,
        0x8CF5, 0x8CF5, 0x8CF5, 0x8CF5, 0x8CF5, 0x8CF5, 0x8CD5, 0x8CF5, 0x8CF5, 0x8CF5, 0x8CF5, 0x8CF5,
        0x8CF5, 0x8CF5, 0x8CF5, 0x8CF5, 0x8CF5, 0x8CF5, 0x8CF5, 0x8CF5, 0x8CF5, 0x8CF5, 0x8CF5, 0x8CF5,
        0x8CF5, 0x8CF5, 0x8CF5, 0x8CF5, 0x8CF5, 0x8CF5, 0x8CF5, 0x8CD5, 0x324B, 0x324B, 0x324B, 0x324B,
        0x324B, 0x324B, 0x324B, 0x324B, 0x324B, 0x324B, 0x324B, 0x324B, 0x324B, 0x324B, 0x324B, 0x324B,
        0x4AED, 0x532F, 0x532F, 0x532F, 0x532E, 0x532E, 0x532E, 0x532E, 0x532E, 0x530E, 0x532E, 0x530E,
        0x530E, 0x530E, 0x530E, 0x530E, 0x530E, 0x530E, 0x530E, 0x530E, 0x530E, 0x530E, 0x530E, 0x530E,
        0x530E, 0x530E, 0x530E, 0x530E, 0x530E, 0x530E, 0x530E, 0x530E, 0x530E, 0x530E, 0x530E, 0x530E,
        0x530E, 0x530E, 0x530E, 0x530E, 0x530E, 0x532E, 0x530E, 0x532E, 0x532E, 0x532E, 0x532E, 0x532E,
        0x532E, 0x532E, 0x532F, 0x532E, 0x532F, 0x532F, 0x532F, 0x532F, 0x532F, 0x532F, 0x532F, 0x532F,
        0x532F, 0x532E, 0x532F, 0x532F, 0x532F, 0x532F, 0x532F, 0x532F, 0x532F, 0x532F, 0x532E, 0x532F,
        0x532F, 0x532F, 0x532E, 0x532E, 0x532F, 0x532E, 0x532E, 0x532E, 0x532E, 0x532E, 0x532E, 0x530E,
        0x530E, 0x530E, 0x532E, 0x530E, 0x530E, 0x530E, 0x530E, 0x532E, 0x530E, 0x8493, 0x8CD5, 0x84B4,
        0x7C52, 0x7C32, 0x7C32, 0x7412, 0x7C32, 0x7C52, 0x7412, 0x7432, 0x7432, 0x7412, 0x7C32, 0x7432,
        0x7412, 0x7432, 0x7432, 0x7412, 0x7432, 0x7C52, 0x7412, 0x7432, 0x7C53, 0x7C32, 0x7432, 0x7C53,
        0x7C52, 0x7411, 0x7C52, 0x7C53, 0x7432, 0x7432, 0x7C52, 0x7432, 0x7412, 0x7432, 0x7432, 0x7411,
        0x7412, 0x7432, 0x7412, 0x7432, 0x6BF1, 0x7412, 0x7C32, 0x7412, 0x7412, 0x7C52, 0x7432, 0x73F1,
        0x7432, 0x7432, 0x7411, 0x7432, 0x7C32, 0x7412, 0x7412, 0x7C32, 0x7432, 0x7411, 0x7432, 0x7C52,
        0x7412, 0x7432, 0x7C52, 0x7432, 0x7412, 0x7C32, 0x7C32, 0x7432, 0x7C32, 0x7C32, 0x7C52, 0x7C52,
        0x7C32, 0x7C52, 0x7C52, 0x7C32, 0x7C52, 0x7C73, 0x7C52, 0x7C32, 0x7C52, 0x7C52, 0x7C52, 0x7C52,
        0x7C53, 0x7C32, 0x7412, 0x7C52, 0x7C52, 0x7432, 0x7C73, 0x7C73, 0x7C52, 0x7C53, 0x7C53, 0x7C53,
        0x8CD4, 0x8CD5, 0x8CD5, 0x84B4, 0x7432, 0x7432, 0x8493, 0x7432, 0x7432, 0x7C73, 0x7C52, 0x7C32,
        0x7C73, 0x7C52, 0x7C52, 0x7C73, 0x7C53, 0x7C53, 0x7C52, 0x7C52, 0x7C52, 0x7C73, 0x7C52, 0x7C52,
        0x7C73, 0x7C52, 0x7C32, 0x7C73, 0x7C52, 0x7C52, 0x7C73, 0x7C52, 0x7C52, 0x7C73, 0x7C73, 0x7C52,
        0x7C53, 0x7C53, 0x7C52, 0x7C53, 0x7C52, 0x7C32, 0x7C73, 0x7C73, 0x7432, 0x7C73, 0x7C73, 0x7C32,
        0x7C73, 0x7C53, 0x7412, 0x7C73, 0x7C73, 0x7432, 0x7C73, 0x7C73, 0x7432, 0x7C52, 0x8473, 0x7C52,
        0x7C53, 0x7C73, 0x7C52, 0x7C53, 0x8493, 0x7C52, 0x7C52, 0x84B4, 0x7C52, 0x7C53, 0x84B4, 0x7C53,
        0x7C52, 0x8493, 0x7C73, 0x7C73, 0x8473, 0x7C73, 0x7C73, 0x8473, 0x7C52, 0x7C52, 0x8473, 0x7C53,
        0x7C73, 0x7C73, 0x7C32, 0x7C53, 0x7C73, 0x7C52, 0x7C52, 0x7C73, 0x7C52, 0x7C52, 0x7C73, 0x7C73,
        0x324B, 0x324B, 0x324B, 0x324B, 0x324B, 0x324B, 0x324B, 0x324B, 0x324B, 0x324B, 0x324B, 0x324B,
        0x324B, 0x324B, 0x324B, 0x324B, 0x324B, 0x324B, 0x324B, 0x324B, 0x324B, 0x324B, 0x324B, 0x324B,
        0x324B, 0x324B, 0x324B, 0x324B, 0x324B, 0x324B, 0x324B, 0x324B, 0x324B, 0x324B, 0x324B, 0x324B,
        0x324B, 0x324B, 0x324B, 0x324B, 0x324B, 0x324B, 0x324B, 0x324B, 0x324B, 0x324B, 0x324B, 0x324B,
        0x324B, 0x324B, 0x324B, 0x324B, 0x324B, 0x324B, 0x324B, 0x324B, 0x324B, 0x324B, 0x324B, 0x324B,
        0x324B, 0x324B, 0x324B, 0x324B, 0x324B, 0x324B, 0x324B, 0x324B, 0x324B, 0x324B, 0x324B, 0x324B,
        0x324B, 0x324B, 0x324B, 0x324B, 0x324B, 0x324B, 0x324B, 0x324B, 0x324B, 0x324B, 0x324B, 0x324B,
        0x324B, 0x324B, 0x324B, 0x324B, 0x324B, 0x324B, 0x324B, 0x324B, 0x324B, 0x324B, 0x324B, 0x324B,
        0x324B, 0x324B, 0x324B, 0x324B, 0x324B, 0x324B, 0x324B, 0x324B, 0x324B, 0x324B, 0x324B, 0x324B,
        0x324B, 0x8CD5, 0x94F5, 0x6BF1, 0x3A4B, 0x3209, 0x3A2A, 0x31E9, 0x3209, 0x3209, 0x31E9, 0x3209,
        0x31E9, 0x31E9, 0x3209, 0x3209, 0x31E9, 0x320A, 0x320A, 0x3209, 0x320A, 0x3A2A, 0x3209, 0x3209,
        0x320A, 0x3209, 0x320A, 0x3A2A, 0x3A2A, 0x3209, 0x3A2A, 0x3A2A, 0x320A, 0x320A, 0x3A2A, 0x3A2A,
        0x320A, 0x3A2A, 0x3A2A, 0x3209, 0x3A2A, 0x3A2A, 0x3A2A, 0x3A2A, 0x31E9, 0x3209, 0x3A2A, 0x320A,
        0x320A, 0x3A2A, 0x3209, 0x31E9, 0x3209, 0x320A, 0x31E9, 0x3209, 0x3A2A, 0x31E9, 0x31E9, 0x3A2A,
        0x3209, 0x31E9, 0x3209, 0x3A2A, 0x31E9, 0x31E9, 0x3A0A, 0x3209, 0x31E9, 0x320A, 0x320A, 0x31E9,
        0x3209, 0x31E9, 0x3A2A, 0x3A2A, 0x3209, 0x3209, 0x3A2A, 0x3209, 0x3209, 0x3A2A, 0x3209, 0x3209,
        0x3209, 0x320A, 0x3209, 0x3209, 0x3A2A, 0x320A, 0x320A, 0x3A2A, 0x3A2A, 0x320A, 0x3A2A, 0x3A2A,
        0x3A2A, 0x3A2A, 0x3A2A, 0x3209, 0x6390, 0x8CF5, 0x8CD4, 0x7412, 0x3A4B, 0x3A6B, 0x3A6C, 0x3A4B,
        0x3A4B, 0x3A6C, 0x3A6B, 0x3A6B, 0x3A6C, 0x3A6B, 0x3A6B, 0x3A6C, 0x3A6C, 0x3A6C, 0x3A6C, 0x3A6C,
        0x3A6C, 0x3A6C, 0x3A6B, 0x3A6C, 0x3A6C, 0x3A6B, 0x3A6B, 0x3A6C, 0x3A6C, 0x3A6C, 0x3A6C, 0x3A6C,
        0x3A6C, 0x3A6C, 0x3A6C, 0x3A6C, 0x3A6C, 0x3A6C, 0x3A6C, 0x3A6C, 0x3A6C, 0x3A6C, 0x3A8C, 0x3A6C,
        0x3A6C, 0x3A8C, 0x3A8C, 0x3A6C, 0x3A8C, 0x3A8C, 0x3A6C, 0x3A8C, 0x3A8C, 0x3A6C, 0x3A8C, 0x3A8C,
        0x3A6C, 0x3A6C, 0x3A8C, 0x3A6C, 0x3A6C, 0x3A8C, 0x3A6C, 0x3A6C, 0x3A8C, 0x3A6C, 0x3A6C, 0x3A8C,
        0x3A6C, 0x3A6C, 0x3A8C, 0x3A6C, 0x3A6C, 0x3A8C, 0x3A6C, 0x3A6C, 0x3A6C, 0x3A6C, 0x3A6C, 0x3A6C,
        0x3A6C, 0x3A6B, 0x3A6C, 0x3A6C, 0x3A6C, 0x3A6C, 0x3A4B, 0x3A6C, 0x3A6C, 0x3A6B, 0x3A6B, 0x3A6C,
        0x3A6B, 0x3A6C, 0x3A6C, 0x3A6C, 0x324B, 0x324B, 0x324B, 0x324B, 0x324B, 0x324B, 0x324B, 0x324B,
        0x324B, 0x324B, 0x324B, 0x324B, 0x324B, 0x324B, 0x324B, 0x324B, 0x324B, 0x324B, 0x324B, 0x324B,
        0x324B, 0x324B, 0x324B, 0x324B, 0x324B, 0x324B, 0x324B, 0x324B, 0x324B, 0x324B, 0x324B, 0x324B,
        0x324B, 0x324B, 0x324B, 0x324B, 0x324B, 0x324B, 0x324B, 0x324B, 0x324B, 0x324B, 0x324B, 0x324B,
        0x324B, 0x324B, 0x324B, 0x324B, 0x324B, 0x324B, 0x324B, 0x324B, 0x324B, 0x324B, 0x324B, 0x324B,
        0x324B, 0x324B, 0x324B, 0x324B, 0x324B, 0x324B, 0x324B, 0x324B, 0x324B, 0x324B, 0x324B, 0x324B,
        0x324B, 0x324B, 0x324B, 0x324B, 0x324B, 0x324B, 0x324B, 0x324B, 0x324B, 0x324B, 0x324B, 0x324B,
        0x324B, 0x324B, 0x324B, 0x324B, 0x324B, 0x324B, 0x324B, 0x324B, 0x324B, 0x324B, 0x324B, 0x324B,
        0x324B, 0x324B, 0x324B, 0x324B, 0x324B, 0x324B, 0x324B, 0x324B, 0x324B, 0x324B, 0x324B, 0x324B,
        0x324B, 0x3A4B, 0x324B, 0x3A8C, 0x8493, 0x94F5, 0x7412, 0x3A4A, 0x2988, 0x2988, 0x2188, 0x2187,
        0x2188, 0x2187, 0x2187, 0x2188, 0x2187, 0x2187, 0x2188, 0x2188, 0x2187, 0x2167, 0x2167, 0x2167,
        0x2167, 0x2187, 0x2187, 0x2167, 0x2187, 0x2188, 0x2187, 0x2167, 0x2187, 0x2188, 0x2187, 0x2187,
        0x2988, 0x2988, 0x2187, 0x2187, 0x2188, 0x2188, 0x2187, 0x2187, 0x2188, 0x2188, 0x2988, 0x2188,
        0x2187, 0x2187, 0x2187, 0x2167, 0x2167, 0x2187, 0x2188, 0x2188, 0x2187, 0x2187, 0x2167, 0x2187,
        0x2188, 0x2187, 0x2167, 0x2187, 0x2188, 0x2187, 0x2187, 0x2187, 0x2187, 0x2187, 0x2988, 0x2188,
        0x2187, 0x2187, 0x2188, 0x2187, 0x2188, 0x2167, 0x2188, 0x2187, 0x2167, 0x2187, 0x29A8, 0x2187,
        0x2167, 0x2188, 0x2187, 0x2187, 0x2188, 0x2188, 0x2187, 0x2188, 0x2187, 0x2187, 0x2188, 0x2188,
        0x2187, 0x29A8, 0x29A8, 0x2187, 0x2188, 0x2988, 0x29A8, 0x2167, 0x29C9, 0x6BB0, 0x8CF5, 0x8CD4,
        0x63B0, 0x324B, 0x324B, 0x324B, 0x324B, 0x324B, 0x324B, 0x324B, 0x324B, 0x324B, 0x324B, 0x324B,
        0x324B, 0x324B, 0x324B, 0x324B, 0x324B, 0x324B, 0x324B, 0x324B, 0x324B, 0x324B, 0x324B, 0x324B,
        0x324B, 0x324B, 0x324B, 0x324B, 0x324B, 0x324B, 0x324B, 0x324B, 0x324B, 0x324B, 0x324B, 0x324B,
        0x324B, 0x324B, 0x324B, 0x324B, 0x324B, 0x324B, 0x324B, 0x324B, 0x324B, 0x324B, 0x324B, 0x324B,
        0x324B, 0x324B, 0x324B, 0x324B, 0x324B, 0x324B, 0x324B, 0x324B, 0x324B, 0x324B, 0x324B, 0x324B,
        0x324B, 0x324B, 0x324B, 0x324B, 0x324B, 0x324B, 0x324B, 0x324B, 0x324B, 0x324B, 0x324B, 0x324B,
        0x324B, 0x324B, 0x324B, 0x324B, 0x324B, 0x324B, 0x324B, 0x324B, 0x324B, 0x324B, 0x324B, 0x324B,
        0x324B, 0x324B, 0x324B, 0x324B, 0x324B, 0x324B, 0x324B, 0x324B, 0x324B, 0x324B, 0x324B, 0x324B,
        0x324B, 0x324B, 0x324B, 0x324B, 0x324B, 0x324B, 0x324B, 0x324B, 0x324B, 0x324B, 0x324B, 0x324B,
        0x324B, 0x324B, 0x324B, 0x324B, 0x324B, 0x324B, 0x324B, 0x324B, 0x324B, 0x324B, 0x324B, 0x324B,
        0x324B, 0x324B, 0x324B, 0x324B, 0x324B, 0x324B, 0x324B, 0x324B, 0x324B, 0x324B, 0x324B, 0x324B,
        0x324B, 0x324B, 0x324B, 0x324B, 0x324B, 0x324B, 0x324B, 0x324B, 0x324B, 0x324B, 0x324B, 0x324B,
        0x324B, 0x324B, 0x324B, 0x324B, 0x324B, 0x324B, 0x324B, 0x324B, 0x324B, 0x324B, 0x324B, 0x324B,
        0x324B, 0x324B, 0x324B, 0x324B, 0x324B, 0x324B, 0x324B, 0x324B, 0x324B, 0x324B, 0x324B, 0x324B,
        0x324B, 0x324B, 0x324B, 0x324B, 0x324B, 0x324B, 0x324B, 0x324B, 0x324B, 0x324B, 0x324B, 0x324B,
        0x324B, 0x324B, 0x324B, 0x324B, 0x324B, 0x324B, 0x324B, 0x324B, 0x324B, 0x324B, 0x324B, 0x324B,
        0x324B, 0x324B, 0x324B, 0x324B, 0x324B, 0x324B, 0x3A8C, 0x7C73, 0x94F5, 0x7432, 0x426B, 0x2188,
        0x29A8, 0x2188, 0x2187, 0x29A8, 0x2187, 0x2187, 0x2187, 0x2167, 0x2187, 0x2187, 0x2187, 0x2187,
        0x2187, 0x2187, 0x2187, 0x2167, 0x2167, 0x2167, 0x2187, 0x2167, 0x2187, 0x2187, 0x2167, 0x2187,
        0x2187, 0x2167, 0x2167, 0x2187, 0x2188, 0x2188, 0x2188, 0x2187, 0x2187, 0x2187, 0x2167, 0x2167,
        0x2187, 0x2167, 0x2188, 0x2187, 0x2187, 0x2188, 0x2188, 0x2167, 0x2187, 0x2988, 0x2188, 0x2988,
        0x2187, 0x2187, 0x2188, 0x2188, 0x2187, 0x2187, 0x2187, 0x2187, 0x2188, 0x2187, 0x2187, 0x2187,
        0x2188, 0x2187, 0x2188, 0x2188, 0x2188, 0x2187, 0x2188, 0x2187, 0x2188, 0x2188, 0x2188, 0x2188,
        0x2187, 0x2188, 0x29A8, 0x2188, 0x2187, 0x2188, 0x2187, 0x2187, 0x2188, 0x2187, 0x2187, 0x2187,
        0x2167, 0x2187, 0x2167, 0x2187, 0x2188, 0x2188, 0x2188, 0x2187, 0x2187, 0x2188, 0x2188, 0x29A8,
        0x2188, 0x31C9, 0x636F, 0x8CD4, 0x94F5, 0x6BD1, 0x324B, 0x3A4B, 0x324B, 0x324B, 0x324B, 0x324B,
        0x324B, 0x324B, 0x324B, 0x324B, 0x324B, 0x324B, 0x324B, 0x324B, 0x324B, 0x324B, 0x324B, 0x324B,
        0x324B, 0x324B, 0x324B, 0x324B, 0x324B, 0x324B, 0x324B, 0x324B, 0x324B, 0x324B, 0x324B, 0x324B,
        0x324B, 0x324B, 0x324B, 0x324B, 0x324B, 0x324B, 0x324B, 0x324B, 0x324B, 0x324B, 0x324B, 0x324B,
        0x324B, 0x324B, 0x324B, 0x324B, 0x324B, 0x324B, 0x324B, 0x324B, 0x324B, 0x324B, 0x324B, 0x324B,
        0x324B, 0x324B, 0x324B, 0x324B, 0x324B, 0x324B, 0x324B, 0x324B, 0x324B, 0x324B, 0x324B, 0x324B,
        0x324B, 0x324B, 0x324B, 0x324B, 0x324B, 0x324B, 0x324B, 0x324B, 0x324B, 0x324B, 0x324B, 0x324B,
        0x324B, 0x324B, 0x324B, 0x324B, 0x324B, 0x324B, 0x324B, 0x324B, 0x324B, 0x324B, 0x324B, 0x324B,
        0x324B, 0x324B, 0x324B, 0x324B, 0x324B, 0x324B, 0x324B, 0x324B, 0x324B, 0x324B, 0x324B, 0x324B,
        0x324B, 0x324B, 0x324B, 0x324B, 0x324B, 0x324B, 0x324B, 0x324B, 0x324B, 0x324B, 0x324B, 0x324B,
        0x324B, 0x324B, 0x324B, 0x324B, 0x324B, 0x324B, 0x324B, 0x324B, 0x324B, 0x324B, 0x324B, 0x324B,
        0x324B, 0x324B, 0x324B, 0x324B, 0x324B, 0x324B, 0x324B, 0x324B, 0x324B, 0x324B, 0x324B, 0x324B,
        0x324B, 0x324B, 0x324B, 0x324B, 0x324B, 0x324B, 0x324B, 0x324B, 0x324B, 0x324B, 0x324B, 0x324B,
        0x324B, 0x324B, 0x324B, 0x324B, 0x324B, 0x324B, 0x324B, 0x324B, 0x324B, 0x324B, 0x324B, 0x324B,
        0x324B, 0x324B, 0x324B, 0x324B, 0x324B, 0x324B, 0x324B, 0x324B, 0x324B, 0x324B, 0x324B, 0x324B,
        0x324B, 0x324B, 0x324B, 0x324B, 0x324B, 0x324B, 0x324B, 0x324B, 0x324B, 0x324B, 0x324B, 0x324B,
        0x324B, 0x324B, 0x324B, 0x324B, 0x324B, 0x324B, 0x324B, 0x324B, 0x324B, 0x3A6C, 0x7C73, 0x94F5,
        0x7C73, 0x4AAC, 0x2187, 0x2187, 0x2188, 0x2167, 0x2188, 0x2187, 0x2187, 0x2167, 0x2167, 0x2187,
        0x2187, 0x2187, 0x2187, 0x2167, 0x2187, 0x2187, 0x2187, 0x2167, 0x2167, 0x2167, 0x2167, 0x2167,
        0x2167, 0x2167, 0x2167, 0x2167, 0x2167, 0x2167, 0x2167, 0x2167, 0x2187, 0x2187, 0x2188, 0x2187,
        0x2187, 0x2187, 0x2167, 0x2167, 0x2167, 0x2187, 0x2187, 0x2187, 0x2188, 0x2187, 0x2187, 0x2167,
        0x2187, 0x2187, 0x2167, 0x2187, 0x2187, 0x2187, 0x2167, 0x2187, 0x2187, 0x2167, 0x2167, 0x2167,
        0x2167, 0x2167, 0x2167, 0x2167, 0x2167, 0x2167, 0x2167, 0x2167, 0x2167, 0x2187, 0x2187, 0x2187,
        0x2187, 0x2187, 0x2187, 0x2167, 0x2167, 0x2187, 0x2187, 0x2187, 0x2167, 0x2167, 0x2187, 0x2187,
        0x2167, 0x2167, 0x2167, 0x2167, 0x2187, 0x2167, 0x2167, 0x2167, 0x2167, 0x2167, 0x2167, 0x2187,
        0x2187, 0x2187, 0x2167, 0x2188, 0x2188, 0x2187, 0x31E9, 0x530D, 0x7C73, 0x94F5, 0x6390, 0x324B,
        0x324B, 0x324B, 0x324B, 0x324B, 0x324B, 0x324B, 0x324B, 0x324B, 0x324B, 0x324B, 0x324B, 0x324B,
        0x324B, 0x324B, 0x324B, 0x324B, 0x324B, 0x324B, 0x324B, 0x324B, 0x324B, 0x324B, 0x324B, 0x324B,
        0x324B, 0x324B, 0x324B, 0x324B, 0x324B, 0x324B, 0x324B, 0x324B, 0x324B, 0x324B, 0x324B, 0x324B,
        0x324B, 0x324B, 0x324B, 0x324B, 0x324B, 0x324B, 0x324B, 0x324B, 0x324B, 0x324B, 0x324B, 0x324B,
        0x324B, 0x324B, 0x324B, 0x324B, 0x324B, 0x324B, 0x324B, 0x324B, 0x324B, 0x324B, 0x324B, 0x324B,
        0x324B, 0x324B, 0x324B, 0x324B, 0x324B, 0x324B, 0x324B, 0x324B, 0x324B, 0x324B, 0x324B, 0x324B,
        0x324B, 0x324B, 0x324B, 0x324B, 0x324B, 0x324B, 0x324B, 0x324B, 0x324B, 0x324B, 0x324B, 0x324B,
        0x324B, 0x324B, 0x324B, 0x324B, 0x324B, 0x324B, 0x324B, 0x324B, 0x324B, 0x324B, 0x324B, 0x324B,
        0x324B, 0x324B, 0x324B, 0x324B, 0x324B, 0x324B, 0x324B, 0x324B, 0x324B, 0x324B, 0x324B, 0x324B,
        0x324B, 0x324B, 0x324B, 0x324B, 0x324B, 0x324B, 0x324B, 0x324B, 0x324B, 0x324B, 0x324B, 0x324B,
        0x324B, 0x324B, 0x324B, 0x324B, 0x324B, 0x324B, 0x324B, 0x324B, 0x324B, 0x324B, 0x324B, 0x324B,
        0x324B, 0x324B, 0x324B, 0x324B, 0x324B, 0x324B, 0x324B, 0x324B, 0x324B, 0x324B, 0x324B, 0x324B,
        0x324B, 0x324B, 0x324B, 0x324B, 0x324B, 0x324B, 0x324B, 0x324B, 0x324B, 0x324B, 0x324B, 0x324B,
        0x324B, 0x324B, 0x324B, 0x324B, 0x324B, 0x324B, 0x324B, 0x324B, 0x324B, 0x324B, 0x324B, 0x324B,
        0x324B, 0x324B, 0x324B, 0x324B, 0x324B, 0x324B, 0x324B, 0x324B, 0x324B, 0x324B, 0x324B, 0x324B,
        0x324B, 0x324B, 0x324B, 0x324B, 0x324B, 0x324B, 0x324B, 0x324B, 0x324B, 0x324B, 0x324B, 0x324B,
        0x3A6C, 0x8493, 0x94F5, 0x8CD4, 0x52ED, 0x2187, 0x2188, 0x2187, 0x2187, 0x2187, 0x2167, 0x2187,
        0x2187, 0x2167, 0x2167, 0x2187, 0x2187, 0x2187, 0x2187, 0x2167, 0x2167, 0x2167, 0x2167, 0x2167,
        0x2167, 0x2167, 0x2167, 0x2167, 0x2167, 0x2187, 0x2167, 0x2167, 0x2167, 0x2167, 0x2187, 0x2167,
        0x2187, 0x2188, 0x2167, 0x2167, 0x2167, 0x2187, 0x2167, 0x2167, 0x2167, 0x2167, 0x2167, 0x2167,
        0x2188, 0x2187, 0x2167, 0x2187, 0x2167, 0x2187, 0x2187, 0x2187, 0x2187, 0x2187, 0x2187, 0x2188,
        0x2188, 0x2167, 0x2167, 0x2167, 0x2167, 0x2167, 0x2167, 0x2167, 0x2167, 0x2187, 0x2187, 0x2187,
        0x2187, 0x2187, 0x2187, 0x2187, 0x2167, 0x2187, 0x2187, 0x2167, 0x2167, 0x2167, 0x2167, 0x2167,
        0x2167, 0x2167, 0x2167, 0x2187, 0x2167, 0x2187, 0x2167, 0x2187, 0x2188, 0x2187, 0x2188, 0x2187,
        0x2167, 0x2188, 0x2187, 0x2167, 0x2167, 0x2167, 0x2167, 0x2167, 0x2188, 0x2988, 0x2988, 0x29A8,
        0x4ACD, 0x84B4, 0x94F5, 0x63B0, 0x324B, 0x324B, 0x324B, 0x324B, 0x324B, 0x324B, 0x324B, 0x324B,
        0x324B, 0x324B, 0x324B, 0x324B, 0x324B, 0x324B, 0x324B, 0x324B, 0x324B, 0x324B, 0x324B, 0x324B,
        0x324B, 0x324B, 0x324B, 0x324B, 0x324B, 0x324B, 0x324B, 0x324B, 0x324B, 0x324B, 0x324B, 0x324B,
        0x324B, 0x324B, 0x324B, 0x324B, 0x324B, 0x324B, 0x324B, 0x324B, 0x324B, 0x324B, 0x324B, 0x324B,
        0x324B, 0x324B, 0x324B, 0x324B, 0x324B, 0x324B, 0x324B, 0x324B, 0x324B, 0x324B, 0x324B, 0x324B,
        0x324B, 0x324B, 0x324B, 0x324B, 0x324B, 0x324B, 0x324B, 0x324B, 0x324B, 0x324B, 0x324B, 0x324B,
        0x324B, 0x324B, 0x324B, 0x324B, 0x324B, 0x324B, 0x324B, 0x324B, 0x324B, 0x324B, 0x324B, 0x324B,
        0x324B, 0x324B, 0x324B, 0x324B, 0x324B, 0x324B, 0x324B, 0x324B, 0x324B, 0x324B, 0x324B, 0x324B,
        0x324B, 0x324B, 0x324B, 0x324B, 0x324B, 0x324B, 0x324B, 0x324B, 0x324B, 0x324B, 0x324B, 0x324B,
        0x324B, 0x324B, 0x324B, 0x324B, 0x324B, 0x324B, 0x324B, 0x324B, 0x324B, 0x324B, 0x324B, 0x324B,
        0x324B, 0x324B, 0x324B, 0x324B, 0x324B, 0x324B, 0x324B, 0x324B, 0x324B, 0x324B, 0x324B, 0x324B,
        0x324B, 0x324B, 0x324B, 0x324B, 0x324B, 0x324B, 0x324B, 0x324B, 0x324B, 0x324B, 0x324B, 0x324B,
        0x324B, 0x324B, 0x324B, 0x324B, 0x324B, 0x324B, 0x324B, 0x324B, 0x324B, 0x324B, 0x324B, 0x324B,
        0x324B, 0x324B, 0x324B, 0x324B, 0x324B, 0x324B, 0x324B, 0x324B, 0x324B, 0x324B, 0x324B, 0x324B,
        0x324B, 0x324B, 0x324B, 0x324B, 0x324B, 0x324B, 0x324B, 0x324B, 0x324B, 0x324B, 0x324B, 0x324B,
        0x324B, 0x324B, 0x324B, 0x324B, 0x324B, 0x324B, 0x324B, 0x324B, 0x324B, 0x324B, 0x324B, 0x324B,
        0x324B, 0x324B, 0x324B, 0x3A4B, 0x7C73, 0x94F5, 0x7C73, 0x4ACD, 0x2988, 0x2187, 0x2187, 0x2988,
        0x2188, 0x2187, 0x2188, 0x2167, 0x2167, 0x2187, 0x2187, 0x2167, 0x2187, 0x2187, 0x2187, 0x2187,
        0x2167, 0x2167, 0x2167, 0x2167, 0x2167, 0x2167, 0x2167, 0x2167, 0x2167, 0x2167, 0x2167, 0x2187,
        0x2167, 0x2167, 0x2167, 0x2167, 0x2167, 0x2167, 0x2167, 0x2167, 0x2167, 0x2187, 0x2167, 0x2167,
        0x2167, 0x2167, 0x2167, 0x2167, 0x2188, 0x2167, 0x2167, 0x2188, 0x2188, 0x2187, 0x2187, 0x2187,
        0x2167, 0x2187, 0x2167, 0x2167, 0x2167, 0x2167, 0x2167, 0x2167, 0x2167, 0x2167, 0x2167, 0x2167,
        0x2167, 0x2167, 0x2187, 0x2187, 0x2167, 0x2167, 0x2167, 0x2167, 0x2167, 0x2167, 0x2167, 0x2167,
        0x2167, 0x2167, 0x2167, 0x2187, 0x2167, 0x2167, 0x2167, 0x2187, 0x2167, 0x2167, 0x2167, 0x2187,
        0x2167, 0x2187, 0x2187, 0x2167, 0x2167, 0x2167, 0x2167, 0x2167, 0x2167, 0x2187, 0x2187, 0x2187,
        0x2187, 0x2167, 0x2988, 0x2988, 0x29A8, 0x530D, 0x8CD4, 0x94F5, 0x63B0, 0x324B, 0x324B, 0x324B,
        0x324B, 0x324B, 0x324B, 0x324B, 0x324B, 0x324B, 0x324B, 0x324B, 0x324B, 0x324B, 0x324B, 0x324B,
        0x324B, 0x324B, 0x324B, 0x324B, 0x324B, 0x324B, 0x324B, 0x324B, 0x324B, 0x324B, 0x324B, 0x324B,
        0x324B, 0x324B, 0x324B, 0x324B, 0x324B, 0x324B, 0x324B, 0x324B, 0x324B, 0x324B, 0x324B, 0x324B,
        0x324B, 0x324B, 0x324B, 0x324B, 0x324B, 0x324B, 0x324B, 0x324B, 0x324B, 0x324B, 0x324B, 0x324B,
        0x324B, 0x324B, 0x324B, 0x324B, 0x324B, 0x324B, 0x324B, 0x324B, 0x324B, 0x324B, 0x324B, 0x324B,
        0x324B, 0x324B, 0x324B, 0x324B, 0x324B, 0x324B, 0x324B, 0x324B, 0x324B, 0x324B, 0x324B, 0x324B,
        0x324B, 0x324B, 0x324B, 0x324B, 0x324B, 0x324B, 0x324B, 0x324B, 0x324B, 0x324B, 0x324B, 0x324B,
        0x324B, 0x324B, 0x324B, 0x324B, 0x324B, 0x324B, 0x324B, 0x324B, 0x324B, 0x324B, 0x324B, 0x324B,
        0x324B, 0x324B, 0x324B, 0x324B, 0x324B, 0x324B, 0x324B, 0x324B, 0x324B, 0x324B, 0x324B, 0x324B,
        0x324B, 0x324B, 0x324B, 0x324B, 0x324B, 0x324B, 0x324B, 0x324B, 0x324B, 0x324B, 0x324B, 0x324B,
        0x324B, 0x324B, 0x324B, 0x324B, 0x324B, 0x324B, 0x324B, 0x324B, 0x324B, 0x324B, 0x324B, 0x324B,
        0x324B, 0x324B, 0x324B, 0x324B, 0x324B, 0x324B, 0x324B, 0x324B, 0x324B, 0x324B, 0x324B, 0x324B,
        0x324B, 0x324B, 0x324B, 0x324B, 0x324B, 0x324B, 0x324B, 0x324B, 0x324B, 0x324B, 0x324B, 0x324B,
        0x324B, 0x324B, 0x324B, 0x324B, 0x324B, 0x324B, 0x324B, 0x324B, 0x324B, 0x324B, 0x324B, 0x324B,
        0x324B, 0x324B, 0x324B, 0x324B, 0x324B, 0x324B, 0x324B, 0x324B, 0x324B, 0x324B, 0x324B, 0x324B,
        0x324B, 0x324B, 0x324B, 0x324B, 0x324B, 0x324B, 0x3A6C, 0x7C53, 0x94F5, 0x8473, 0x4AAC, 0x2187,
        0x29A8, 0x2187, 0x2187, 0x2187, 0x2187, 0x2187, 0x2187, 0x2187, 0x2187, 0x2167, 0x2167, 0x2167,
        0x2187, 0x2187, 0x2187, 0x2187, 0x2167, 0x2167, 0x2167, 0x2167, 0x2167, 0x2167, 0x2167, 0x2167,
        0x2167, 0x2167, 0x2167, 0x2167, 0x2167, 0x2167, 0x2167, 0x2167, 0x2167, 0x2167, 0x2167, 0x2167,
        0x2167, 0x2187, 0x2187, 0x2167, 0x2167, 0x2167, 0x2167, 0x2167, 0x2167, 0x2988, 0x2187, 0x2188,
        0x2187, 0x2167, 0x2167, 0x2187, 0x2188, 0x2167, 0x2167, 0x2167, 0x2187, 0x2187, 0x2167, 0x2167,
        0x2167, 0x2187, 0x2187, 0x2167, 0x2167, 0x2167, 0x2167, 0x2167, 0x2167, 0x2167, 0x2167, 0x2167,
        0x2167, 0x2167, 0x2167, 0x2167, 0x2167, 0x2187, 0x2187, 0x2167, 0x2167, 0x2167, 0x2167, 0x2167,
        0x2167, 0x2167, 0x2167, 0x2167, 0x2167, 0x2167, 0x2167, 0x2167, 0x2167, 0x2167, 0x2167, 0x2167,
        0x2167, 0x2167, 0x2187, 0x2187, 0x2167, 0x2187, 0x2188, 0x2188, 0x2188, 0x29A8, 0x5B4E, 0x8CD4,
        0x94F5, 0x63B0, 0x324B, 0x324B, 0x324B, 0x324B, 0x324B, 0x324B, 0x324B, 0x324B, 0x324B, 0x324B,
        0x324B, 0x324B, 0x324B, 0x324B, 0x324B, 0x324B, 0x324B, 0x324B, 0x324B, 0x324B, 0x324B, 0x324B,
        0x324B, 0x324B, 0x324B, 0x324B, 0x324B, 0x324B, 0x324B, 0x324B, 0x324B, 0x324B, 0x324B, 0x324B,
        0x324B, 0x324B, 0x324B, 0x324B, 0x324B, 0x324B, 0x324B, 0x324B, 0x324B, 0x324B, 0x324B, 0x324B,
        0x324B, 0x324B, 0x324B, 0x324B, 0x324B, 0x324B, 0x324B, 0x324B, 0x324B, 0x324B, 0x324B, 0x324B,
        0x324B, 0x324B, 0x324B, 0x324B, 0x324B, 0x324B, 0x324B, 0x324B, 0x324B, 0x324B, 0x324B, 0x324B,
        0x324B, 0x324B, 0x324B, 0x324B, 0x324B, 0x324B, 0x324B, 0x324B, 0x324B, 0x324B, 0x324B, 0x324B,
        0x324B, 0x324B, 0x324B, 0x324B, 0x324B, 0x324B, 0x324B, 0x324B, 0x324B, 0x324B, 0x324B, 0x324B,
        0x324B, 0x324B, 0x324B, 0x324B, 0x324B, 0x324B, 0x324B, 0x324B, 0x324B, 0x324B, 0x324B, 0x324B,
        0x324B, 0x324B, 0x324B, 0x324B, 0x324B, 0x324B, 0x324B, 0x324B, 0x324B, 0x324B, 0x324B, 0x324B,
        0x324B, 0x324B, 0x324B, 0x324B, 0x324B, 0x324B, 0x324B, 0x324B, 0x324B, 0x324B, 0x324B, 0x324B,
        0x324B, 0x324B, 0x324B, 0x324B, 0x324B, 0x324B, 0x324B, 0x324B, 0x324B, 0x324B, 0x324B, 0x324B,
        0x324B, 0x324B, 0x324B, 0x324B, 0x324B, 0x324B, 0x324B, 0x324B, 0x324B, 0x324B, 0x324B, 0x324B,
        0x324B, 0x324B, 0x324B, 0x324B, 0x324B, 0x324B, 0x324B, 0x324B, 0x324B, 0x324B, 0x324B, 0x324B,
        0x324B, 0x324B, 0x324B, 0x324B, 0x324B, 0x324B, 0x324B, 0x324B, 0x324B, 0x324B, 0x324B, 0x324B,
        0x324B, 0x324B, 0x324B, 0x324B, 0x324B, 0x324B, 0x324B, 0x324B, 0x324B, 0x3A6C, 0x7C52, 0x8CF5,
        0x84B4, 0x52ED, 0x2188, 0x29A8, 0x2188, 0x2187, 0x2187, 0x2187, 0x2187, 0x2167, 0x2167, 0x2167,
        0x2167, 0x2167, 0x2167, 0x2167, 0x2187, 0x2187, 0x2187, 0x2167, 0x2167, 0x2167, 0x2167, 0x2167,
        0x2167, 0x2167, 0x2167, 0x2167, 0x2167, 0x2167, 0x2167, 0x2167, 0x2167, 0x2167, 0x2167, 0x2167,
        0x2167, 0x2167, 0x2167, 0x2167, 0x2167, 0x2187, 0x2187, 0x2167, 0x2167, 0x2167, 0x2167, 0x2167,
        0x2167, 0x29A8, 0x2187, 0x2167, 0x2167, 0x2188, 0x2167, 0x3A2A, 0x5B6F, 0x3A2A, 0x2167, 0x2187,
        0x2187, 0x2167, 0x2167, 0x2167, 0x2167, 0x2187, 0x2187, 0x2167, 0x2167, 0x2167, 0x2167, 0x2167,
        0x2167, 0x2167, 0x2167, 0x2167, 0x2167, 0x2167, 0x2167, 0x2167, 0x2167, 0x2187, 0x2187, 0x2187,
        0x2187, 0x2167, 0x2167, 0x2167, 0x2167, 0x2167, 0x2167, 0x2167, 0x2167, 0x2167, 0x2167, 0x2167,
        0x2167, 0x2167, 0x2167, 0x2167, 0x2167, 0x2167, 0x2167, 0x2187, 0x2187, 0x2187, 0x2187, 0x2188,
        0x2187, 0x2988, 0x29C8, 0x5B2E, 0x8CB4, 0x94F5, 0x636F, 0x324B, 0x324B, 0x324B, 0x324B, 0x324B,
        0x324B, 0x324B, 0x324B, 0x324B, 0x324B, 0x324B, 0x324B, 0x324B, 0x324B, 0x324B, 0x324B, 0x324B,
        0x324B, 0x324B, 0x324B, 0x324B, 0x324B, 0x324B, 0x324B, 0x324B, 0x324B, 0x324B, 0x324B, 0x324B,
        0x324B, 0x324B, 0x324B, 0x324B, 0x324B, 0x324B, 0x324B, 0x324B, 0x324B, 0x324B, 0x324B, 0x324B,
        0x324B, 0x324B, 0x324B, 0x324B, 0x324B, 0x324B, 0x324B, 0x324B, 0x324B, 0x324B, 0x324B, 0x324B,
        0x324B, 0x324B, 0x324B, 0x324B, 0x324B, 0x324B, 0x324B, 0x324B, 0x324B, 0x324B, 0x324B, 0x324B,
        0x324B, 0x324B, 0x324B, 0x324B, 0x324B, 0x324B, 0x324B, 0x324B, 0x324B, 0x324B, 0x324B, 0x324B,
        0x324B, 0x324B, 0x324B, 0x324B, 0x324B, 0x324B, 0x324B, 0x324B, 0x324B, 0x324B, 0x324B, 0x324B,
        0x324B, 0x324B, 0x324B, 0x324B, 0x324B, 0x324B, 0x324B, 0x324B, 0x324B, 0x324B, 0x324B, 0x324B,
        0x324B, 0x324B, 0x324B, 0x324B, 0x324B, 0x324B, 0x324B, 0x324B, 0x324B, 0x324B, 0x324B, 0x324B,
        0x324B, 0x324B, 0x324B, 0x324B, 0x324B, 0x324B, 0x324B, 0x324B, 0x324B, 0x324B, 0x324B, 0x324B,
        0x324B, 0x324B, 0x324B, 0x324B, 0x324B, 0x324B, 0x324B, 0x324B, 0x324B, 0x324B, 0x324B, 0x324B,
        0x324B, 0x324B, 0x324B, 0x324B, 0x324B, 0x324B, 0x324B, 0x324B, 0x324B, 0x324B, 0x324B, 0x324B,
        0x324B, 0x324B, 0x324B, 0x324B, 0x324B, 0x324B, 0x324B, 0x324B, 0x324B, 0x324B, 0x324B, 0x324B,
        0x324B, 0x324B, 0x324B, 0x324B, 0x324B, 0x324B, 0x324B, 0x324B, 0x324B, 0x324B, 0x324B, 0x324B,
        0x324B, 0x324B, 0x324B, 0x324B, 0x324B, 0x324B, 0x324B, 0x324B, 0x324B, 0x324B, 0x324B, 0x324B,
        0x3A6C, 0x7C53, 0x94F5, 0x84B4, 0x530E, 0x2187, 0x2188, 0x29A8, 0x2167, 0x2167, 0x2187, 0x2187,
        0x2187, 0x2187, 0x2187, 0x2187, 0x2187, 0x2167, 0x2167, 0x2167, 0x2187, 0x2187, 0x2187, 0x2167,
        0x2167, 0x2167, 0x2167, 0x2167, 0x2167, 0x2167, 0x2167, 0x2187, 0x2167, 0x2167, 0x2167, 0x2167,
        0x2167, 0x2167, 0x2167, 0x2167, 0x2167, 0x2167, 0x2167, 0x2167, 0x2167, 0x2167, 0x2187, 0x2187,
        0x2167, 0x2167, 0x2167, 0x2187, 0x2167, 0x2167, 0x2187, 0x2187, 0x2188, 0x2167, 0x29C8, 0x6BD1,
        0x94F5, 0x7412, 0x3209, 0x2167, 0x2167, 0x2167, 0x2167, 0x2187, 0x2167, 0x2167, 0x2167, 0x2187,
        0x2187, 0x2167, 0x2167, 0x2167, 0x2167, 0x2167, 0x2167, 0x2167, 0x2167, 0x2167, 0x2167, 0x2167,
        0x2167, 0x2167, 0x2167, 0x2167, 0x2187, 0x2167, 0x2167, 0x2167, 0x2167, 0x2167, 0x2167, 0x2167,
        0x2167, 0x2167, 0x2167, 0x2167, 0x2167, 0x2167, 0x2167, 0x2167, 0x2167, 0x2167, 0x2167, 0x2167,
        0x2167, 0x2187, 0x2187, 0x2167, 0x2988, 0x2188, 0x2167, 0x29C8, 0x5B2E, 0x8CD4, 0x94F5, 0x5B6F,
        0x324B, 0x324B, 0x324B, 0x324B, 0x324B, 0x324B, 0x324B, 0x324B, 0x324B, 0x324B, 0x324B, 0x324B,
        0x324B, 0x324B, 0x324B, 0x324B, 0x324B, 0x324B, 0x324B, 0x324B, 0x324B, 0x324B, 0x324B, 0x324B,
        0x324B, 0x324B, 0x324B, 0x324B, 0x324B, 0x324B, 0x324B, 0x324B, 0x324B, 0x324B, 0x324B, 0x324B,
        0x324B, 0x324B, 0x324B, 0x324B, 0x324B, 0x324B, 0x324B, 0x324B, 0x324B, 0x324B, 0x324B, 0x324B,
        0x324B, 0x324B, 0x324B, 0x324B, 0x324B, 0x324B, 0x324B, 0x324B, 0x324B, 0x324B, 0x324B, 0x324B,
        0x324B, 0x324B, 0x324B, 0x324B, 0x324B, 0x324B, 0x324B, 0x324B, 0x324B, 0x324B, 0x324B, 0x324B,
        0x324B, 0x324B, 0x324B, 0x324B, 0x324B, 0x324B, 0x324B, 0x324B, 0x324B, 0x324B, 0x324B, 0x324B,
        0x324B, 0x324B, 0x324B, 0x324B, 0x324B, 0x324B, 0x324B, 0x324B, 0x324B, 0x324B, 0x324B, 0x324B,
        0x324B, 0x324B, 0x324B, 0x324B, 0x324B, 0x324B, 0x324B, 0x324B, 0x324B, 0x324B, 0x324B, 0x324B,
        0x324B, 0x324B, 0x324B, 0x324B, 0x324B, 0x324B, 0x324B, 0x324B, 0x324B, 0x324B, 0x324B, 0x324B,
        0x324B, 0x324B, 0x324B, 0x324B, 0x324B, 0x324B, 0x324B, 0x324B, 0x324B, 0x324B, 0x324B, 0x324B,
        0x324B, 0x324B, 0x324B, 0x324B, 0x324B, 0x324B, 0x324B, 0x324B, 0x324B, 0x324B, 0x324B, 0x324B,
        0x324B, 0x324B, 0x324B, 0x324B, 0x324B, 0x324B, 0x324B, 0x324B, 0x324B, 0x324B, 0x324B, 0x324B,
        0x324B, 0x324B, 0x324B, 0x324B, 0x324B, 0x324B, 0x324B, 0x324B, 0x324B, 0x324B, 0x324B, 0x324B,
        0x324B, 0x324B, 0x324B, 0x324B, 0x324B, 0x324B, 0x324B, 0x324B, 0x324B, 0x324B, 0x324B, 0x324B,
        0x324B, 0x324B, 0x324B, 0x3A4B, 0x7C53, 0x94F5, 0x8CD4, 0x636F, 0x29A8, 0x2188, 0x2188, 0x2187,
        0x2188, 0x2187, 0x2167, 0x2187, 0x2187, 0x2187, 0x2187, 0x2187, 0x2187, 0x2167, 0x2167, 0x2167,
        0x2167, 0x2167, 0x2167, 0x2167, 0x2167, 0x2167, 0x2187, 0x2167, 0x2167, 0x2167, 0x2167, 0x2167,
        0x2167, 0x2167, 0x2167, 0x2167, 0x2167, 0x2167, 0x2167, 0x2167, 0x2167, 0x2167, 0x2167, 0x2167,
        0x2167, 0x2167, 0x2167, 0x2187, 0x2167, 0x2167, 0x2167, 0x2167, 0x2167, 0x2167, 0x2187, 0x2187,
        0x2187, 0x2988, 0x5B4E, 0x94F5, 0x94F5, 0x94F5, 0x6BD1, 0x31E9, 0x2167, 0x2187, 0x2187, 0x2187,
        0x2167, 0x2167, 0x2167, 0x2167, 0x2187, 0x2167, 0x2167, 0x2167, 0x2167, 0x2167, 0x2167, 0x2167,
        0x2167, 0x2167, 0x2167, 0x2167, 0x2167, 0x2167, 0x2167, 0x2167, 0x2167, 0x2167, 0x2167, 0x2167,
        0x2167, 0x2167, 0x2167, 0x2167, 0x2167, 0x2167, 0x2167, 0x2167, 0x2167, 0x2167, 0x2167, 0x2167,
        0x2167, 0x2187, 0x2167, 0x2167, 0x2167, 0x2167, 0x2167, 0x2167, 0x2167, 0x2187, 0x2988, 0x2188,
        0x29C8, 0x5B2E, 0x8CD4, 0x94F5, 0x5B6F, 0x324B, 0x324B, 0x324B, 0x324B, 0x324B, 0x324B, 0x324B,
        0x324B, 0x324B, 0x324B, 0x324B, 0x324B, 0x324B, 0x324B, 0x324B, 0x324B, 0x324B, 0x324B, 0x324B,
        0x324B, 0x324B, 0x324B, 0x324B, 0x324B, 0x324B, 0x324B, 0x324B, 0x324B, 0x324B, 0x324B, 0x324B,
        0x324B, 0x324B, 0x324B, 0x324B, 0x324B, 0x324B, 0x324B, 0x324B, 0x324B, 0x324B, 0x324B, 0x324B,
        0x324B, 0x324B, 0x324B, 0x324B, 0x324B, 0x324B, 0x324B, 0x324B, 0x324B, 0x324B, 0x324B, 0x324B,
        0x324B, 0x324B, 0x324B, 0x324B, 0x324B, 0x324B, 0x324B, 0x324B, 0x324B, 0x324B, 0x324B, 0x324B,
        0x324B, 0x324B, 0x324B, 0x324B, 0x324B, 0x324B, 0x324B, 0x324B, 0x324B, 0x324B, 0x324B, 0x324B,
        0x324B, 0x324B, 0x324B, 0x324B, 0x324B, 0x324B, 0x324B, 0x324B, 0x324B, 0x324B, 0x324B, 0x324B,
        0x324B, 0x324B, 0x324B, 0x324B, 0x324B, 0x324B, 0x324B, 0x324B, 0x324B, 0x324B, 0x324B, 0x324B,
        0x324B, 0x324B, 0x324B, 0x324B, 0x324B, 0x324B, 0x324B, 0x324B, 0x324B, 0x324B, 0x324B, 0x324B,
        0x324B, 0x324B, 0x324B, 0x324B, 0x324B, 0x324B, 0x324B, 0x324B, 0x324B, 0x324B, 0x324B, 0x324B,
        0x324B, 0x324B, 0x324B, 0x324B, 0x324B, 0x324B, 0x324B, 0x324B, 0x324B, 0x324B, 0x324B, 0x324B,
        0x324B, 0x324B, 0x324B, 0x324B, 0x324B, 0x324B, 0x324B, 0x324B, 0x324B, 0x324B, 0x324B, 0x324B,
        0x324B, 0x324B, 0x324B, 0x324B, 0x324B, 0x324B, 0x324B, 0x324B, 0x324B, 0x324B, 0x324B, 0x324B,
        0x324B, 0x324B, 0x324B, 0x324B, 0x324B, 0x324B, 0x324B, 0x324B, 0x324B, 0x324B, 0x324B, 0x324B,
        0x324B, 0x324B, 0x324B, 0x324B, 0x324B, 0x324B, 0x3A4B, 0x7C53, 0x94F5, 0x8CD5, 0x6BB0, 0x29C9,
        0x2188, 0x2988, 0x2188, 0x2187, 0x2167, 0x2167, 0x2187, 0x2188, 0x2167, 0x2187, 0x2187, 0x2187,
        0x2167, 0x2167, 0x2167, 0x2167, 0x2167, 0x2167, 0x2167, 0x2167, 0x2167, 0x2167, 0x2187, 0x2167,
        0x2167, 0x2187, 0x2187, 0x2167, 0x2167, 0x2167, 0x2167, 0x2167, 0x2167, 0x2167, 0x2167, 0x2167,
        0x2167, 0x2167, 0x2167, 0x2167, 0x2167, 0x2167, 0x2167, 0x2167, 0x2167, 0x2167, 0x2167, 0x2167,
        0x2167, 0x2187, 0x2188, 0x2187, 0x29A8, 0x5B4F, 0x8CF5, 0x7C73, 0x7C52, 0x84B4, 0x8CF5, 0x6BD0,
        0x31C9, 0x2167, 0x2188, 0x2187, 0x2167, 0x2167, 0x2167, 0x2167, 0x2187, 0x2167, 0x2167, 0x2167,
        0x2167, 0x2167, 0x2167, 0x2167, 0x2167, 0x2167, 0x2167, 0x2167, 0x2167, 0x2167, 0x2167, 0x2167,
        0x2167, 0x2167, 0x2167, 0x2167, 0x2167, 0x2167, 0x2167, 0x2167, 0x2167, 0x2167, 0x2167, 0x2167,
        0x2167, 0x2167, 0x2167, 0x2167, 0x2167, 0x2167, 0x2167, 0x2167, 0x2167, 0x2188, 0x2167, 0x2187,
        0x2187, 0x2188, 0x2188, 0x2188, 0x2188, 0x29C8, 0x5B2E, 0x8CD4, 0x94F5, 0x5B4F, 0x324B, 0x324B,
        0x324B, 0x324B, 0x324B, 0x324B, 0x324B, 0x324B, 0x324B, 0x324B, 0x324B, 0x324B, 0x324B, 0x324B,
        0x324B, 0x324B, 0x324B, 0x324B, 0x324B, 0x324B, 0x324B, 0x324B, 0x324B, 0x324B, 0x324B, 0x324B,
        0x324B, 0x324B, 0x324B, 0x324B, 0x324B, 0x324B, 0x324B, 0x324B, 0x324B, 0x324B, 0x324B, 0x324B,
        0x324B, 0x324B, 0x324B, 0x324B, 0x324B, 0x324B, 0x324B, 0x324B, 0x324B, 0x324B, 0x324B, 0x324B,
        0x324B, 0x324B, 0x324B, 0x324B, 0x324B, 0x324B, 0x324B, 0x324B, 0x324B, 0x324B, 0x324B, 0x324B,
        0x324B, 0x324B, 0x324B, 0x324B, 0x324B, 0x324B, 0x324B, 0x324B, 0x324B, 0x324B, 0x324B, 0x324B,
        0x324B, 0x324B, 0x324B, 0x324B, 0x324B, 0x324B, 0x324B, 0x324B, 0x324B, 0x324B, 0x324B, 0x324B,
        0x324B, 0x324B, 0x324B, 0x324B, 0x324B, 0x324B, 0x324B, 0x324B, 0x324B, 0x324B, 0x324B, 0x324B,
        0x324B, 0x324B, 0x324B, 0x324B, 0x324B, 0x324B, 0x324B, 0x324B, 0x324B, 0x324B, 0x324B, 0x324B,
        0x324B, 0x324B, 0x324B, 0x324B, 0x324B, 0x324B, 0x324B, 0x324B, 0x324B, 0x324B, 0x324B, 0x324B,
        0x324B, 0x324B, 0x324B, 0x324B, 0x324B, 0x324B, 0x324B, 0x324B, 0x324B, 0x324B, 0x324B, 0x324B,
        0x324B, 0x324B, 0x324B, 0x324B, 0x324B, 0x324B, 0x324B, 0x324B, 0x324B, 0x324B, 0x324B, 0x324B,
        0x324B, 0x324B, 0x324B, 0x324B, 0x324B, 0x324B, 0x324B, 0x324B, 0x324B, 0x324B, 0x324B, 0x324B,
        0x324B, 0x324B, 0x324B, 0x324B, 0x324B, 0x324B, 0x324B, 0x324B, 0x324B, 0x324B, 0x324B, 0x324B,
        0x324B, 0x324B, 0x324B, 0x324B, 0x324B, 0x324B, 0x324B, 0x324B, 0x324B, 0x3A6B, 0x7412, 0x94F5,
        0x8CF5, 0x6BB0, 0x29C9, 0x2188, 0x29A8, 0x2188, 0x2187, 0x2188, 0x2187, 0x2167, 0x2187, 0x2167,
        0x2167, 0x2167, 0x2167, 0x2167, 0x2167, 0x2167, 0x2167, 0x2167, 0x2167, 0x2167, 0x2167, 0x2167,
        0x2167, 0x2167, 0x2187, 0x2167, 0x2167, 0x2187, 0x2187, 0x2167, 0x2167, 0x2167, 0x2167, 0x2167,
        0x2167, 0x2167, 0x2167, 0x2167, 0x2167, 0x2167, 0x2167, 0x2167, 0x2167, 0x2167, 0x2167, 0x2167,
        0x2167, 0x2167, 0x2167, 0x2167, 0x2167, 0x2187, 0x2187, 0x29A8, 0x5B2E, 0x84B4, 0x94F5, 0x428C,
        0x324B, 0x4AEE, 0x94F5, 0x84B4, 0x5B2E, 0x31E9, 0x2187, 0x2188, 0x2167, 0x2167, 0x2167, 0x2167,
        0x2187, 0x2167, 0x2167, 0x2167, 0x2167, 0x2167, 0x2167, 0x2167, 0x2167, 0x2167, 0x2167, 0x2167,
        0x2167, 0x2167, 0x2167, 0x2167, 0x2167, 0x2167, 0x2167, 0x2167, 0x2167, 0x2167, 0x2167, 0x2167,
        0x2167, 0x2167, 0x2167, 0x2167, 0x2167, 0x2167, 0x2167, 0x2167, 0x2167, 0x2167, 0x2167, 0x2167,
        0x2167, 0x2167, 0x2167, 0x2187, 0x2187, 0x2187, 0x2188, 0x2188, 0x2188, 0x2988, 0x29C8, 0x6390,
        0x8CF5, 0x7C73, 0x3A8C, 0x324B, 0x324B, 0x324B, 0x324B, 0x324B, 0x324B, 0x324B, 0x324B, 0x324B,
        0x324B, 0x324B, 0x324B, 0x324B, 0x324B, 0x324B, 0x324B, 0x324B, 0x324B, 0x324B, 0x324B, 0x324B,
        0x324B, 0x324B, 0x324B, 0x324B, 0x324B, 0x324B, 0x324B, 0x324B, 0x324B, 0x324B, 0x324B, 0x324B,
        0x324B, 0x324B, 0x324B, 0x324B, 0x324B, 0x324B, 0x324B, 0x324B, 0x324B, 0x324B, 0x324B, 0x324B,
        0x324B, 0x324B, 0x324B, 0x324B, 0x324B, 0x324B, 0x324B, 0x324B, 0x324B, 0x324B, 0x324B, 0x324B,
        0x324B, 0x324B, 0x324B, 0x324B, 0x324B, 0x324B, 0x324B, 0x324B, 0x324B, 0x324B, 0x324B, 0x324B,
        0x324B, 0x324B, 0x324B, 0x324B, 0x324B, 0x324B, 0x324B, 0x324B, 0x324B, 0x324B, 0x324B, 0x324B,
        0x324B, 0x324B, 0x324B, 0x324B, 0x324B, 0x324B, 0x324B, 0x324B, 0x324B, 0x324B, 0x324B, 0x324B,
        0x324B, 0x324B, 0x324B, 0x324B, 0x324B, 0x324B, 0x324B, 0x324B, 0x324B, 0x324B, 0x324B, 0x324B,
        0x324B, 0x324B, 0x324B, 0x324B, 0x324B, 0x324B, 0x324B, 0x324B, 0x324B, 0x324B, 0x324B, 0x324B,
        0x324B, 0x324B, 0x324B, 0x324B, 0x324B, 0x324B, 0x324B, 0x324B, 0x324B, 0x324B, 0x324B, 0x324B,
        0x324B, 0x324B, 0x324B, 0x324B, 0x324B, 0x324B, 0x324B, 0x324B, 0x324B, 0x324B, 0x324B, 0x324B,
        0x324B, 0x324B, 0x324B, 0x324B, 0x324B, 0x324B, 0x324B, 0x324B, 0x324B, 0x324B, 0x324B, 0x324B,
        0x324B, 0x324B, 0x324B, 0x324B, 0x324B, 0x324B, 0x324B, 0x324B, 0x324B, 0x324B, 0x324B, 0x324B,
        0x324B, 0x324B, 0x324B, 0x324B, 0x324B, 0x324B, 0x324B, 0x324B, 0x324B, 0x324B, 0x324B, 0x324B,
        0x3A6C, 0x7432, 0x94F5, 0x8CF5, 0x6BB0, 0x29C9, 0x2167, 0x2188, 0x2187, 0x2188, 0x2188, 0x2167,
        0x2167, 0x2167, 0x2187, 0x2167, 0x2167, 0x2187, 0x2187, 0x2187, 0x2167, 0x2167, 0x2167, 0x2167,
        0x2167, 0x2167, 0x2167, 0x2167, 0x2167, 0x2167, 0x2167, 0x2167, 0x2167, 0x2167, 0x2167, 0x2167,
        0x2167, 0x2167, 0x2167, 0x2167, 0x2167, 0x2167, 0x2167, 0x2167, 0x2167, 0x2187, 0x2167, 0x2167,
        0x2167, 0x2167, 0x2187, 0x2167, 0x2167, 0x2167, 0x2187, 0x2167, 0x2188, 0x2167, 0x29A8, 0x5B4E,
        0x8CD5, 0x94F5, 0x63B0, 0x3A6C, 0x324B, 0x3A8C, 0x7412, 0x94F5, 0x8493, 0x5B4E, 0x29A8, 0x2188,
        0x2188, 0x2187, 0x2187, 0x2187, 0x2187, 0x2167, 0x2167, 0x2167, 0x2167, 0x2167, 0x2167, 0x2167,
        0x2167, 0x2167, 0x2167, 0x2167, 0x2167, 0x2167, 0x2167, 0x2167, 0x2167, 0x2167, 0x2167, 0x2167,
        0x2167, 0x2167, 0x2167, 0x2167, 0x2167, 0x2167, 0x2167, 0x2167, 0x2167, 0x2167, 0x2167, 0x2167,
        0x2167, 0x2167, 0x2167, 0x2167, 0x2187, 0x2167, 0x2187, 0x2167, 0x2167, 0x2187, 0x2188, 0x2187,
        0x2167, 0x2188, 0x2187, 0x3209, 0x6BD1, 0x94F5, 0x7C73, 0x3A6C, 0x324B, 0x324B, 0x324B, 0x324B,
        0x324B, 0x324B, 0x324B, 0x324B, 0x324B, 0x324B, 0x324B, 0x324B, 0x324B, 0x324B, 0x324B, 0x324B,
        0x324B, 0x324B, 0x324B, 0x324B, 0x324B, 0x324B, 0x324B, 0x324B, 0x324B, 0x324B, 0x324B, 0x324B,
        0x324B, 0x324B, 0x324B, 0x324B, 0x324B, 0x324B, 0x324B, 0x324B, 0x324B, 0x324B, 0x324B, 0x324B,
        0x324B, 0x324B, 0x324B, 0x324B, 0x324B, 0x324B, 0x324B, 0x324B, 0x324B, 0x324B, 0x324B, 0x324B,
        0x324B, 0x324B, 0x324B, 0x324B, 0x324B, 0x324B, 0x324B, 0x324B, 0x324B, 0x324B, 0x324B, 0x324B,
        0x324B, 0x324B, 0x324B, 0x324B, 0x324B, 0x324B, 0x324B, 0x324B, 0x324B, 0x324B, 0x324B, 0x324B,
        0x324B, 0x324B, 0x324B, 0x324B, 0x324B, 0x324B, 0x324B, 0x324B, 0x324B, 0x324B, 0x324B, 0x324B,
        0x324B, 0x324B, 0x324B, 0x324B, 0x324B, 0x324B, 0x324B, 0x324B, 0x324B, 0x324B, 0x324B, 0x324B,
        0x324B, 0x324B, 0x324B, 0x324B, 0x324B, 0x324B, 0x324B, 0x324B, 0x324B, 0x324B, 0x324B, 0x324B,
        0x324B, 0x324B, 0x324B, 0x324B, 0x324B, 0x324B, 0x324B, 0x324B, 0x324B, 0x324B, 0x324B, 0x324B,
        0x324B, 0x324B, 0x324B, 0x324B, 0x324B, 0x324B, 0x324B, 0x324B, 0x324B, 0x324B, 0x324B, 0x324B,
        0x324B, 0x324B, 0x324B, 0x324B, 0x324B, 0x324B, 0x324B, 0x324B, 0x324B, 0x324B, 0x324B, 0x324B,
        0x324B, 0x324B, 0x324B, 0x324B, 0x324B, 0x324B, 0x324B, 0x324B, 0x324B, 0x324B, 0x324B, 0x324B,
        0x324B, 0x324B, 0x324B, 0x324B, 0x324B, 0x324B, 0x324B, 0x324B, 0x324B, 0x324B, 0x324B, 0x324B,
        0x324B, 0x324B, 0x324B, 0x3A4B, 0x7C52, 0x94F5, 0x8CD4, 0x638F, 0x29C9, 0x2187, 0x2988, 0x2187,
        0x2187, 0x2187, 0x2167, 0x2167, 0x2167, 0x2167, 0x2167, 0x2167, 0x2167, 0x2167, 0x2167, 0x2187,
        0x2167, 0x2167, 0x2167, 0x2167, 0x2167, 0x2167, 0x2187, 0x2167, 0x2167, 0x2167, 0x2167, 0x2167,
        0x2167, 0x2167, 0x2167, 0x2167, 0x2167, 0x2167, 0x2167, 0x2187, 0x2167, 0x2167, 0x2167, 0x2167,
        0x2167, 0x2167, 0x2167, 0x2167, 0x2167, 0x2167, 0x2167, 0x2167, 0x2167, 0x2167, 0x2167, 0x2187,
        0x2167, 0x2188, 0x5B4E, 0x8CF5, 0x8494, 0x530E, 0x3A4B, 0x324B, 0x324B, 0x324B, 0x3A6C, 0x7412,
        0x94F5, 0x8494, 0x530E, 0x29C9, 0x2187, 0x2187, 0x2187, 0x2188, 0x2167, 0x2167, 0x2187, 0x2187,
        0x2167, 0x2167, 0x2167, 0x2167, 0x2167, 0x2167, 0x2167, 0x2167, 0x2167, 0x2187, 0x2167, 0x2167,
        0x2167, 0x2167, 0x2167, 0x2167, 0x2167, 0x2167, 0x2167, 0x2187, 0x2167, 0x2167, 0x2167, 0x2167,
        0x2167, 0x2167, 0x2167, 0x2167, 0x2167, 0x2167, 0x2167, 0x2167, 0x2187, 0x2187, 0x2167, 0x2167,
        0x2167, 0x2187, 0x2187, 0x2187, 0x2167, 0x2187, 0x29A8, 0x2167, 0x3A2A, 0x73F1, 0x94F5, 0x7C73,
        0x3A6C, 0x324B, 0x324B, 0x324B, 0x324B, 0x324B, 0x324B, 0x324B, 0x324B, 0x324B, 0x324B, 0x324B,
        0x324B, 0x324B, 0x324B, 0x324B, 0x324B, 0x324B, 0x324B, 0x324B, 0x324B, 0x324B, 0x324B, 0x324B,
        0x324B, 0x324B, 0x324B, 0x324B, 0x324B, 0x324B, 0x324B, 0x324B, 0x324B, 0x324B, 0x324B, 0x324B,
        0x324B, 0x324B, 0x324B, 0x324B, 0x324B, 0x324B, 0x324B, 0x324B, 0x324B, 0x324B, 0x324B, 0x324B,
        0x324B, 0x324B, 0x324B, 0x324B, 0x324B, 0x324B, 0x324B, 0x324B, 0x324B, 0x324B, 0x324B, 0x324B,
        0x324B, 0x324B, 0x324B, 0x324B, 0x324B, 0x324B, 0x324B, 0x324B, 0x324B, 0x324B, 0x324B, 0x324B,
        0x324B, 0x324B, 0x324B, 0x324B, 0x324B, 0x324B, 0x324B, 0x324B, 0x324B, 0x324B, 0x324B, 0x324B,
        0x324B, 0x324B, 0x324B, 0x324B, 0x324B, 0x324B, 0x324B, 0x324B, 0x324B, 0x324B, 0x324B, 0x324B,
        0x324B, 0x324B, 0x324B, 0x324B, 0x324B, 0x324B, 0x324B, 0x324B, 0x324B, 0x324B, 0x324B, 0x324B,
        0x324B, 0x324B, 0x324B, 0x324B, 0x324B, 0x324B, 0x324B, 0x324B, 0x324B, 0x324B, 0x324B, 0x324B,
        0x324B, 0x324B, 0x324B, 0x324B, 0x324B, 0x324B, 0x324B, 0x324B, 0x324B, 0x324B, 0x324B, 0x324B,
        0x324B, 0x324B, 0x324B, 0x324B, 0x324B, 0x324B, 0x324B, 0x324B, 0x324B, 0x324B, 0x324B, 0x324B,
        0x324B, 0x324B, 0x324B, 0x324B, 0x324B, 0x324B, 0x324B, 0x324B, 0x324B, 0x324B, 0x324B, 0x324B,
        0x324B, 0x324B, 0x324B, 0x324B, 0x324B, 0x324B, 0x324B, 0x324B, 0x324B, 0x324B, 0x324B, 0x324B,
        0x324B, 0x324B, 0x324B, 0x324B, 0x324B, 0x324B, 0x3A4B, 0x7412, 0x94F5, 0x8CF5, 0x6BB0, 0x29C8,
        0x2187, 0x2188, 0x2188, 0x2187, 0x2167, 0x2188, 0x2167, 0x2167, 0x2167, 0x2167, 0x2167, 0x2167,
        0x2167, 0x2167, 0x2167, 0x2167, 0x2167, 0x2167, 0x2167, 0x2167, 0x2167, 0x2167, 0x2187, 0x2167,
        0x2167, 0x2167, 0x2167, 0x2167, 0x2167, 0x2167, 0x2167, 0x2167, 0x2167, 0x2167, 0x2167, 0x2167,
        0x2167, 0x2167, 0x2167, 0x2167, 0x2167, 0x2167, 0x2167, 0x2187, 0x2167, 0x2188, 0x2167, 0x2167,
        0x2167, 0x2167, 0x2187, 0x2167, 0x29A8, 0x5B2E, 0x8CF5, 0x84B4, 0x3A8C, 0x324B, 0x324B, 0x324B,
        0x324B, 0x324B, 0x324B, 0x3A4B, 0x7412, 0x94F5, 0x8493, 0x52ED, 0x2988, 0x2187, 0x2187, 0x2167,
        0x2187, 0x2188, 0x2187, 0x2187, 0x2167, 0x2167, 0x2167, 0x2167, 0x2167, 0x2167, 0x2167, 0x2167,
        0x2167, 0x2167, 0x2167, 0x2167, 0x2167, 0x2167, 0x2167, 0x2167, 0x2167, 0x2167, 0x2167, 0x2167,
        0x2167, 0x2167, 0x2167, 0x2167, 0x2167, 0x2167, 0x2167, 0x2167, 0x2167, 0x2187, 0x2167, 0x2167,
        0x2187, 0x2167, 0x2167, 0x2167, 0x2167, 0x2187, 0x2187, 0x2167, 0x2167, 0x2167, 0x2188, 0x2188,
        0x2167, 0x3A2A, 0x7411, 0x94F5, 0x7C73, 0x3A4B, 0x324B, 0x324B, 0x324B, 0x324B, 0x324B, 0x324B,
        0x324B, 0x324B, 0x324B, 0x324B, 0x324B, 0x324B, 0x324B, 0x324B, 0x324B, 0x324B, 0x324B, 0x324B,
        0x324B, 0x324B, 0x324B, 0x324B, 0x324B, 0x324B, 0x324B, 0x324B, 0x324B, 0x324B, 0x324B, 0x324B,
        0x324B, 0x324B, 0x324B, 0x324B, 0x324B, 0x324B, 0x324B, 0x324B, 0x324B, 0x324B, 0x324B, 0x324B,
        0x324B, 0x324B, 0x324B, 0x324B, 0x324B, 0x324B, 0x324B, 0x324B, 0x324B, 0x324B, 0x324B, 0x324B,
        0x324B, 0x324B, 0x324B, 0x324B, 0x324B, 0x324B, 0x324B, 0x324B, 0x324B, 0x324B, 0x324B, 0x324B,
        0x324B, 0x324B, 0x324B, 0x324B, 0x324B, 0x324B, 0x324B, 0x324B, 0x324B, 0x324B, 0x324B, 0x324B,
        0x324B, 0x324B, 0x324B, 0x324B, 0x324B, 0x324B, 0x324B, 0x324B, 0x324B, 0x324B, 0x324B, 0x324B,
        0x324B, 0x324B, 0x324B, 0x324B, 0x324B, 0x324B, 0x324B, 0x324B, 0x324B, 0x324B, 0x324B, 0x324B,
        0x324B, 0x324B, 0x324B, 0x324B, 0x324B, 0x324B, 0x324B, 0x324B, 0x324B, 0x324B, 0x324B, 0x324B,
        0x324B, 0x324B, 0x324B, 0x324B, 0x324B, 0x324B, 0x324B, 0x324B, 0x324B, 0x324B, 0x324B, 0x324B,
        0x324B, 0x324B, 0x324B, 0x324B, 0x324B, 0x324B, 0x324B, 0x324B, 0x324B, 0x324B, 0x324B, 0x324B,
        0x324B, 0x324B, 0x324B, 0x324B, 0x324B, 0x324B, 0x324B, 0x324B, 0x324B, 0x324B, 0x324B, 0x324B,
        0x324B, 0x324B, 0x324B, 0x324B, 0x324B, 0x324B, 0x324B, 0x324B, 0x324B, 0x324B, 0x324B, 0x324B,
        0x324B, 0x324B, 0x324B, 0x324B, 0x324B, 0x324B, 0x324B, 0x324B, 0x3A4B, 0x324B, 0x6BF1, 0x94F5,
        0x8CF5, 0x6BB0, 0x29C9, 0x2187, 0x2988, 0x2188, 0x2187, 0x2187, 0x2167, 0x2187, 0x2187, 0x2187,
        0x2167, 0x2167, 0x2167, 0x2187, 0x2187, 0x2167, 0x2167, 0x2167, 0x2167, 0x2167, 0x2167, 0x2167,
        0x2167, 0x2167, 0x2187, 0x2187, 0x2167, 0x2167, 0x2167, 0x2167, 0x2167, 0x2167, 0x2167, 0x2167,
        0x2167, 0x2167, 0x2167, 0x2167, 0x2167, 0x2167, 0x2167, 0x2167, 0x2167, 0x2167, 0x2167, 0x2187,
        0x2187, 0x2188, 0x2187, 0x2187, 0x2188, 0x2187, 0x2187, 0x29A8, 0x5B4E, 0x8CD5, 0x94F5, 0x3A6C,
        0x324B, 0x324B, 0x324B, 0x324B, 0x324B, 0x324B, 0x324B, 0x324B, 0x3A4B, 0x7432, 0x94F5, 0x8494,
        0x530D, 0x29A8, 0x2167, 0x2167, 0x2167, 0x2187, 0x2167, 0x2187, 0x2187, 0x2167, 0x2167, 0x2167,
        0x2167, 0x2167, 0x2167, 0x2167, 0x2167, 0x2167, 0x2167, 0x2167, 0x2167, 0x2167, 0x2167, 0x2167,
        0x2187, 0x2167, 0x2167, 0x2167, 0x2167, 0x2187, 0x2187, 0x2167, 0x2167, 0x2187, 0x2187, 0x2187,
        0x2187, 0x2187, 0x2167, 0x2167, 0x2187, 0x2167, 0x2167, 0x2167, 0x2167, 0x2187, 0x2167, 0x2167,
        0x2187, 0x2167, 0x2188, 0x2187, 0x29A8, 0x2187, 0x3A2A, 0x6BF1, 0x94F5, 0x7C73, 0x3A6C, 0x324B,
        0x324B, 0x324B, 0x324B, 0x324B, 0x324B, 0x324B, 0x324B, 0x324B, 0x324B, 0x324B, 0x324B, 0x324B,
        0x324B, 0x324B, 0x324B, 0x324B, 0x324B, 0x324B, 0x324B, 0x324B, 0x324B, 0x324B, 0x324B, 0x324B,
        0x324B, 0x324B, 0x324B, 0x324B, 0x324B, 0x324B, 0x324B, 0x324B, 0x324B, 0x324B, 0x324B, 0x324B,
        0x324B, 0x324B, 0x324B, 0x324B, 0x324B, 0x324B, 0x324B, 0x324B, 0x324B, 0x324B, 0x324B, 0x324B,
        0x324B, 0x324B, 0x324B, 0x324B, 0x324B, 0x324B, 0x324B, 0x324B, 0x324B, 0x324B, 0x324B, 0x324B,
        0x324B, 0x324B, 0x324B, 0x324B, 0x324B, 0x324B, 0x324B, 0x324B, 0x324B, 0x324B, 0x324B, 0x324B,
        0x324B, 0x324B, 0x324B, 0x324B, 0x324B, 0x324B, 0x324B, 0x324B, 0x324B, 0x324B, 0x324B, 0x324B,
        0x324B, 0x324B, 0x324B, 0x324B, 0x324B, 0x324B, 0x324B, 0x324B, 0x324B, 0x324B, 0x324B, 0x324B,
        0x324B, 0x324B, 0x324B, 0x324B, 0x324B, 0x324B, 0x324B, 0x324B, 0x324B, 0x324B, 0x324B, 0x324B,
        0x324B, 0x324B, 0x324B, 0x324B, 0x324B, 0x324B, 0x324B, 0x324B, 0x324B, 0x324B, 0x324B, 0x324B,
        0x324B, 0x324B, 0x324B, 0x324B, 0x324B, 0x324B, 0x324B, 0x324B, 0x324B, 0x324B, 0x324B, 0x324B,
        0x324B, 0x324B, 0x324B, 0x324B, 0x324B, 0x324B, 0x324B, 0x324B, 0x324B, 0x324B, 0x324B, 0x324B,
        0x324B, 0x324B, 0x324B, 0x324B, 0x324B, 0x324B, 0x324B, 0x324B, 0x324B, 0x324B, 0x324B, 0x324B,
        0x324B, 0x324B, 0x324B, 0x324B, 0x324B, 0x324B, 0x324B, 0x324B, 0x324B, 0x324B, 0x324B, 0x324B,
        0x324B, 0x42AD, 0x8494, 0x8CF5, 0x73F1, 0x31E9, 0x2167, 0x29A8, 0x2188, 0x2988, 0x2187, 0x2167,
        0x2167, 0x2167, 0x2167, 0x2167, 0x2167, 0x2167, 0x2167, 0x2187, 0x2187, 0x2167, 0x2167, 0x2167,
        0x2167, 0x2167, 0x2167, 0x2187, 0x2167, 0x2167, 0x2187, 0x2187, 0x2167, 0x2167, 0x2167, 0x2167,
        0x2167, 0x2167, 0x2167, 0x2167, 0x2167, 0x2167, 0x2167, 0x2167, 0x2167, 0x2167, 0x2167, 0x2167,
        0x2167, 0x2187, 0x2167, 0x2167, 0x2167, 0x2167, 0x2187, 0x2167, 0x29A8, 0x2988, 0x2187, 0x530D,
        0x84B4, 0x94F5, 0x6BB0, 0x324B, 0x324B, 0x324B, 0x324B, 0x324B, 0x324B, 0x324B, 0x324B, 0x324B,
        0x324B, 0x3A6C, 0x7C32, 0x94F5, 0x84B4, 0x52ED, 0x29A8, 0x2188, 0x2988, 0x2167, 0x2167, 0x2187,
        0x2187, 0x2167, 0x2167, 0x2167, 0x2167, 0x2167, 0x2167, 0x2167, 0x2167, 0x2167, 0x2167, 0x2167,
        0x2167, 0x2167, 0x2167, 0x2167, 0x2187, 0x2167, 0x2167, 0x2167, 0x2167, 0x2167, 0x2187, 0x2187,
        0x2187, 0x2167, 0x2187, 0x2187, 0x2187, 0x2187, 0x2187, 0x2167, 0x2167, 0x2187, 0x2167, 0x2167,
        0x2167, 0x2167, 0x2167, 0x2167, 0x2167, 0x2167, 0x2187, 0x2188, 0x2187, 0x2988, 0x2167, 0x3A2A,
        0x7C32, 0x94F5, 0x7C52, 0x3A8C, 0x324B, 0x324B, 0x324B, 0x324B, 0x324B, 0x324B, 0x324B, 0x324B,
        0x324B, 0x324B, 0x324B, 0x324B, 0x324B, 0x324B, 0x324B, 0x324B, 0x324B, 0x324B, 0x324B, 0x324B,
        0x324B, 0x324B, 0x324B, 0x324B, 0x324B, 0x324B, 0x324B, 0x324B, 0x324B, 0x324B, 0x324B, 0x324B,
        0x324B, 0x324B, 0x324B, 0x324B, 0x324B, 0x324B, 0x324B, 0x324B, 0x324B, 0x324B, 0x324B, 0x324B,
        0x324B, 0x324B, 0x324B, 0x324B, 0x324B, 0x324B, 0x324B, 0x324B, 0x324B, 0x324B, 0x324B, 0x324B,
        0x324B, 0x324B, 0x324B, 0x324B, 0x324B, 0x324B, 0x324B, 0x324B, 0x324B, 0x324B, 0x324B, 0x324B,
        0x324B, 0x324B, 0x324B, 0x324B, 0x324B, 0x324B, 0x324B, 0x324B, 0x324B, 0x324B, 0x324B, 0x324B,
        0x324B, 0x324B, 0x324B, 0x324B, 0x324B, 0x324B, 0x324B, 0x324B, 0x324B, 0x324B, 0x324B, 0x324B,
        0x324B, 0x324B, 0x324B, 0x324B, 0x324B, 0x324B, 0x324B, 0x324B, 0x324B, 0x324B, 0x324B, 0x324B,
        0x324B, 0x324B, 0x324B, 0x324B, 0x324B, 0x324B, 0x324B, 0x324B, 0x324B, 0x324B, 0x324B, 0x324B,
        0x324B, 0x324B, 0x324B, 0x324B, 0x324B, 0x324B, 0x324B, 0x324B, 0x324B, 0x324B, 0x324B, 0x324B,
        0x324B, 0x324B, 0x324B, 0x324B, 0x324B, 0x324B, 0x324B, 0x324B, 0x324B, 0x324B, 0x324B, 0x324B,
        0x324B, 0x324B, 0x324B, 0x324B, 0x324B, 0x324B, 0x324B, 0x324B, 0x324B, 0x324B, 0x324B, 0x324B,
        0x324B, 0x324B, 0x324B, 0x324B, 0x324B, 0x324B, 0x324B, 0x324B, 0x324B, 0x324B, 0x324B, 0x324B,
        0x324B, 0x324B, 0x324B, 0x3A8C, 0x6390, 0x84B4, 0x94F5, 0x6BF1, 0x31E9, 0x2167, 0x29A8, 0x2187,
        0x2188, 0x2187, 0x2167, 0x2167, 0x2167, 0x2167, 0x2167, 0x2167, 0x2167, 0x2167, 0x2167, 0x2167,
        0x2167, 0x2167, 0x2167, 0x2167, 0x2187, 0x2167, 0x2167, 0x2167, 0x2167, 0x2167, 0x2167, 0x2167,
        0x2167, 0x2167, 0x2167, 0x2167, 0x2167, 0x2167, 0x2167, 0x2167, 0x2167, 0x2167, 0x2167, 0x2167,
        0x2167, 0x2167, 0x2167, 0x2167, 0x2167, 0x2167, 0x2167, 0x2167, 0x2167, 0x2167, 0x2167, 0x2188,
        0x2167, 0x3209, 0x530E, 0x8473, 0x94F5, 0x6BD1, 0x324B, 0x324B, 0x324B, 0x324B, 0x324B, 0x324B,
        0x324B, 0x324B, 0x324B, 0x324B, 0x324B, 0x324B, 0x3A6C, 0x7432, 0x94F5, 0x8493, 0x52ED, 0x29A8,
        0x2988, 0x2188, 0x2167, 0x2167, 0x2187, 0x2167, 0x2167, 0x2167, 0x2167, 0x2167, 0x2167, 0x2167,
        0x2187, 0x2167, 0x2167, 0x2167, 0x2167, 0x2167, 0x2167, 0x2167, 0x2167, 0x2167, 0x2167, 0x2167,
        0x2167, 0x2167, 0x2167, 0x2187, 0x2167, 0x2167, 0x2167, 0x2187, 0x2187, 0x2167, 0x2167, 0x2167,
        0x2167, 0x2187, 0x2167, 0x2167, 0x2167, 0x2167, 0x2167, 0x2187, 0x2167, 0x2167, 0x2167, 0x2167,
        0x2188, 0x2188, 0x2988, 0x2187, 0x3A4A, 0x7432, 0x94F5, 0x7C73, 0x3A8C, 0x324B, 0x324B, 0x324B,
        0x324B, 0x324B, 0x324B, 0x324B, 0x324B, 0x324B, 0x324B, 0x324B, 0x324B, 0x324B, 0x324B, 0x324B,
        0x324B, 0x324B, 0x324B, 0x324B, 0x324B, 0x324B, 0x324B, 0x324B, 0x324B, 0x324B, 0x324B, 0x324B,
        0x324B, 0x324B, 0x324B, 0x324B, 0x324B, 0x324B, 0x324B, 0x324B, 0x324B, 0x324B, 0x324B, 0x324B,
        0x324B, 0x324B, 0x324B, 0x324B, 0x324B, 0x324B, 0x324B, 0x324B, 0x324B, 0x324B, 0x324B, 0x324B,
        0x324B, 0x324B, 0x324B, 0x324B, 0x324B, 0x324B, 0x324B, 0x324B, 0x324B, 0x324B, 0x324B, 0x324B,
        0x324B, 0x324B, 0x324B, 0x324B, 0x324B, 0x324B, 0x324B, 0x324B, 0x324B, 0x324B, 0x324B, 0x324B,
        0x324B, 0x324B, 0x324B, 0x324B, 0x324B, 0x324B, 0x324B, 0x324B, 0x324B, 0x324B, 0x324B, 0x324B,
        0x324B, 0x324B, 0x324B, 0x324B, 0x324B, 0x324B, 0x324B, 0x324B, 0x324B, 0x324B, 0x324B, 0x324B,
        0x324B, 0x324B, 0x324B, 0x324B, 0x324B, 0x324B, 0x324B, 0x324B, 0x324B, 0x324B, 0x324B, 0x324B,
        0x324B, 0x324B, 0x324B, 0x324B, 0x324B, 0x324B, 0x324B, 0x324B, 0x324B, 0x324B, 0x324B, 0x324B,
        0x324B, 0x324B, 0x324B, 0x324B, 0x324B, 0x324B, 0x324B, 0x324B, 0x324B, 0x324B, 0x324B, 0x324B,
        0x324B, 0x324B, 0x324B, 0x324B, 0x324B, 0x324B, 0x324B, 0x324B, 0x324B, 0x324B, 0x324B, 0x324B,
        0x324B, 0x324B, 0x324B, 0x324B, 0x324B, 0x324B, 0x324B, 0x324B, 0x324B, 0x324B, 0x324B, 0x324B,
        0x324B, 0x324B, 0x324B, 0x324B, 0x324B, 0x324B, 0x324B, 0x4AED, 0x94F5, 0x8CF5, 0x7412, 0x31E9,
        0x2167, 0x29A8, 0x2188, 0x2187, 0x2167, 0x2167, 0x2167, 0x2167, 0x2167, 0x2167, 0x2167, 0x2167,
        0x2167, 0x2167, 0x2167, 0x2167, 0x2167, 0x2167, 0x2167, 0x2167, 0x2167, 0x2167, 0x2167, 0x2167,
        0x2167, 0x2167, 0x2167, 0x2167, 0x2167, 0x2167, 0x2167, 0x2167, 0x2167, 0x2167, 0x2167, 0x2167,
        0x2167, 0x2167, 0x2167, 0x2167, 0x2167, 0x2167, 0x2167, 0x2167, 0x2167, 0x2167, 0x2167, 0x2167,
        0x2167, 0x2187, 0x2988, 0x2167, 0x29A8, 0x6BD0, 0x8CD5, 0x94F5, 0x6BD1, 0x324B, 0x324B, 0x324B,
        0x324B, 0x324B, 0x324B, 0x324B, 0x324B, 0x324B, 0x324B, 0x324B, 0x324B, 0x324B, 0x324B, 0x3A6C,
        0x7432, 0x94F5, 0x8493, 0x52ED, 0x29A8, 0x2188, 0x2167, 0x2167, 0x2167, 0x2167, 0x2167, 0x2167,
        0x2167, 0x2167, 0x2167, 0x2167, 0x2167, 0x2167, 0x2167, 0x2167, 0x2167, 0x2167, 0x2167, 0x2167,
        0x2167, 0x2167, 0x2167, 0x2167, 0x2167, 0x2167, 0x2167, 0x2167, 0x2167, 0x2167, 0x2167, 0x2167,
        0x2187, 0x2167, 0x2167, 0x2167, 0x2167, 0x2167, 0x2167, 0x2167, 0x2167, 0x2167, 0x2167, 0x2167,
        0x2187, 0x2187, 0x2167, 0x2167, 0x2187, 0x2167, 0x2187, 0x2988, 0x2167, 0x426B, 0x8493, 0x94F5,
        0x7C52, 0x3A4B, 0x324B, 0x324B, 0x324B, 0x324B, 0x324B, 0x324B, 0x324B, 0x324B, 0x324B, 0x324B,
        0x324B, 0x324B, 0x324B, 0x324B, 0x324B, 0x324B, 0x324B, 0x324B, 0x324B, 0x324B, 0x324B, 0x324B,
        0x324B, 0x324B, 0x324B, 0x324B, 0x324B, 0x324B, 0x324B, 0x324B, 0x324B, 0x324B, 0x324B, 0x324B,
        0x324B, 0x324B, 0x324B, 0x324B, 0x324B, 0x324B, 0x324B, 0x324B, 0x324B, 0x324B, 0x324B, 0x324B,
        0x324B, 0x324B, 0x324B, 0x324B, 0x324B, 0x324B, 0x324B, 0x324B, 0x324B, 0x324B, 0x324B, 0x324B,
        0x324B, 0x324B, 0x324B, 0x324B, 0x324B, 0x324B, 0x324B, 0x324B, 0x324B, 0x324B, 0x324B, 0x324B,
        0x324B, 0x324B, 0x324B, 0x324B, 0x324B, 0x324B, 0x324B, 0x324B, 0x324B, 0x324B, 0x324B, 0x324B,
        0x324B, 0x324B, 0x324B, 0x324B, 0x324B, 0x324B, 0x324B, 0x324B, 0x324B, 0x324B, 0x324B, 0x324B,
        0x324B, 0x324B, 0x324B, 0x324B, 0x324B, 0x324B, 0x324B, 0x324B, 0x324B, 0x324B, 0x324B, 0x324B,
        0x324B, 0x324B, 0x324B, 0x324B, 0x324B, 0x324B, 0x324B, 0x324B, 0x324B, 0x324B, 0x324B, 0x324B,
        0x324B, 0x324B, 0x324B, 0x324B, 0x324B, 0x324B, 0x324B, 0x324B, 0x324B, 0x324B, 0x324B, 0x324B,
        0x324B, 0x324B, 0x324B, 0x324B, 0x324B, 0x324B, 0x324B, 0x324B, 0x324B, 0x324B, 0x324B, 0x324B,
        0x324B, 0x324B, 0x324B, 0x324B, 0x324B, 0x324B, 0x324B, 0x324B, 0x324B, 0x324B, 0x324B, 0x324B,
        0x324B, 0x324B, 0x324B, 0x324B, 0x324B, 0x324B, 0x324B, 0x324B, 0x324B, 0x324B, 0x42AD, 0x84B4,
        0x8CD5, 0x7411, 0x31E9, 0x2167, 0x2988, 0x2188, 0x2188, 0x2187, 0x2167, 0x2167, 0x2167, 0x2167,
        0x2167, 0x2167, 0x2167, 0x2167, 0x2167, 0x2167, 0x2167, 0x2167, 0x2167, 0x2167, 0x2167, 0x2167,
        0x2167, 0x2167, 0x2167, 0x2167, 0x2167, 0x2167, 0x2167, 0x2167, 0x2167, 0x2167, 0x2167, 0x2167,
        0x2167, 0x2167, 0x2167, 0x2167, 0x2167, 0x2167, 0x2167, 0x2167, 0x2167, 0x2167, 0x2167, 0x2167,
        0x2167, 0x2167, 0x2167, 0x2167, 0x2167, 0x2187, 0x2167, 0x29A8, 0x63B0, 0x94F5, 0x94F5, 0x6BF1,
        0x324B, 0x324B, 0x324B, 0x324B, 0x324B, 0x324B, 0x324B, 0x324B, 0x324B, 0x324B, 0x324B, 0x324B,
        0x324B, 0x324B, 0x324B, 0x324B, 0x3A4B, 0x7412, 0x94F5, 0x7C73, 0x4AAC, 0x29A8, 0x2988, 0x2188,
        0x2187, 0x2167, 0x2167, 0x2167, 0x2167, 0x2167, 0x2167, 0x2187, 0x2167, 0x2167, 0x2167, 0x2167,
        0x2167, 0x2167, 0x2167, 0x2167, 0x2167, 0x2187, 0x2167, 0x2167, 0x2167, 0x2167, 0x2167, 0x2167,
        0x2167, 0x2167, 0x2167, 0x2167, 0x2167, 0x2167, 0x2167, 0x2167, 0x2167, 0x2167, 0x2167, 0x2167,
        0x2167, 0x2167, 0x2187, 0x2167, 0x2167, 0x2167, 0x2167, 0x2187, 0x2167, 0x2167, 0x2167, 0x2187,
        0x2988, 0x2167, 0x428C, 0x7C52, 0x94F5, 0x7C73, 0x3A6B, 0x324B, 0x324B, 0x324B, 0x324B, 0x324B,
        0x324B, 0x324B, 0x324B, 0x324B, 0x324B, 0x324B, 0x324B, 0x324B, 0x324B, 0x324B, 0x324B, 0x324B,
        0x324B, 0x324B, 0x324B, 0x324B, 0x324B, 0x324B, 0x324B, 0x324B, 0x324B, 0x324B, 0x324B, 0x324B,
        0x324B, 0x324B, 0x324B, 0x324B, 0x324B, 0x324B, 0x324B, 0x324B, 0x324B, 0x324B, 0x324B, 0x324B,
        0x324B, 0x324B, 0x324B, 0x324B, 0x324B, 0x324B, 0x324B, 0x324B, 0x324B, 0x324B, 0x324B, 0x324B,
        0x324B, 0x324B, 0x324B, 0x324B, 0x324B, 0x324B, 0x324B, 0x324B, 0x324B, 0x324B, 0x324B, 0x324B,
        0x324B, 0x324B, 0x324B, 0x324B, 0x324B, 0x324B, 0x324B, 0x324B, 0x324B, 0x324B, 0x324B, 0x324B,
        0x324B, 0x324B, 0x324B, 0x324B, 0x324B, 0x324B, 0x324B, 0x324B, 0x324B, 0x324B, 0x324B, 0x324B,
        0x324B, 0x324B, 0x324B, 0x324B, 0x324B, 0x324B, 0x324B, 0x324B, 0x324B, 0x324B, 0x324B, 0x324B,
        0x324B, 0x324B, 0x324B, 0x324B, 0x324B, 0x324B, 0x324B, 0x324B, 0x324B, 0x324B, 0x324B, 0x324B,
        0x324B, 0x324B, 0x324B, 0x324B, 0x324B, 0x324B, 0x324B, 0x324B, 0x324B, 0x324B, 0x324B, 0x324B,
        0x324B, 0x324B, 0x324B, 0x324B, 0x324B, 0x324B, 0x324B, 0x324B, 0x324B, 0x324B, 0x324B, 0x324B,
        0x324B, 0x324B, 0x324B, 0x324B, 0x324B, 0x324B, 0x324B, 0x324B, 0x324B, 0x324B, 0x324B, 0x324B,
        0x324B, 0x324B, 0x324B, 0x324B, 0x324B, 0x324B, 0x324B, 0x324B, 0x324B, 0x324B, 0x324B, 0x324B,
        0x3A6C, 0x7412, 0x8CF5, 0x94F5, 0x7411, 0x31E9, 0x2167, 0x2188, 0x2187, 0x2188, 0x2188, 0x2167,
        0x2167, 0x2167, 0x2167, 0x2167, 0x2167, 0x2167, 0x2167, 0x2167, 0x2167, 0x2167, 0x2167, 0x2167,
        0x2167, 0x2167, 0x2167, 0x2167, 0x2167, 0x2167, 0x2167, 0x2167, 0x2167, 0x2167, 0x2167, 0x2167,
        0x2167, 0x2167, 0x2167, 0x2167, 0x2167, 0x2167, 0x2167, 0x2167, 0x2167, 0x2167, 0x2167, 0x2167,
        0x2167, 0x2167, 0x2167, 0x2167, 0x2167, 0x2167, 0x2167, 0x2167, 0x29A8, 0x2167, 0x29A8, 0x6390,
        0x94F5, 0x7C53, 0x6390, 0x324B, 0x324B, 0x324B, 0x324B, 0x324B, 0x324B, 0x324B, 0x324B, 0x324B,
        0x324B, 0x324B, 0x324B, 0x324B, 0x324B, 0x324B, 0x324B, 0x324B, 0x324B, 0x3A4B, 0x7C52, 0x94F5,
        0x7C73, 0x4ACD, 0x2187, 0x2187, 0x2187, 0x2187, 0x2167, 0x2167, 0x2167, 0x2187, 0x2187, 0x2167,
        0x2167, 0x2167, 0x2167, 0x2167, 0x2167, 0x2167, 0x2167, 0x2167, 0x2167, 0x2187, 0x2167, 0x2167,
        0x2167, 0x2167, 0x2167, 0x2167, 0x2167, 0x2167, 0x2167, 0x2167, 0x2167, 0x2167, 0x2167, 0x2167,
        0x2167, 0x2167, 0x2167, 0x2167, 0x2167, 0x2167, 0x2187, 0x2187, 0x2167, 0x2167, 0x2167, 0x2167,
        0x2167, 0x2167, 0x2167, 0x2167, 0x29A8, 0x2188, 0x2167, 0x426B, 0x7C52, 0x94F5, 0x7C73, 0x3A6C,
        0x324B, 0x324B, 0x324B, 0x324B, 0x324B, 0x324B, 0x324B, 0x324B, 0x324B, 0x324B, 0x324B, 0x324B,
        0x324B, 0x324B, 0x324B, 0x324B, 0x324B, 0x324B, 0x324B, 0x324B, 0x324B, 0x324B, 0x324B, 0x324B,
        0x324B, 0x324B, 0x324B, 0x324B, 0x324B, 0x324B, 0x324B, 0x324B, 0x324B, 0x324B, 0x324B, 0x324B,
        0x324B, 0x324B, 0x324B, 0x324B, 0x324B, 0x324B, 0x324B, 0x324B, 0x324B, 0x324B, 0x324B, 0x324B,
        0x324B, 0x324B, 0x324B, 0x324B, 0x324B, 0x324B, 0x324B, 0x324B, 0x324B, 0x324B, 0x324B, 0x324B,
        0x324B, 0x324B, 0x324B, 0x324B, 0x324B, 0x324B, 0x324B, 0x324B, 0x324B, 0x324B, 0x324B, 0x324B,
        0x324B, 0x324B, 0x324B, 0x324B, 0x324B, 0x324B, 0x324B, 0x324B, 0x324B, 0x324B, 0x324B, 0x324B,
        0x324B, 0x324B, 0x324B, 0x324B, 0x324B, 0x324B, 0x324B, 0x324B, 0x324B, 0x324B, 0x324B, 0x324B,
        0x324B, 0x324B, 0x324B, 0x324B, 0x324B, 0x324B, 0x324B, 0x324B, 0x324B, 0x324B, 0x324B, 0x324B,
        0x324B, 0x324B, 0x324B, 0x324B, 0x324B, 0x324B, 0x324B, 0x324B, 0x324B, 0x324B, 0x324B, 0x324B,
        0x324B, 0x324B, 0x324B, 0x324B, 0x324B, 0x324B, 0x324B, 0x324B, 0x324B, 0x324B, 0x324B, 0x324B,
        0x324B, 0x324B, 0x324B, 0x324B, 0x324B, 0x324B, 0x324B, 0x324B, 0x324B, 0x324B, 0x324B, 0x324B,
        0x324B, 0x324B, 0x324B, 0x324B, 0x324B, 0x324B, 0x324B, 0x324B, 0x324B, 0x324B, 0x324B, 0x324B,
        0x324B, 0x324B, 0x3A4B, 0x3A8C, 0x7411, 0x8CF5, 0x8CF5, 0x7412, 0x31E9, 0x2167, 0x29A8, 0x2187,
        0x2188, 0x2188, 0x2188, 0x2167, 0x2167, 0x2167, 0x2167, 0x2167, 0x2167, 0x2167, 0x2167, 0x2167,
        0x2167, 0x2167, 0x2167, 0x2167, 0x2167, 0x2167, 0x2167, 0x2167, 0x2167, 0x2167, 0x2167, 0x2167,
        0x2167, 0x2167, 0x2167, 0x2167, 0x2167, 0x2167, 0x2167, 0x2167, 0x2167, 0x2167, 0x2167, 0x2167,
        0x2167, 0x2167, 0x2167, 0x2167, 0x2167, 0x2167, 0x2167, 0x2167, 0x2167, 0x2187, 0x2187, 0x2188,
        0x2167, 0x29A8, 0x5B4E, 0x8CF5, 0x7C53, 0x3A8C, 0x324B, 0x324B, 0x324B, 0x324B, 0x324B, 0x324B,
        0x324B, 0x324B, 0x324B, 0x324B, 0x324B, 0x324B, 0x324B, 0x324B, 0x324B, 0x324B, 0x324B, 0x324B,
        0x324B, 0x324B, 0x3A6C, 0x7C53, 0x94F5, 0x7C73, 0x428C, 0x2188, 0x2187, 0x2188, 0x2167, 0x2188,
        0x2188, 0x2167, 0x2187, 0x2167, 0x2187, 0x2167, 0x2167, 0x2167, 0x2167, 0x2167, 0x2167, 0x2167,
        0x2167, 0x2187, 0x2167, 0x2167, 0x2167, 0x2167, 0x2167, 0x2167, 0x2167, 0x2167, 0x2167, 0x2167,
        0x2167, 0x2167, 0x2167, 0x2167, 0x2187, 0x2187, 0x2167, 0x2167, 0x2167, 0x2187, 0x2167, 0x2167,
        0x2187, 0x2167, 0x2167, 0x2167, 0x2167, 0x2167, 0x2167, 0x2187, 0x2167, 0x2187, 0x2188, 0x2167,
        0x426B, 0x7C73, 0x94F5, 0x7C52, 0x3A8C, 0x324B, 0x324B, 0x324B, 0x324B, 0x324B, 0x324B, 0x324B,
        0x324B, 0x324B, 0x324B, 0x324B, 0x324B, 0x324B, 0x324B, 0x324B, 0x324B, 0x324B, 0x324B, 0x324B,
        0x324B, 0x324B, 0x324B, 0x324B, 0x324B, 0x324B, 0x324B, 0x324B, 0x324B, 0x324B, 0x324B, 0x324B,
        0x324B, 0x324B, 0x324B, 0x324B, 0x324B, 0x324B, 0x324B, 0x324B, 0x324B, 0x324B, 0x324B, 0x324B,
        0x324B, 0x324B, 0x324B, 0x324B, 0x324B, 0x324B, 0x324B, 0x324B, 0x324B, 0x324B, 0x324B, 0x324B,
        0x324B, 0x324B, 0x324B, 0x324B, 0x324B, 0x324B, 0x324B, 0x324B, 0x324B, 0x324B, 0x324B, 0x324B,
        0x324B, 0x324B, 0x324B, 0x324B, 0x324B, 0x324B, 0x324B, 0x324B, 0x324B, 0x324B, 0x324B, 0x324B,
        0x324B, 0x324B, 0x324B, 0x324B, 0x324B, 0x324B, 0x324B, 0x324B, 0x324B, 0x324B, 0x324B, 0x324B,
        0x324B, 0x324B, 0x324B, 0x324B, 0x324B, 0x324B, 0x324B, 0x324B, 0x324B, 0x324B, 0x324B, 0x324B,
        0x324B, 0x324B, 0x324B, 0x324B, 0x324B, 0x324B, 0x324B, 0x324B, 0x324B, 0x324B, 0x324B, 0x324B,
        0x324B, 0x324B, 0x324B, 0x324B, 0x324B, 0x324B, 0x324B, 0x324B, 0x324B, 0x324B, 0x324B, 0x324B,
        0x324B, 0x324B, 0x324B, 0x324B, 0x324B, 0x324B, 0x324B, 0x324B, 0x324B, 0x324B, 0x324B, 0x324B,
        0x324B, 0x324B, 0x324B, 0x324B, 0x324B, 0x324B, 0x324B, 0x324B, 0x324B, 0x324B, 0x324B, 0x324B,
        0x324B, 0x324B, 0x324B, 0x324B, 0x324B, 0x324B, 0x324B, 0x530E, 0x94F5, 0x8CF5, 0x7C32, 0x3A2A,
        0x2167, 0x2188, 0x2187, 0x2167, 0x2188, 0x2188, 0x2188, 0x2187, 0x2187, 0x2167, 0x2167, 0x2167,
        0x2167, 0x2167, 0x2167, 0x2167, 0x2167, 0x2167, 0x2167, 0x2167, 0x2167, 0x2167, 0x2167, 0x2167,
        0x2167, 0x2167, 0x2167, 0x2167, 0x2167, 0x2167, 0x2167, 0x2167, 0x2167, 0x2167, 0x2167, 0x2167,
        0x2167, 0x2167, 0x2167, 0x2167, 0x2167, 0x2167, 0x2167, 0x2167, 0x2187, 0x2167, 0x2167, 0x2167,
        0x2188, 0x2187, 0x2188, 0x2167, 0x29A8, 0x636F, 0x8CD4, 0x94F5, 0x530E, 0x324B, 0x3A4B, 0x324B,
        0x324B, 0x324B, 0x324B, 0x324B, 0x324B, 0x324B, 0x324B, 0x324B, 0x324B, 0x324B, 0x324B, 0x324B,
        0x324B, 0x324B, 0x324B, 0x324B, 0x324B, 0x324B, 0x324B, 0x3A8C, 0x7C52, 0x94F5, 0x7C73, 0x428B,
        0x2187, 0x2188, 0x2187, 0x2167, 0x2187, 0x2187, 0x2167, 0x2167, 0x2167, 0x2187, 0x2187, 0x2167,
        0x2167, 0x2167, 0x2167, 0x2167, 0x2167, 0x2167, 0x2167, 0x2167, 0x2167, 0x2187, 0x2187, 0x2167,
        0x2167, 0x2167, 0x2167, 0x2167, 0x2167, 0x2167, 0x2167, 0x2167, 0x2187, 0x2187, 0x2187, 0x2167,
        0x2167, 0x2167, 0x2187, 0x2187, 0x2187, 0x2167, 0x2167, 0x2167, 0x2167, 0x2167, 0x2167, 0x2188,
        0x2187, 0x2187, 0x2188, 0x2187, 0x2187, 0x4AAC, 0x7C73, 0x94F5, 0x7C53, 0x3A6B, 0x324B, 0x324B,
        0x324B, 0x324B, 0x324B, 0x324B, 0x324B, 0x324B, 0x324B, 0x324B, 0x324B, 0x324B, 0x324B, 0x324B,
        0x324B, 0x324B, 0x324B, 0x324B, 0x324B, 0x324B, 0x324B, 0x324B, 0x324B, 0x324B, 0x324B, 0x324B,
        0x324B, 0x324B, 0x324B, 0x324B, 0x324B, 0x324B, 0x324B, 0x324B, 0x324B, 0x324B, 0x324B, 0x324B,
        0x324B, 0x324B, 0x324B, 0x324B, 0x324B, 0x324B, 0x324B, 0x324B, 0x324B, 0x324B, 0x324B, 0x324B,
        0x324B, 0x324B, 0x324B, 0x324B, 0x324B, 0x324B, 0x324B, 0x324B, 0x324B, 0x324B, 0x324B, 0x324B,
        0x324B, 0x324B, 0x324B, 0x324B, 0x324B, 0x324B, 0x324B, 0x324B, 0x324B, 0x324B, 0x324B, 0x324B,
        0x324B, 0x324B, 0x324B, 0x324B, 0x324B, 0x324B, 0x324B, 0x324B, 0x324B, 0x324B, 0x324B, 0x324B,
        0x324B, 0x324B, 0x324B, 0x324B, 0x324B, 0x324B, 0x324B, 0x324B, 0x324B, 0x324B, 0x324B, 0x324B,
        0x324B, 0x324B, 0x324B, 0x324B, 0x324B, 0x324B, 0x324B, 0x324B, 0x324B, 0x324B, 0x324B, 0x324B,
        0x324B, 0x324B, 0x324B, 0x324B, 0x324B, 0x324B, 0x324B, 0x324B, 0x324B, 0x324B, 0x324B, 0x324B,
        0x324B, 0x324B, 0x324B, 0x324B, 0x324B, 0x324B, 0x324B, 0x324B, 0x324B, 0x324B, 0x324B, 0x324B,
        0x324B, 0x324B, 0x324B, 0x324B, 0x324B, 0x324B, 0x324B, 0x324B, 0x324B, 0x324B, 0x324B, 0x324B,
        0x324B, 0x324B, 0x324B, 0x324B, 0x324B, 0x324B, 0x324B, 0x324B, 0x324B, 0x324B, 0x6BD0, 0x84B4,
        0x84B4, 0x6BD1, 0x3A2A, 0x2167, 0x2988, 0x2167, 0x2167, 0x2187, 0x2187, 0x2187, 0x2187, 0x2167,
        0x2187, 0x2167, 0x2167, 0x2167, 0x2167, 0x2167, 0x2167, 0x2167, 0x2167, 0x2167, 0x2167, 0x2167,
        0x2167, 0x2167, 0x2167, 0x2167, 0x2167, 0x2167, 0x2167, 0x2167, 0x2167, 0x2167, 0x2167, 0x2167,
        0x2167, 0x2167, 0x2167, 0x2167, 0x2167, 0x2167, 0x2167, 0x2167, 0x2167, 0x2167, 0x2167, 0x2167,
        0x2167, 0x2167, 0x2167, 0x2167, 0x2188, 0x29A8, 0x2167, 0x29C8, 0x63B0, 0x94F5, 0x94F5, 0x63B0,
        0x3A6C, 0x3A4B, 0x324B, 0x324B, 0x324B, 0x324B, 0x324B, 0x324B, 0x324B, 0x324B, 0x324B, 0x324B,
        0x324B, 0x324B, 0x324B, 0x324B, 0x324B, 0x324B, 0x324B, 0x324B, 0x324B, 0x324B, 0x324B, 0x324B,
        0x3A6C, 0x7432, 0x94F5, 0x7C52, 0x3A4B, 0x2167, 0x2187, 0x2188, 0x2187, 0x2188, 0x2188, 0x2187,
        0x2187, 0x2187, 0x2187, 0x2167, 0x2187, 0x2187, 0x2167, 0x2167, 0x2167, 0x2167, 0x2167, 0x2167,
        0x2167, 0x2187, 0x2187, 0x2167, 0x2167, 0x2167, 0x2167, 0x2167, 0x2167, 0x2167, 0x2167, 0x2167,
        0x2167, 0x2167, 0x2167, 0x2167, 0x2167, 0x2167, 0x2187, 0x2187, 0x2187, 0x2167, 0x2167, 0x2167,
        0x2167, 0x2167, 0x2167, 0x2167, 0x2188, 0x2988, 0x2167, 0x2187, 0x29A8, 0x2167, 0x428C, 0x8493,
        0x94F5, 0x7C52, 0x3A4B, 0x324B, 0x324B, 0x324B, 0x324B, 0x324B, 0x324B, 0x324B, 0x324B, 0x324B,
        0x324B, 0x324B, 0x324B, 0x324B, 0x324B, 0x324B, 0x324B, 0x324B, 0x324B, 0x324B, 0x324B, 0x324B,
        0x324B, 0x324B, 0x324B, 0x324B, 0x324B, 0x324B, 0x324B, 0x324B, 0x324B, 0x324B, 0x324B, 0x324B,
        0x324B, 0x324B, 0x324B, 0x324B, 0x324B, 0x324B, 0x324B, 0x324B, 0x324B, 0x324B, 0x324B, 0x324B,
        0x324B, 0x324B, 0x324B, 0x324B, 0x324B, 0x324B, 0x324B, 0x324B, 0x324B, 0x324B, 0x324B, 0x324B,
        0x324B, 0x324B, 0x324B, 0x324B, 0x324B, 0x324B, 0x324B, 0x324B, 0x324B, 0x324B, 0x324B, 0x324B,
        0x324B, 0x324B, 0x324B, 0x324B, 0x324B, 0x324B, 0x324B, 0x324B, 0x324B, 0x324B, 0x324B, 0x324B,
        0x324B, 0x324B, 0x324B, 0x324B, 0x324B, 0x324B, 0x324B, 0x324B, 0x324B, 0x324B, 0x324B, 0x324B,
        0x324B, 0x324B, 0x324B, 0x324B, 0x324B, 0x324B, 0x324B, 0x324B, 0x324B, 0x324B, 0x324B, 0x324B,
        0x324B, 0x324B, 0x324B, 0x324B, 0x324B, 0x324B, 0x324B, 0x324B, 0x324B, 0x324B, 0x324B, 0x324B,
        0x324B, 0x324B, 0x324B, 0x324B, 0x324B, 0x324B, 0x324B, 0x324B, 0x324B, 0x324B, 0x324B, 0x324B,
        0x324B, 0x324B, 0x324B, 0x324B, 0x324B, 0x324B, 0x324B, 0x324B, 0x324B, 0x324B, 0x324B, 0x324B,
        0x324B, 0x324B, 0x324B, 0x324B, 0x324B, 0x324B, 0x324B, 0x324B, 0x324B, 0x324B, 0x324B, 0x324B,
        0x3A6C, 0x6BF1, 0x8CF5, 0x94F5, 0x5B4F, 0x29C8, 0x2988, 0x2187, 0x2188, 0x2188, 0x2187, 0x2187,
        0x2167, 0x2187, 0x2167, 0x2167, 0x2187, 0x2167, 0x2167, 0x2167, 0x2167, 0x2167, 0x2167, 0x2187,
        0x2167, 0x2167, 0x2167, 0x2167, 0x2167, 0x2167, 0x2187, 0x2167, 0x2167, 0x2167, 0x2167, 0x2167,
        0x2167, 0x2167, 0x2167, 0x2167, 0x2167, 0x2167, 0x2167, 0x2167, 0x2167, 0x2167, 0x2187, 0x2167,
        0x2167, 0x2167, 0x2167, 0x2167, 0x2167, 0x2167, 0x2167, 0x2167, 0x2167, 0x2167, 0x29A8, 0x638F,
        0x8CF5, 0x8494, 0x3A6C, 0x324B, 0x324B, 0x324B, 0x324B, 0x324B, 0x324B, 0x324B, 0x324B, 0x324B,
        0x324B, 0x324B, 0x324B, 0x324B, 0x324B, 0x324B, 0x324B, 0x324B, 0x324B, 0x324B, 0x324B, 0x324B,
        0x324B, 0x324B, 0x324B, 0x324B, 0x324B, 0x3A4B, 0x7C53, 0x94F5, 0x7432, 0x3A2A, 0x2188, 0x2988,
        0x2167, 0x2167, 0x2187, 0x2187, 0x2187, 0x2167, 0x2187, 0x2167, 0x2167, 0x2167, 0x2167, 0x2167,
        0x2167, 0x2167, 0x2167, 0x2167, 0x2167, 0x2167, 0x2187, 0x2167, 0x2167, 0x2167, 0x2167, 0x2167,
        0x2167, 0x2167, 0x2167, 0x2167, 0x2167, 0x2167, 0x2167, 0x2167, 0x2167, 0x2167, 0x2167, 0x2187,
        0x2187, 0x2167, 0x2167, 0x2167, 0x2167, 0x2167, 0x2167, 0x2187, 0x2187, 0x2187, 0x2167, 0x2187,
        0x2187, 0x2187, 0x2167, 0x4AAC, 0x8493, 0x94F5, 0x7411, 0x3A4B, 0x324B, 0x324B, 0x324B, 0x324B,
        0x324B, 0x324B, 0x324B, 0x324B, 0x324B, 0x324B, 0x324B, 0x324B, 0x324B, 0x324B, 0x324B, 0x324B,
        0x324B, 0x324B, 0x324B, 0x324B, 0x324B, 0x324B, 0x324B, 0x324B, 0x324B, 0x324B, 0x324B, 0x324B,
        0x324B, 0x324B, 0x324B, 0x324B, 0x324B, 0x324B, 0x324B, 0x324B, 0x324B, 0x324B, 0x324B, 0x324B,
        0x324B, 0x324B, 0x324B, 0x324B, 0x324B, 0x324B, 0x324B, 0x324B, 0x324B, 0x324B, 0x324B, 0x324B,
        0x324B, 0x324B, 0x324B, 0x324B, 0x324B, 0x324B, 0x324B, 0x324B, 0x324B, 0x324B, 0x324B, 0x324B,
        0x324B, 0x324B, 0x324B, 0x324B, 0x324B, 0x324B, 0x324B, 0x324B, 0x324B, 0x324B, 0x324B, 0x324B,
        0x324B, 0x324B, 0x324B, 0x324B, 0x324B, 0x324B, 0x324B, 0x324B, 0x324B, 0x324B, 0x324B, 0x324B,
        0x324B, 0x324B, 0x324B, 0x324B, 0x324B, 0x324B, 0x324B, 0x324B, 0x324B, 0x324B, 0x324B, 0x324B,
        0x324B, 0x324B, 0x324B, 0x324B, 0x324B, 0x324B, 0x324B, 0x324B, 0x324B, 0x324B, 0x324B, 0x324B,
        0x324B, 0x324B, 0x324B, 0x324B, 0x324B, 0x324B, 0x324B, 0x324B, 0x324B, 0x324B, 0x324B, 0x324B,
        0x324B, 0x324B, 0x324B, 0x324B, 0x324B, 0x324B, 0x324B, 0x324B, 0x324B, 0x324B, 0x324B, 0x324B,
        0x324B, 0x324B, 0x324B, 0x324B, 0x324B, 0x324B, 0x324B, 0x324B, 0x324B, 0x324B, 0x324B, 0x324B,
        0x324B, 0x324B, 0x3A4B, 0x324B, 0x63B0, 0x94F5, 0x8CF5, 0x636F, 0x29C9, 0x2187, 0x2188, 0x2187,
        0x2188, 0x2188, 0x2187, 0x2187, 0x2167, 0x2167, 0x2167, 0x2167, 0x2187, 0x2167, 0x2167, 0x2167,
        0x2167, 0x2167, 0x2167, 0x2187, 0x2167, 0x2167, 0x2167, 0x2167, 0x2167, 0x2167, 0x2187, 0x2167,
        0x2167, 0x2167, 0x2167, 0x2167, 0x2167, 0x2167, 0x2167, 0x2167, 0x2167, 0x2167, 0x2167, 0x2167,
        0x2167, 0x2167, 0x2167, 0x2167, 0x2167, 0x2167, 0x2167, 0x2167, 0x2167, 0x2167, 0x2167, 0x2187,
        0x2167, 0x29A8, 0x6390, 0x8CD5, 0x94F5, 0x428C, 0x324B, 0x324B, 0x324B, 0x324B, 0x324B, 0x324B,
        0x324B, 0x324B, 0x324B, 0x324B, 0x324B, 0x324B, 0x324B, 0x324B, 0x324B, 0x324B, 0x324B, 0x324B,
        0x324B, 0x324B, 0x324B, 0x324B, 0x324B, 0x324B, 0x324B, 0x324B, 0x324B, 0x324B, 0x3A6C, 0x7C73,
        0x94F5, 0x7412, 0x3A4A, 0x2988, 0x2167, 0x2167, 0x2167, 0x2187, 0x2188, 0x2187, 0x2167, 0x2167,
        0x2167, 0x2167, 0x2167, 0x2167, 0x2167, 0x2167, 0x2167, 0x2167, 0x2167, 0x2167, 0x2167, 0x2167,
        0x2167, 0x2167, 0x2167, 0x2167, 0x2167, 0x2167, 0x2167, 0x2167, 0x2167, 0x2167, 0x2167, 0x2167,
        0x2167, 0x2167, 0x2167, 0x2167, 0x2167, 0x2167, 0x2187, 0x2167, 0x2167, 0x2167, 0x2167, 0x2167,
        0x2187, 0x2167, 0x2167, 0x2167, 0x2167, 0x2187, 0x2187, 0x2167, 0x4AAC, 0x8493, 0x94F5, 0x7412,
        0x3A4B, 0x324B, 0x324B, 0x324B, 0x324B, 0x324B, 0x324B, 0x324B, 0x324B, 0x324B, 0x324B, 0x324B,
        0x324B, 0x324B, 0x324B, 0x324B, 0x324B, 0x324B, 0x324B, 0x324B, 0x324B, 0x324B, 0x324B, 0x324B,
        0x324B, 0x324B, 0x324B, 0x324B, 0x324B, 0x324B, 0x324B, 0x324B, 0x324B, 0x324B, 0x324B, 0x324B,
        0x324B, 0x324B, 0x324B, 0x324B, 0x324B, 0x324B, 0x324B, 0x324B, 0x324B, 0x324B, 0x324B, 0x324B,
        0x324B, 0x324B, 0x324B, 0x324B, 0x324B, 0x324B, 0x324B, 0x324B, 0x324B, 0x324B, 0x324B, 0x324B,
        0x324B, 0x324B, 0x324B, 0x324B, 0x324B, 0x324B, 0x324B, 0x324B, 0x324B, 0x324B, 0x324B, 0x324B,
        0x324B, 0x324B, 0x324B, 0x324B, 0x324B, 0x324B, 0x324B, 0x324B, 0x324B, 0x324B, 0x324B, 0x324B,
        0x324B, 0x324B, 0x324B, 0x324B, 0x324B, 0x324B, 0x324B, 0x324B, 0x324B, 0x324B, 0x324B, 0x324B,
        0x324B, 0x324B, 0x324B, 0x324B, 0x324B, 0x324B, 0x324B, 0x324B, 0x324B, 0x324B, 0x324B, 0x324B,
        0x324B, 0x324B, 0x324B, 0x324B, 0x324B, 0x324B, 0x324B, 0x324B, 0x324B, 0x324B, 0x324B, 0x324B,
        0x324B, 0x324B, 0x324B, 0x324B, 0x324B, 0x324B, 0x324B, 0x324B, 0x324B, 0x324B, 0x324B, 0x324B,
        0x324B, 0x324B, 0x324B, 0x324B, 0x324B, 0x324B, 0x324B, 0x324B, 0x324B, 0x324B, 0x324B, 0x324B,
        0x324B, 0x324B, 0x324B, 0x324B, 0x324B, 0x324B, 0x324B, 0x42AD, 0x8493, 0x8CF5, 0x6BB0, 0x29A8,
        0x2187, 0x2988, 0x2187, 0x2187, 0x2187, 0x2187, 0x2167, 0x2167, 0x2167, 0x2167, 0x2167, 0x2167,
        0x2167, 0x2167, 0x2167, 0x2167, 0x2167, 0x2167, 0x2167, 0x2167, 0x2167, 0x2167, 0x2167, 0x2167,
        0x2167, 0x2187, 0x2167, 0x2187, 0x2167, 0x2167, 0x2167, 0x2167, 0x2167, 0x2167, 0x2167, 0x2167,
        0x2167, 0x2167, 0x2187, 0x2167, 0x2167, 0x2167, 0x2167, 0x2167, 0x2167, 0x2167, 0x2167, 0x2167,
        0x2167, 0x2187, 0x2167, 0x2187, 0x2188, 0x5B2E, 0x8CD4, 0x94F5, 0x63B0, 0x3A6B, 0x324B, 0x324B,
        0x324B, 0x324B, 0x324B, 0x324B, 0x324B, 0x324B, 0x324B, 0x324B, 0x324B, 0x324B, 0x324B, 0x324B,
        0x324B, 0x324B, 0x324B, 0x324B, 0x324B, 0x324B, 0x324B, 0x324B, 0x324B, 0x324B, 0x324B, 0x324B,
        0x324B, 0x324B, 0x324B, 0x3A8C, 0x7C73, 0x94F5, 0x7412, 0x3A2A, 0x2187, 0x2988, 0x2188, 0x2187,
        0x2187, 0x2188, 0x2187, 0x2167, 0x2187, 0x2167, 0x2187, 0x2187, 0x2187, 0x2167, 0x2167, 0x2167,
        0x2167, 0x2167, 0x2167, 0x2187, 0x2167, 0x2167, 0x2167, 0x2167, 0x2167, 0x2167, 0x2167, 0x2167,
        0x2167, 0x2187, 0x2167, 0x2167, 0x2167, 0x2167, 0x2167, 0x2167, 0x2167, 0x2167, 0x2187, 0x2187,
        0x2167, 0x2167, 0x2167, 0x2167, 0x2187, 0x2187, 0x2187, 0x2167, 0x2167, 0x2187, 0x2167, 0x2187,
        0x2147, 0x4AAC, 0x84B4, 0x94F5, 0x7432, 0x3A6C, 0x324B, 0x324B, 0x324B, 0x324B, 0x324B, 0x324B,
        0x324B, 0x324B, 0x324B, 0x324B, 0x324B, 0x324B, 0x324B, 0x324B, 0x324B, 0x324B, 0x324B, 0x324B,
        0x324B, 0x324B, 0x324B, 0x324B, 0x324B, 0x324B, 0x324B, 0x324B, 0x324B, 0x324B, 0x324B, 0x324B,
        0x324B, 0x324B, 0x324B, 0x324B, 0x324B, 0x324B, 0x324B, 0x324B, 0x324B, 0x324B, 0x324B, 0x324B,
        0x324B, 0x324B, 0x324B, 0x324B, 0x324B, 0x324B, 0x324B, 0x324B, 0x324B, 0x324B, 0x324B, 0x324B,
        0x324B, 0x324B, 0x324B, 0x324B, 0x324B, 0x324B, 0x324B, 0x324B, 0x324B, 0x324B, 0x324B, 0x324B,
        0x324B, 0x324B, 0x324B, 0x324B, 0x324B, 0x324B, 0x324B, 0x324B, 0x324B, 0x324B, 0x324B, 0x324B,
        0x324B, 0x324B, 0x324B, 0x324B, 0x324B, 0x324B, 0x324B, 0x324B, 0x324B, 0x324B, 0x324B, 0x324B,
        0x324B, 0x324B, 0x324B, 0x324B, 0x324B, 0x324B, 0x324B, 0x324B, 0x324B, 0x324B, 0x324B, 0x324B,
        0x324B, 0x324B, 0x324B, 0x324B, 0x324B, 0x324B, 0x324B, 0x324B, 0x324B, 0x324B, 0x324B, 0x324B,
        0x324B, 0x324B, 0x324B, 0x324B, 0x324B, 0x324B, 0x324B, 0x324B, 0x324B, 0x324B, 0x324B, 0x324B,
        0x324B, 0x324B, 0x324B, 0x324B, 0x324B, 0x324B, 0x324B, 0x324B, 0x324B, 0x324B, 0x324B, 0x324B,
        0x324B, 0x324B, 0x324B, 0x324B, 0x324B, 0x324B, 0x324B, 0x324B, 0x324B, 0x324B, 0x42AD, 0x84B4,
        0x94F5, 0x6BF1, 0x29C9, 0x2988, 0x2188, 0x2188, 0x2187, 0x2187, 0x2187, 0x2167, 0x2167, 0x2167,
        0x2167, 0x2167, 0x2167, 0x2167, 0x2167, 0x2187, 0x2167, 0x2167, 0x2167, 0x2167, 0x2167, 0x2167,
        0x2167, 0x2167, 0x2167, 0x2167, 0x2167, 0x2187, 0x2187, 0x2187, 0x2167, 0x2167, 0x2167, 0x2167,
        0x2167, 0x2167, 0x2167, 0x2167, 0x2167, 0x2167, 0x2167, 0x2167, 0x2167, 0x2167, 0x2167, 0x2167,
        0x2167, 0x2187, 0x2187, 0x2187, 0x2187, 0x2188, 0x2167, 0x29A8, 0x5B2E, 0x8CB4, 0x94F5, 0x6BD1,
        0x324B, 0x324B, 0x324B, 0x324B, 0x324B, 0x324B, 0x324B, 0x324B, 0x324B, 0x324B, 0x324B, 0x324B,
        0x324B, 0x324B, 0x324B, 0x324B, 0x324B, 0x324B, 0x324B, 0x324B, 0x324B, 0x324B, 0x324B, 0x324B,
        0x324B, 0x324B, 0x324B, 0x324B, 0x324B, 0x324B, 0x324B, 0x324B, 0x3A8C, 0x7C52, 0x94F5, 0x7412,
        0x3209, 0x29A8, 0x2988, 0x2188, 0x2187, 0x2187, 0x2188, 0x2187, 0x2167, 0x2187, 0x2187, 0x2187,
        0x2187, 0x2167, 0x2167, 0x2167, 0x2167, 0x2167, 0x2187, 0x2167, 0x2167, 0x2167, 0x2167, 0x2167,
        0x2167, 0x2167, 0x2167, 0x2167, 0x2167, 0x2167, 0x2167, 0x2167, 0x2167, 0x2167, 0x2167, 0x2167,
        0x2167, 0x2167, 0x2167, 0x2167, 0x2167, 0x2187, 0x2167, 0x2167, 0x2167, 0x2187, 0x2187, 0x2167,
        0x2167, 0x2167, 0x2167, 0x2167, 0x2187, 0x2187, 0x52ED, 0x84B4, 0x94F5, 0x7C32, 0x3A6B, 0x324B,
        0x324B, 0x324B, 0x324B, 0x324B, 0x324B, 0x324B, 0x324B, 0x324B, 0x324B, 0x324B, 0x324B, 0x324B,
        0x324B, 0x324B, 0x324B, 0x324B, 0x324B, 0x324B, 0x324B, 0x324B, 0x324B, 0x324B, 0x324B, 0x324B,
        0x324B, 0x324B, 0x324B, 0x324B, 0x324B, 0x324B, 0x324B, 0x324B, 0x324B, 0x324B, 0x324B, 0x324B,
        0x324B, 0x324B, 0x324B, 0x324B, 0x324B, 0x324B, 0x324B, 0x324B, 0x324B, 0x324B, 0x324B, 0x324B,
        0x324B, 0x324B, 0x324B, 0x324B, 0x324B, 0x324B, 0x324B, 0x324B, 0x324B, 0x324B, 0x324B, 0x324B,
        0x324B, 0x324B, 0x324B, 0x324B, 0x324B, 0x324B, 0x324B, 0x324B, 0x324B, 0x324B, 0x324B, 0x324B,
        0x324B, 0x324B, 0x324B, 0x324B, 0x324B, 0x324B, 0x324B, 0x324B, 0x324B, 0x324B, 0x324B, 0x324B,
        0x324B, 0x324B, 0x324B, 0x324B, 0x324B, 0x324B, 0x324B, 0x324B, 0x324B, 0x324B, 0x324B, 0x324B,
        0x324B, 0x324B, 0x324B, 0x324B, 0x324B, 0x324B, 0x324B, 0x324B, 0x324B, 0x324B, 0x324B, 0x324B,
        0x324B, 0x324B, 0x324B, 0x324B, 0x324B, 0x324B, 0x324B, 0x324B, 0x324B, 0x324B, 0x324B, 0x324B,
        0x324B, 0x324B, 0x324B, 0x324B, 0x324B, 0x324B, 0x324B, 0x324B, 0x324B, 0x324B, 0x324B, 0x324B,
        0x324B, 0x324B, 0x324B, 0x324B, 0x324B, 0x324B, 0x324B, 0x324B, 0x324B, 0x324B, 0x324B, 0x324B,
        0x324B, 0x42AD, 0x84B4, 0x94F5, 0x6390, 0x31E9, 0x2988, 0x2988, 0x2188, 0x2188, 0x2167, 0x2167,
        0x2167, 0x2167, 0x2167, 0x2167, 0x2167, 0x2167, 0x2167, 0x2167, 0x2167, 0x2167, 0x2167, 0x2167,
        0x2167, 0x2167, 0x2167, 0x2167, 0x2167, 0x2167, 0x2167, 0x2167, 0x2167, 0x2167, 0x2167, 0x2167,
        0x2167, 0x2167, 0x2167, 0x2167, 0x2167, 0x2167, 0x2167, 0x2167, 0x2167, 0x2167, 0x2167, 0x2167,
        0x2167, 0x2167, 0x2167, 0x2167, 0x2187, 0x2187, 0x2188, 0x2167, 0x2187, 0x2188, 0x2988, 0x5B4E,
        0x8CD4, 0x94F5, 0x7452, 0x324B, 0x324B, 0x324B, 0x324B, 0x324B, 0x324B, 0x324B, 0x324B, 0x324B,
        0x324B, 0x324B, 0x324B, 0x324B, 0x324B, 0x324B, 0x324B, 0x324B, 0x324B, 0x324B, 0x324B, 0x324B,
        0x324B, 0x324B, 0x324B, 0x324B, 0x324B, 0x324B, 0x324B, 0x324B, 0x324B, 0x324B, 0x324B, 0x324B,
        0x324B, 0x3A6C, 0x7C73, 0x94F5, 0x7C52, 0x4AAC, 0x2167, 0x2988, 0x2188, 0x2167, 0x2188, 0x2188,
        0x2187, 0x2188, 0x2187, 0x2167, 0x2187, 0x2167, 0x2167, 0x2167, 0x2167, 0x2187, 0x2188, 0x2187,
        0x2167, 0x2167, 0x2187, 0x2187, 0x2167, 0x2167, 0x2187, 0x2187, 0x2167, 0x2187, 0x2187, 0x2167,
        0x2187, 0x2187, 0x2167, 0x2167, 0x2167, 0x2167, 0x2167, 0x2167, 0x2187, 0x2187, 0x2167, 0x2167,
        0x2167, 0x2187, 0x2187, 0x2167, 0x2167, 0x2167, 0x2167, 0x2167, 0x2187, 0x2988, 0x2188, 0x530D,
        0x84B4, 0x94F5, 0x6BF1, 0x324B, 0x324B, 0x324B, 0x324B, 0x324B, 0x324B, 0x324B, 0x324B, 0x324B,
        0x324B, 0x324B, 0x324B, 0x324B, 0x324B, 0x324B, 0x324B, 0x324B, 0x324B, 0x324B, 0x324B, 0x324B,
        0x324B, 0x324B, 0x324B, 0x324B, 0x324B, 0x324B, 0x324B, 0x324B, 0x324B, 0x324B, 0x324B, 0x324B,
        0x324B, 0x324B, 0x324B, 0x324B, 0x324B, 0x324B, 0x324B, 0x324B, 0x324B, 0x324B, 0x324B, 0x324B,
        0x324B, 0x324B, 0x324B, 0x324B, 0x324B, 0x324B, 0x324B, 0x324B, 0x324B, 0x324B, 0x324B, 0x324B,
        0x324B, 0x324B, 0x324B, 0x324B, 0x324B, 0x324B, 0x324B, 0x324B, 0x324B, 0x324B, 0x324B, 0x324B,
        0x324B, 0x324B, 0x324B, 0x324B, 0x324B, 0x324B, 0x324B, 0x324B, 0x324B, 0x324B, 0x324B, 0x324B,
        0x324B, 0x324B, 0x324B, 0x324B, 0x324B, 0x324B, 0x324B, 0x324B, 0x324B, 0x324B, 0x324B, 0x324B,
        0x324B, 0x324B, 0x324B, 0x324B, 0x324B, 0x324B, 0x324B, 0x324B, 0x324B, 0x324B, 0x324B, 0x324B,
        0x324B, 0x324B, 0x324B, 0x324B, 0x324B, 0x324B, 0x324B, 0x324B, 0x324B, 0x324B, 0x324B, 0x324B,
        0x324B, 0x324B, 0x324B, 0x324B, 0x324B, 0x324B, 0x324B, 0x324B, 0x324B, 0x324B, 0x324B, 0x324B,
        0x324B, 0x324B, 0x324B, 0x324B, 0x324B, 0x324B, 0x324B, 0x324B, 0x324B, 0x324B, 0x324B, 0x324B,
        0x324B, 0x324B, 0x324B, 0x324B, 0x428C, 0x84B4, 0x94F5, 0x6BD1, 0x31E9, 0x2167, 0x2988, 0x2187,
        0x2188, 0x2187, 0x2187, 0x2167, 0x2167, 0x2187, 0x2167, 0x2167, 0x2167, 0x2167, 0x2167, 0x2167,
        0x2167, 0x2167, 0x2167, 0x2167, 0x2167, 0x2167, 0x2167, 0x2167, 0x2167, 0x2167, 0x2167, 0x2167,
        0x2167, 0x2167, 0x2167, 0x2167, 0x2167, 0x2167, 0x2167, 0x2167, 0x2167, 0x2167, 0x2167, 0x2167,
        0x2167, 0x2167, 0x2167, 0x2167, 0x2167, 0x2167, 0x2167, 0x2167, 0x2187, 0x2167, 0x2187, 0x2188,
        0x2187, 0x2988, 0x5B4E, 0x8CB4, 0x94F5, 0x7432, 0x324B, 0x324B, 0x324B, 0x324B, 0x324B, 0x324B,
        0x324B, 0x324B, 0x324B, 0x324B, 0x324B, 0x324B, 0x324B, 0x324B, 0x324B, 0x324B, 0x324B, 0x324B,
        0x324B, 0x324B, 0x324B, 0x324B, 0x324B, 0x324B, 0x324B, 0x324B, 0x324B, 0x324B, 0x324B, 0x324B,
        0x324B, 0x324B, 0x324B, 0x324B, 0x324B, 0x324B, 0x3A6C, 0x7C73, 0x8CF5, 0x7C73, 0x4AAC, 0x2188,
        0x2988, 0x29A8, 0x2187, 0x2187, 0x2187, 0x2188, 0x2188, 0x2167, 0x2167, 0x2167, 0x2167, 0x2167,
        0x2167, 0x2167, 0x2187, 0x2187, 0x2167, 0x2187, 0x2167, 0x2187, 0x2188, 0x2187, 0x2187, 0x2167,
        0x2167, 0x2167, 0x2167, 0x2167, 0x2167, 0x2187, 0x2167, 0x2167, 0x2187, 0x2167, 0x2167, 0x2167,
        0x2167, 0x2167, 0x2167, 0x2167, 0x2167, 0x2167, 0x2167, 0x2167, 0x2167, 0x2167, 0x2167, 0x2167,
        0x2187, 0x2988, 0x2187, 0x2187, 0x530E, 0x8CB4, 0x94F5, 0x6BB0, 0x3A4B, 0x324B, 0x324B, 0x324B,
        0x324B, 0x324B, 0x324B, 0x324B, 0x324B, 0x324B, 0x324B, 0x324B, 0x324B, 0x324B, 0x324B, 0x324B,
        0x324B, 0x324B, 0x324B, 0x324B, 0x324B, 0x324B, 0x324B, 0x324B, 0x324B, 0x324B, 0x324B, 0x324B,
        0x324B, 0x324B, 0x324B, 0x324B, 0x324B, 0x324B, 0x324B, 0x324B, 0x324B, 0x324B, 0x324B, 0x324B,
        0x324B, 0x324B, 0x324B, 0x324B, 0x324B, 0x324B, 0x324B, 0x324B, 0x324B, 0x324B, 0x324B, 0x324B,
        0x324B, 0x324B, 0x324B, 0x324B, 0x324B, 0x324B, 0x324B, 0x324B, 0x324B, 0x324B, 0x324B, 0x324B,
        0x324B, 0x324B, 0x324B, 0x324B, 0x324B, 0x324B, 0x324B, 0x324B, 0x324B, 0x324B, 0x324B, 0x324B,
        0x324B, 0x324B, 0x324B, 0x324B, 0x324B, 0x324B, 0x324B, 0x324B, 0x324B, 0x324B, 0x324B, 0x324B,
        0x324B, 0x324B, 0x324B, 0x324B, 0x324B, 0x324B, 0x324B, 0x324B, 0x324B, 0x324B, 0x324B, 0x324B,
        0x324B, 0x324B, 0x324B, 0x324B, 0x324B, 0x324B, 0x324B, 0x324B, 0x324B, 0x324B, 0x324B, 0x324B,
        0x324B, 0x324B, 0x324B, 0x324B, 0x324B, 0x324B, 0x324B, 0x324B, 0x324B, 0x324B, 0x324B, 0x324B,
        0x324B, 0x324B, 0x324B, 0x324B, 0x324B, 0x324B, 0x324B, 0x324B, 0x324B, 0x324B, 0x324B, 0x324B,
        0x324B, 0x324B, 0x324B, 0x324B, 0x324B, 0x324B, 0x324B, 0x42AD, 0x84B4, 0x94F5, 0x6BD0, 0x31E9,
        0x2988, 0x2188, 0x2187, 0x29A8, 0x2187, 0x2167, 0x2187, 0x2167, 0x2167, 0x2187, 0x2167, 0x2167,
        0x2167, 0x2167, 0x2167, 0x2167, 0x2167, 0x2167, 0x2167, 0x2167, 0x2167, 0x2167, 0x2167, 0x2167,
        0x2167, 0x2167, 0x2167, 0x2167, 0x2167, 0x2167, 0x2167, 0x2167, 0x2167, 0x2167, 0x2167, 0x2167,
        0x2167, 0x2167, 0x2167, 0x2167, 0x2167, 0x2167, 0x2167, 0x2167, 0x2167, 0x2167, 0x2167, 0x2167,
        0x2167, 0x2167, 0x2188, 0x2188, 0x2167, 0x5B4E, 0x8CD4, 0x94F5, 0x7412, 0x324B, 0x324B, 0x324B,
        0x324B, 0x324B, 0x324B, 0x324B, 0x324B, 0x324B, 0x324B, 0x324B, 0x324B, 0x324B, 0x324B, 0x324B,
        0x324B, 0x324B, 0x324B, 0x324B, 0x324B, 0x324B, 0x324B, 0x324B, 0x324B, 0x324B, 0x324B, 0x324B,
        0x324B, 0x324B, 0x324B, 0x324B, 0x324B, 0x324B, 0x324B, 0x324B, 0x324B, 0x324B, 0x324B, 0x42AC,
        0x94F5, 0x94F5, 0x8494, 0x4AAC, 0x29A8, 0x29A8, 0x2188, 0x2187, 0x2988, 0x2188, 0x2188, 0x2167,
        0x2167, 0x2167, 0x2167, 0x2167, 0x2167, 0x2167, 0x2167, 0x2167, 0x2167, 0x2187, 0x2167, 0x2167,
        0x2187, 0x2187, 0x2187, 0x2167, 0x2167, 0x2167, 0x2167, 0x2167, 0x2167, 0x2167, 0x2167, 0x2167,
        0x2167, 0x2167, 0x2187, 0x2167, 0x2167, 0x2167, 0x2167, 0x2167, 0x2167, 0x2167, 0x2167, 0x2167,
        0x2187, 0x2187, 0x2167, 0x2167, 0x2187, 0x2167, 0x29A8, 0x2188, 0x2988, 0x5B4E, 0x8CF5, 0x8CF5,
        0x6BB0, 0x322B, 0x324B, 0x324B, 0x324B, 0x324B, 0x324B, 0x324B, 0x324B, 0x324B, 0x324B, 0x324B,
        0x324B, 0x324B, 0x324B, 0x324B, 0x324B, 0x324B, 0x324B, 0x324B, 0x324B, 0x324B, 0x324B, 0x324B,
        0x324B, 0x324B, 0x324B, 0x324B, 0x324B, 0x324B, 0x324B, 0x324B, 0x324B, 0x324B, 0x324B, 0x324B,
        0x324B, 0x324B, 0x324B, 0x324B, 0x324B, 0x324B, 0x324B, 0x324B, 0x324B, 0x324B, 0x324B, 0x324B,
        0x324B, 0x324B, 0x324B, 0x324B, 0x324B, 0x324B, 0x324B, 0x324B, 0x324B, 0x324B, 0x324B, 0x324B,
        0x324B, 0x324B, 0x324B, 0x324B, 0x324B, 0x324B, 0x324B, 0x324B, 0x324B, 0x324B, 0x324B, 0x324B,
        0x324B, 0x324B, 0x324B, 0x324B, 0x324B, 0x324B, 0x324B, 0x324B, 0x324B, 0x324B, 0x324B, 0x324B,
        0x324B, 0x324B, 0x324B, 0x324B, 0x324B, 0x324B, 0x324B, 0x324B, 0x324B, 0x324B, 0x324B, 0x324B,
        0x324B, 0x324B, 0x324B, 0x324B, 0x324B, 0x324B, 0x324B, 0x324B, 0x324B, 0x324B, 0x324B, 0x324B,
        0x324B, 0x324B, 0x324B, 0x324B, 0x324B, 0x324B, 0x324B, 0x324B, 0x324B, 0x324B, 0x324B, 0x324B,
        0x324B, 0x324B, 0x324B, 0x324B, 0x324B, 0x324B, 0x324B, 0x324B, 0x324B, 0x324B, 0x324B, 0x324B,
        0x324B, 0x324B, 0x324B, 0x324B, 0x324B, 0x324B, 0x324B, 0x324B, 0x324B, 0x324B, 0x42AD, 0x84B4,
        0x8CF5, 0x6BD1, 0x31E9, 0x29A8, 0x2188, 0x2187, 0x2167, 0x2167, 0x2167, 0x2187, 0x2167, 0x2167,
        0x2167, 0x2167, 0x2167, 0x2167, 0x2167, 0x2167, 0x2167, 0x2167, 0x2167, 0x2167, 0x2167, 0x2167,
        0x2167, 0x2167, 0x2167, 0x2167, 0x2167, 0x2167, 0x2167, 0x2167, 0x2167, 0x2167, 0x2187, 0x2167,
        0x2167, 0x2167, 0x2167, 0x2167, 0x2167, 0x2167, 0x2167, 0x2167, 0x2167, 0x2167, 0x2167, 0x2187,
        0x2167, 0x2167, 0x2188, 0x2187, 0x2167, 0x2167, 0x2187, 0x2167, 0x530E, 0x84B4, 0x94F5, 0x7432,
        0x324B, 0x324B, 0x324B, 0x324B, 0x324B, 0x324B, 0x324B, 0x324B, 0x324B, 0x324B, 0x324B, 0x324B,
        0x324B, 0x324B, 0x324B, 0x324B, 0x324B, 0x324B, 0x324B, 0x324B, 0x324B, 0x324B, 0x324B, 0x324B,
        0x324B, 0x324B, 0x324B, 0x324B, 0x324B, 0x324B, 0x324B, 0x324B, 0x324B, 0x324B, 0x324B, 0x324B,
        0x324B, 0x324B, 0x324B, 0x3A6C, 0x532E, 0x7432, 0x94F5, 0x7C73, 0x426B, 0x29A8, 0x29A8, 0x2187,
        0x2187, 0x2187, 0x2188, 0x2187, 0x2167, 0x2167, 0x2167, 0x2167, 0x2187, 0x2187, 0x2167, 0x2167,
        0x2187, 0x2187, 0x2167, 0x2167, 0x2187, 0x2187, 0x2187, 0x2167, 0x2167, 0x2167, 0x2167, 0x2167,
        0x2187, 0x2187, 0x2167, 0x2167, 0x2167, 0x2187, 0x2187, 0x2167, 0x2167, 0x2167, 0x2167, 0x2167,
        0x2167, 0x2167, 0x2167, 0x2167, 0x2167, 0x2167, 0x2167, 0x2167, 0x2167, 0x2187, 0x2188, 0x2188,
        0x2188, 0x2187, 0x5B4E, 0x8CD4, 0x8CD5, 0x6BD1, 0x3A6C, 0x324B, 0x324B, 0x324B, 0x324B, 0x324B,
        0x324B, 0x324B, 0x324B, 0x324B, 0x324B, 0x324B, 0x324B, 0x324B, 0x324B, 0x324B, 0x324B, 0x324B,
        0x324B, 0x324B, 0x324B, 0x324B, 0x324B, 0x324B, 0x324B, 0x324B, 0x324B, 0x324B, 0x324B, 0x324B,
        0x324B, 0x324B, 0x324B, 0x324B, 0x324B, 0x324B, 0x324B, 0x324B, 0x324B, 0x324B, 0x324B, 0x324B,
        0x324B, 0x324B, 0x324B, 0x324B, 0x324B, 0x324B, 0x324B, 0x324B, 0x324B, 0x324B, 0x324B, 0x324B,
        0x324B, 0x324B, 0x324B, 0x324B, 0x324B, 0x324B, 0x324B, 0x324B, 0x324B, 0x324B, 0x324B, 0x324B,
        0x324B, 0x324B, 0x324B, 0x324B, 0x324B, 0x324B, 0x324B, 0x324B, 0x324B, 0x324B, 0x324B, 0x324B,
        0x324B, 0x324B, 0x324B, 0x324B, 0x324B, 0x324B, 0x324B, 0x324B, 0x324B, 0x324B, 0x324B, 0x324B,
        0x324B, 0x324B, 0x324B, 0x324B, 0x324B, 0x324B, 0x324B, 0x324B, 0x324B, 0x324B, 0x324B, 0x324B,
        0x324B, 0x324B, 0x324B, 0x324B, 0x324B, 0x324B, 0x324B, 0x324B, 0x324B, 0x324B, 0x324B, 0x324B,
        0x324B, 0x324B, 0x324B, 0x324B, 0x324B, 0x324B, 0x324B, 0x324B, 0x324B, 0x324B, 0x324B, 0x324B,
        0x324B, 0x324B, 0x324B, 0x324B, 0x324B, 0x324B, 0x324B, 0x324B, 0x324B, 0x324B, 0x324B, 0x324B,
        0x324B, 0x42AD, 0x84B4, 0x94F5, 0x7412, 0x3A2A, 0x2167, 0x2187, 0x2187, 0x2167, 0x2167, 0x2167,
        0x2167, 0x2167, 0x2167, 0x2167, 0x2167, 0x2167, 0x2167, 0x2167, 0x2167, 0x2167, 0x2167, 0x2167,
        0x2167, 0x2187, 0x2167, 0x2167, 0x2167, 0x2167, 0x2167, 0x2167, 0x2167, 0x2167, 0x2167, 0x2167,
        0x2167, 0x2167, 0x2167, 0x2167, 0x2167, 0x2167, 0x2167, 0x2167, 0x2167, 0x2167, 0x2167, 0x2167,
        0x2167, 0x2167, 0x2167, 0x2167, 0x2167, 0x2167, 0x2187, 0x2167, 0x2187, 0x2167, 0x2167, 0x530D,
        0x8CB4, 0x94F5, 0x7412, 0x3A6C, 0x324B, 0x324B, 0x324B, 0x324B, 0x324B, 0x324B, 0x324B, 0x324B,
        0x324B, 0x324B, 0x324B, 0x324B, 0x324B, 0x324B, 0x324B, 0x324B, 0x324B, 0x324B, 0x324B, 0x324B,
        0x324B, 0x324B, 0x324B, 0x324B, 0x324B, 0x324B, 0x324B, 0x324B, 0x324B, 0x324B, 0x324B, 0x324B,
        0x324B, 0x324B, 0x324B, 0x324B, 0x324B, 0x324B, 0x324B, 0x324B, 0x324B, 0x3A6C, 0x7C52, 0x94F5,
        0x7C53, 0x426B, 0x29A8, 0x29A8, 0x2187, 0x2167, 0x2188, 0x2188, 0x2187, 0x2167, 0x2167, 0x2167,
        0x2167, 0x2167, 0x2167, 0x2167, 0x2167, 0x2167, 0x2167, 0x2167, 0x2167, 0x2187, 0x2187, 0x2187,
        0x2167, 0x2167, 0x2167, 0x2187, 0x2188, 0x2188, 0x2187, 0x2167, 0x2167, 0x2167, 0x2167, 0x2167,
        0x2167, 0x2167, 0x2167, 0x2167, 0x2167, 0x2167, 0x2167, 0x2167, 0x2167, 0x2167, 0x2167, 0x2167,
        0x2167, 0x2187, 0x2187, 0x2188, 0x2188, 0x2988, 0x2188, 0x5B4E, 0x8CD4, 0x94F5, 0x7C53, 0x3A6C,
        0x324B, 0x324B, 0x324B, 0x324B, 0x324B, 0x324B, 0x324B, 0x324B, 0x324B, 0x324B, 0x324B, 0x324B,
        0x324B, 0x324B, 0x324B, 0x324B, 0x324B, 0x324B, 0x324B, 0x324B, 0x324B, 0x324B, 0x324B, 0x324B,
        0x324B, 0x324B, 0x324B, 0x324B, 0x324B, 0x324B, 0x324B, 0x324B, 0x324B, 0x324B, 0x324B, 0x324B,
        0x324B, 0x324B, 0x324B, 0x324B, 0x324B, 0x324B, 0x324B, 0x324B, 0x324B, 0x324B, 0x324B, 0x324B,
        0x324B, 0x324B, 0x324B, 0x324B, 0x324B, 0x324B, 0x324B, 0x324B, 0x324B, 0x324B, 0x324B, 0x324B,
        0x324B, 0x324B, 0x324B, 0x324B, 0x324B, 0x324B, 0x324B, 0x324B, 0x324B, 0x324B, 0x324B, 0x324B,
        0x324B, 0x324B, 0x324B, 0x324B, 0x324B, 0x324B, 0x324B, 0x324B, 0x324B, 0x324B, 0x324B, 0x324B,
        0x324B, 0x324B, 0x324B, 0x324B, 0x324B, 0x324B, 0x324B, 0x324B, 0x324B, 0x324B, 0x324B, 0x324B,
        0x324B, 0x324B, 0x324B, 0x324B, 0x324B, 0x324B, 0x324B, 0x324B, 0x324B, 0x324B, 0x324B, 0x324B,
        0x324B, 0x324B, 0x324B, 0x324B, 0x324B, 0x324B, 0x324B, 0x324B, 0x324B, 0x324B, 0x324B, 0x324B,
        0x324B, 0x324B, 0x324B, 0x324B, 0x324B, 0x324B, 0x324B, 0x324B, 0x324B, 0x324B, 0x324B, 0x324B,
        0x324B, 0x324B, 0x324B, 0x324B, 0x42AC, 0x8494, 0x94F5, 0x7432, 0x3A4B, 0x2988, 0x2187, 0x2167,
        0x2167, 0x2167, 0x2167, 0x2167, 0x2167, 0x2167, 0x2167, 0x2167, 0x2167, 0x2167, 0x2167, 0x2167,
        0x2167, 0x2167, 0x2167, 0x2167, 0x2167, 0x2187, 0x2167, 0x2167, 0x2167, 0x2167, 0x2167, 0x2167,
        0x2167, 0x2167, 0x2167, 0x2167, 0x2167, 0x2167, 0x2167, 0x2167, 0x2167, 0x2167, 0x2167, 0x2167,
        0x2167, 0x2167, 0x2167, 0x2167, 0x2167, 0x2167, 0x2167, 0x2167, 0x2167, 0x2187, 0x2167, 0x2167,
        0x2187, 0x2167, 0x4ACD, 0x8494, 0x94F5, 0x7432, 0x324B, 0x324B, 0x324B, 0x324B, 0x324B, 0x324B,
        0x324B, 0x324B, 0x324B, 0x324B, 0x324B, 0x324B, 0x324B, 0x324B, 0x324B, 0x324B, 0x324B, 0x324B,
        0x324B, 0x324B, 0x324B, 0x324B, 0x324B, 0x324B, 0x324B, 0x324B, 0x324B, 0x324B, 0x324B, 0x324B,
        0x324B, 0x324B, 0x324B, 0x324B, 0x324B, 0x324B, 0x324B, 0x324B, 0x324B, 0x324B, 0x324B, 0x324B,
        0x324B, 0x324B, 0x3A4B, 0x7432, 0x94F5, 0x7C73, 0x428C, 0x2187, 0x29A8, 0x2188, 0x2187, 0x2187,
        0x2187, 0x2167, 0x2167, 0x2167, 0x2167, 0x2167, 0x2167, 0x2167, 0x2167, 0x2167, 0x2167, 0x2167,
        0x2167, 0x2167, 0x2167, 0x2167, 0x2167, 0x2167, 0x2167, 0x2167, 0x2167, 0x2167, 0x2167, 0x2167,
        0x2167, 0x2167, 0x2167, 0x2167, 0x2187, 0x2187, 0x2187, 0x2187, 0x2187, 0x2167, 0x2167, 0x2187,
        0x2167, 0x2167, 0x2167, 0x2167, 0x2167, 0x2167, 0x2187, 0x2167, 0x2167, 0x2188, 0x2188, 0x29A8,
        0x5B6F, 0x84B4, 0x94F5, 0x7C52, 0x3A4B, 0x324B, 0x324B, 0x324B, 0x324B, 0x324B, 0x324B, 0x324B,
        0x324B, 0x324B, 0x324B, 0x324B, 0x324B, 0x324B, 0x324B, 0x324B, 0x324B, 0x324B, 0x324B, 0x324B,
        0x324B, 0x324B, 0x324B, 0x324B, 0x324B, 0x324B, 0x324B, 0x324B, 0x324B, 0x324B, 0x324B, 0x324B,
        0x324B, 0x324B, 0x324B, 0x324B, 0x324B, 0x324B, 0x324B, 0x324B, 0x324B, 0x324B, 0x324B, 0x324B,
        0x324B, 0x324B, 0x324B, 0x324B, 0x324B, 0x324B, 0x324B, 0x324B, 0x324B, 0x324B, 0x324B, 0x324B,
        0x324B, 0x324B, 0x324B, 0x324B, 0x324B, 0x324B, 0x324B, 0x324B, 0x324B, 0x324B, 0x324B, 0x324B,
        0x324B, 0x324B, 0x324B, 0x324B, 0x324B, 0x324B, 0x324B, 0x324B, 0x324B, 0x324B, 0x324B, 0x324B,
        0x324B, 0x324B, 0x324B, 0x324B, 0x324B, 0x324B, 0x324B, 0x324B, 0x324B, 0x324B, 0x324B, 0x324B,
        0x324B, 0x324B, 0x324B, 0x324B, 0x324B, 0x324B, 0x324B, 0x324B, 0x324B, 0x324B, 0x324B, 0x324B,
        0x324B, 0x324B, 0x324B, 0x324B, 0x324B, 0x324B, 0x324B, 0x324B, 0x324B, 0x324B, 0x324B, 0x324B,
        0x324B, 0x324B, 0x324B, 0x324B, 0x324B, 0x324B, 0x324B, 0x324B, 0x324B, 0x324B, 0x324B, 0x324B,
        0x324B, 0x324B, 0x324B, 0x324B, 0x324B, 0x324B, 0x324B, 0x42AC, 0x8494, 0x94F5, 0x7432, 0x3A4A,
        0x2167, 0x2188, 0x2188, 0x2187, 0x2167, 0x2167, 0x2167, 0x2167, 0x2167, 0x2167, 0x2167, 0x2167,
        0x2167, 0x2167, 0x2167, 0x2167, 0x2167, 0x2167, 0x2167, 0x2167, 0x2167, 0x2187, 0x2167, 0x2167,
        0x2167, 0x2167, 0x2167, 0x2167, 0x2167, 0x2167, 0x2167, 0x2167, 0x2167, 0x2167, 0x2167, 0x2167,
        0x2167, 0x2167, 0x2167, 0x2167, 0x2167, 0x2167, 0x2167, 0x2167, 0x2167, 0x2167, 0x2167, 0x2167,
        0x2167, 0x2167, 0x2167, 0x2187, 0x1946, 0x4AAC, 0x8493, 0x94F5, 0x7432, 0x324B, 0x324B, 0x324B,
        0x324B, 0x324B, 0x324B, 0x324B, 0x324B, 0x324B, 0x324B, 0x324B, 0x324B, 0x324B, 0x324B, 0x324B,
        0x324B, 0x324B, 0x324B, 0x324B, 0x324B, 0x324B, 0x324B, 0x324B, 0x324B, 0x324B, 0x324B, 0x324B,
        0x324B, 0x324B, 0x324B, 0x324B, 0x324B, 0x324B, 0x324B, 0x324B, 0x324B, 0x324B, 0x324B, 0x324B,
        0x324B, 0x324B, 0x324B, 0x324B, 0x324B, 0x324B, 0x324B, 0x3A6C, 0x7C52, 0x94F5, 0x7C73, 0x3A4B,
        0x2187, 0x2188, 0x2187, 0x2187, 0x2188, 0x2187, 0x2167, 0x2167, 0x2167, 0x2167, 0x2187, 0x2167,
        0x2167, 0x2167, 0x2167, 0x2167, 0x2167, 0x2167, 0x2167, 0x2167, 0x2167, 0x2167, 0x2167, 0x2167,
        0x2167, 0x2167, 0x2167, 0x2167, 0x2167, 0x2167, 0x2167, 0x2167, 0x2167, 0x2167, 0x2187, 0x2167,
        0x2167, 0x2167, 0x2167, 0x2187, 0x2167, 0x2167, 0x2167, 0x2167, 0x2167, 0x2167, 0x2167, 0x2167,
        0x2167, 0x2167, 0x2988, 0x2188, 0x29C8, 0x530D, 0x7C73, 0x94F5, 0x7412, 0x3A4B, 0x324B, 0x324B,
        0x324B, 0x324B, 0x324B, 0x324B, 0x324B, 0x324B, 0x324B, 0x324B, 0x324B, 0x324B, 0x324B, 0x324B,
        0x324B, 0x324B, 0x324B, 0x324B, 0x324B, 0x324B, 0x324B, 0x324B, 0x324B, 0x324B, 0x324B, 0x324B,
        0x324B, 0x324B, 0x324B, 0x324B, 0x324B, 0x324B, 0x324B, 0x324B, 0x324B, 0x324B, 0x324B, 0x324B,
        0x324B, 0x324B, 0x324B, 0x324B, 0x324B, 0x324B, 0x324B, 0x324B, 0x324B, 0x324B, 0x324B, 0x324B,
        0x324B, 0x324B, 0x324B, 0x324B, 0x324B, 0x324B, 0x324B, 0x324B, 0x324B, 0x324B, 0x324B, 0x324B,
        0x324B, 0x324B, 0x324B, 0x324B, 0x324B, 0x324B, 0x324B, 0x324B, 0x324B, 0x324B, 0x324B, 0x324B,
        0x324B, 0x324B, 0x324B, 0x324B, 0x324B, 0x324B, 0x324B, 0x324B, 0x324B, 0x324B, 0x324B, 0x324B,
        0x324B, 0x324B, 0x324B, 0x324B, 0x324B, 0x324B, 0x324B, 0x324B, 0x324B, 0x324B, 0x324B, 0x324B,
        0x324B, 0x324B, 0x324B, 0x324B, 0x324B, 0x324B, 0x324B, 0x324B, 0x324B, 0x324B, 0x324B, 0x324B,
        0x324B, 0x324B, 0x324B, 0x324B, 0x324B, 0x324B, 0x324B, 0x324B, 0x324B, 0x324B, 0x324B, 0x324B,
        0x324B, 0x324B, 0x324B, 0x324B, 0x324B, 0x324B, 0x324B, 0x324B, 0x324B, 0x324B, 0x42AD, 0x8494,
        0x8CF5, 0x7C52, 0x426B, 0x2167, 0x2188, 0x2167, 0x2167, 0x2167, 0x2167, 0x2167, 0x2167, 0x2167,
        0x2167, 0x2167, 0x2167, 0x2167, 0x2167, 0x2167, 0x2167, 0x2167, 0x2167, 0x2167, 0x2167, 0x2167,
        0x2167, 0x2187, 0x2167, 0x2167, 0x2167, 0x2167, 0x2167, 0x2167, 0x2167, 0x2167, 0x2167, 0x2167,
        0x2167, 0x2167, 0x2167, 0x2167, 0x2167, 0x2167, 0x2167, 0x2167, 0x2167, 0x2167, 0x2167, 0x2167,
        0x2167, 0x2187, 0x2167, 0x2167, 0x2167, 0x2167, 0x2188, 0x2167, 0x4AAC, 0x7C52, 0x94F5, 0x7432,
        0x324B, 0x324B, 0x324B, 0x324B, 0x324B, 0x324B, 0x324B, 0x324B, 0x324B, 0x324B, 0x324B, 0x324B,
        0x324B, 0x324B, 0x324B, 0x324B, 0x324B, 0x324B, 0x324B, 0x324B, 0x324B, 0x324B, 0x324B, 0x324B,
        0x324B, 0x324B, 0x324B, 0x324B, 0x324B, 0x324B, 0x324B, 0x324B, 0x324B, 0x324B, 0x324B, 0x324B,
        0x324B, 0x324B, 0x324B, 0x324B, 0x324B, 0x324B, 0x324B, 0x324B, 0x324B, 0x324B, 0x324B, 0x324B,
        0x3A8C, 0x7C73, 0x94F5, 0x7C32, 0x3A4A, 0x2187, 0x2988, 0x2187, 0x2167, 0x2188, 0x2187, 0x2167,
        0x2167, 0x2187, 0x2187, 0x2187, 0x2167, 0x2167, 0x2167, 0x2167, 0x2167, 0x2167, 0x2167, 0x2167,
        0x2167, 0x2167, 0x2167, 0x2167, 0x2167, 0x2167, 0x2167, 0x2167, 0x2167, 0x2167, 0x2167, 0x2167,
        0x2167, 0x2167, 0x2167, 0x2167, 0x2167, 0x2167, 0x2167, 0x2167, 0x2167, 0x2167, 0x2167, 0x2167,
        0x2167, 0x2167, 0x2167, 0x2187, 0x2167, 0x2187, 0x2188, 0x2188, 0x2188, 0x29A8, 0x4ACC, 0x8493,
        0x94F5, 0x7412, 0x3A6C, 0x324B, 0x324B, 0x324B, 0x324B, 0x324B, 0x324B, 0x324B, 0x324B, 0x324B,
        0x324B, 0x324B, 0x324B, 0x324B, 0x324B, 0x324B, 0x324B, 0x324B, 0x324B, 0x324B, 0x324B, 0x324B,
        0x324B, 0x324B, 0x324B, 0x324B, 0x324B, 0x324B, 0x324B, 0x324B, 0x324B, 0x324B, 0x324B, 0x324B,
        0x324B, 0x324B, 0x324B, 0x324B, 0x324B, 0x324B, 0x324B, 0x324B, 0x324B, 0x324B, 0x324B, 0x324B,
        0x324B, 0x324B, 0x324B, 0x324B, 0x324B, 0x324B, 0x324B, 0x324B, 0x324B, 0x324B, 0x324B, 0x324B,
        0x324B, 0x324B, 0x324B, 0x324B, 0x324B, 0x324B, 0x324B, 0x324B, 0x324B, 0x324B, 0x324B, 0x324B,
        0x324B, 0x324B, 0x324B, 0x324B, 0x324B, 0x324B, 0x324B, 0x324B, 0x324B, 0x324B, 0x324B, 0x324B,
        0x324B, 0x324B, 0x324B, 0x324B, 0x324B, 0x324B, 0x324B, 0x324B, 0x324B, 0x324B, 0x324B, 0x324B,
        0x324B, 0x324B, 0x324B, 0x324B, 0x324B, 0x324B, 0x324B, 0x324B, 0x324B, 0x324B, 0x324B, 0x324B,
        0x324B, 0x324B, 0x324B, 0x324B, 0x324B, 0x324B, 0x324B, 0x324B, 0x324B, 0x324B, 0x324B, 0x324B,
        0x324B, 0x324B, 0x324B, 0x324B, 0x324B, 0x324B, 0x324B, 0x324B, 0x324B, 0x324B, 0x324B, 0x324B,
        0x324B, 0x42AD, 0x8494, 0x8CF5, 0x7412, 0x426B, 0x2187, 0x29A8, 0x2188, 0x2187, 0x2167, 0x2167,
        0x2167, 0x2167, 0x2167, 0x2167, 0x2167, 0x2167, 0x2167, 0x2167, 0x2167, 0x2167, 0x2167, 0x2167,
        0x2167, 0x2167, 0x2167, 0x2167, 0x2167, 0x2167, 0x2167, 0x2167, 0x2167, 0x2167, 0x2167, 0x2167,
        0x2167, 0x2167, 0x2167, 0x2167, 0x2167, 0x2167, 0x2167, 0x2167, 0x2167, 0x2167, 0x2167, 0x2167,
        0x2167, 0x2167, 0x2167, 0x2167, 0x2167, 0x2167, 0x2167, 0x2167, 0x2167, 0x2188, 0x1946, 0x428C,
        0x8494, 0x94F5, 0x7432, 0x3A4B, 0x324B, 0x324B, 0x324B, 0x324B, 0x324B, 0x324B, 0x324B, 0x324B,
        0x324B, 0x324B, 0x324B, 0x324B, 0x324B, 0x324B, 0x324B, 0x324B, 0x324B, 0x324B, 0x324B, 0x324B,
        0x324B, 0x324B, 0x324B, 0x324B, 0x324B, 0x324B, 0x324B, 0x324B, 0x324B, 0x324B, 0x324B, 0x324B,
        0x324B, 0x324B, 0x324B, 0x324B, 0x324B, 0x324B, 0x324B, 0x324B, 0x324B, 0x324B, 0x324B, 0x324B,
        0x324B, 0x324B, 0x324B, 0x324B, 0x324B, 0x3A8C, 0x7C53, 0x94F5, 0x7C32, 0x3A2A, 0x2188, 0x29A8,
        0x2167, 0x2187, 0x2188, 0x2187, 0x2187, 0x2167, 0x2167, 0x2187, 0x2167, 0x2167, 0x2167, 0x2167,
        0x2187, 0x2167, 0x2167, 0x2167, 0x2167, 0x2167, 0x2167, 0x2167, 0x2167, 0x2167, 0x2167, 0x2167,
        0x2167, 0x2167, 0x2167, 0x2167, 0x2167, 0x2167, 0x2167, 0x2167, 0x2187, 0x2167, 0x2167, 0x2187,
        0x2167, 0x2167, 0x2167, 0x2167, 0x2167, 0x2167, 0x2167, 0x2167, 0x2187, 0x2188, 0x2188, 0x2187,
        0x2187, 0x2188, 0x2167, 0x4ACD, 0x8493, 0x94F5, 0x7412, 0x3A4B, 0x324B, 0x324B, 0x324B, 0x324B,
        0x324B, 0x324B, 0x324B, 0x324B, 0x324B, 0x324B, 0x324B, 0x324B, 0x324B, 0x324B, 0x324B, 0x324B,
        0x324B, 0x324B, 0x324B, 0x324B, 0x324B, 0x324B, 0x324B, 0x324B, 0x324B, 0x324B, 0x324B, 0x324B,
        0x324B, 0x324B, 0x324B, 0x324B, 0x324B, 0x324B, 0x324B, 0x324B, 0x324B, 0x324B, 0x324B, 0x324B,
        0x324B, 0x324B, 0x324B, 0x324B, 0x324B, 0x324B, 0x324B, 0x324B, 0x324B, 0x324B, 0x324B, 0x324B,
        0x324B, 0x324B, 0x324B, 0x324B, 0x324B, 0x324B, 0x324B, 0x324B, 0x324B, 0x324B, 0x324B, 0x324B,
        0x324B, 0x324B, 0x324B, 0x324B, 0x324B, 0x324B, 0x324B, 0x324B, 0x324B, 0x324B, 0x324B, 0x324B,
        0x324B, 0x324B, 0x324B, 0x324B, 0x324B, 0x324B, 0x324B, 0x324B, 0x324B, 0x324B, 0x324B, 0x324B,
        0x324B, 0x324B, 0x324B, 0x324B, 0x324B, 0x324B, 0x324B, 0x324B, 0x324B, 0x324B, 0x324B, 0x324B,
        0x324B, 0x324B, 0x324B, 0x324B, 0x324B, 0x324B, 0x324B, 0x324B, 0x324B, 0x324B, 0x324B, 0x324B,
        0x324B, 0x324B, 0x324B, 0x324B, 0x324B, 0x324B, 0x324B, 0x324B, 0x324B, 0x324B, 0x324B, 0x324B,
        0x324B, 0x324B, 0x324B, 0x324B, 0x42AC, 0x84B4, 0x8CF5, 0x7C52, 0x426B, 0x2988, 0x29A8, 0x29A8,
        0x2188, 0x2187, 0x2167, 0x2167, 0x2167, 0x2167, 0x2167, 0x2167, 0x2167, 0x2167, 0x2167, 0x2167,
        0x2167, 0x2167, 0x2167, 0x2167, 0x2167, 0x2167, 0x2167, 0x2167, 0x2167, 0x2167, 0x2167, 0x2167,
        0x2167, 0x2167, 0x2167, 0x2167, 0x2167, 0x2167, 0x2167, 0x2167, 0x2167, 0x2167, 0x2167, 0x2167,
        0x2167, 0x2167, 0x2167, 0x2167, 0x2167, 0x2167, 0x2167, 0x2187, 0x2167, 0x2167, 0x2188, 0x2187,
        0x2187, 0x2167, 0x428B, 0x7C73, 0x94F5, 0x7412, 0x3A6C, 0x324B, 0x324B, 0x324B, 0x324B, 0x324B,
        0x324B, 0x324B, 0x324B, 0x324B, 0x324B, 0x324B, 0x324B, 0x324B, 0x324B, 0x324B, 0x324B, 0x324B,
        0x324B, 0x324B, 0x324B, 0x324B, 0x324B, 0x324B, 0x324B, 0x324B, 0x324B, 0x324B, 0x324B, 0x324B,
        0x324B, 0x324B, 0x324B, 0x324B, 0x324B, 0x324B, 0x324B, 0x324B, 0x324B, 0x324B, 0x324B, 0x324B,
        0x324B, 0x324B, 0x324B, 0x324B, 0x324B, 0x324B, 0x324B, 0x324B, 0x324B, 0x324B, 0x3A6C, 0x7C53,
        0x94F5, 0x7432, 0x3A4A, 0x2188, 0x2188, 0x2188, 0x2188, 0x29A8, 0x2188, 0x2167, 0x2167, 0x2167,
        0x2167, 0x2167, 0x2187, 0x2187, 0x2187, 0x2187, 0x2187, 0x2167, 0x2167, 0x2187, 0x2187, 0x2167,
        0x2187, 0x2187, 0x2167, 0x2167, 0x2167, 0x2167, 0x2167, 0x2167, 0x2167, 0x2167, 0x2167, 0x2167,
        0x2187, 0x2187, 0x2167, 0x2167, 0x2167, 0x2167, 0x2167, 0x2167, 0x2167, 0x2187, 0x2187, 0x2167,
        0x2187, 0x2187, 0x2187, 0x2187, 0x2167, 0x2187, 0x29A8, 0x2188, 0x4ACD, 0x8473, 0x94F5, 0x7432,
        0x3A4B, 0x324B, 0x324B, 0x324B, 0x324B, 0x324B, 0x324B, 0x324B, 0x324B, 0x324B, 0x324B, 0x324B,
        0x324B, 0x324B, 0x324B, 0x324B, 0x324B, 0x324B, 0x324B, 0x324B, 0x324B, 0x324B, 0x324B, 0x324B,
        0x324B, 0x324B, 0x324B, 0x324B, 0x324B, 0x324B, 0x324B, 0x324B, 0x324B, 0x324B, 0x324B, 0x324B,
        0x324B, 0x324B, 0x324B, 0x324B, 0x324B, 0x324B, 0x324B, 0x324B, 0x324B, 0x324B, 0x324B, 0x324B,
        0x324B, 0x324B, 0x324B, 0x324B, 0x324B, 0x324B, 0x324B, 0x324B, 0x324B, 0x324B, 0x324B, 0x324B,
        0x324B, 0x324B, 0x324B, 0x324B, 0x324B, 0x324B, 0x324B, 0x324B, 0x324B, 0x324B, 0x324B, 0x324B,
        0x324B, 0x324B, 0x324B, 0x324B, 0x324B, 0x324B, 0x324B, 0x324B, 0x324B, 0x324B, 0x324B, 0x324B,
        0x324B, 0x324B, 0x324B, 0x324B, 0x324B, 0x324B, 0x324B, 0x324B, 0x324B, 0x324B, 0x324B, 0x324B,
        0x324B, 0x324B, 0x324B, 0x324B, 0x324B, 0x324B, 0x324B, 0x324B, 0x324B, 0x324B, 0x324B, 0x324B,
        0x324B, 0x324B, 0x324B, 0x324B, 0x324B, 0x324B, 0x324B, 0x324B, 0x324B, 0x324B, 0x324B, 0x324B,
        0x324B, 0x324B, 0x324B, 0x324B, 0x324B, 0x324B, 0x324B, 0x428C, 0x8473, 0x8CF5, 0x84B4, 0x4AAC,
        0x29A8, 0x29A8, 0x2988, 0x2188, 0x2167, 0x2187, 0x2167, 0x2167, 0x2167, 0x2167, 0x2167, 0x2167,
        0x2167, 0x2167, 0x2167, 0x2167, 0x2167, 0x2167, 0x2167, 0x2167, 0x2167, 0x2167, 0x2167, 0x2167,
        0x2167, 0x2167, 0x2167, 0x2167, 0x2167, 0x2167, 0x2167, 0x2167, 0x2167, 0x2167, 0x2167, 0x2167,
        0x2167, 0x2167, 0x2167, 0x2167, 0x2167, 0x2167, 0x2167, 0x2167, 0x2167, 0x2167, 0x2167, 0x2167,
        0x2187, 0x2167, 0x2187, 0x2188, 0x2167, 0x428C, 0x7C73, 0x94F5, 0x7432, 0x324B, 0x324B, 0x324B,
        0x324B, 0x324B, 0x324B, 0x324B, 0x324B, 0x324B, 0x324B, 0x324B, 0x324B, 0x324B, 0x324B, 0x324B,
        0x324B, 0x324B, 0x324B, 0x324B, 0x324B, 0x324B, 0x324B, 0x324B, 0x324B, 0x324B, 0x324B, 0x324B,
        0x324B, 0x324B, 0x324B, 0x324B, 0x324B, 0x324B, 0x324B, 0x324B, 0x324B, 0x324B, 0x324B, 0x324B,
        0x324B, 0x324B, 0x324B, 0x324B, 0x324B, 0x324B, 0x324B, 0x324B, 0x324B, 0x324B, 0x324B, 0x324B,
        0x324B, 0x324B, 0x324B, 0x3A6C, 0x7432, 0x8CF5, 0x7432, 0x3A2A, 0x2187, 0x2988, 0x2988, 0x2167,
        0x2167, 0x2187, 0x2167, 0x2167, 0x2187, 0x2187, 0x2187, 0x2187, 0x2187, 0x2188, 0x2187, 0x2187,
        0x2167, 0x2187, 0x2187, 0x2167, 0x2187, 0x2187, 0x2167, 0x2167, 0x2167, 0x2167, 0x2167, 0x2167,
        0x2187, 0x2187, 0x2167, 0x2167, 0x2187, 0x2167, 0x2167, 0x2167, 0x2167, 0x2167, 0x2167, 0x2187,
        0x2188, 0x2188, 0x2188, 0x2167, 0x2167, 0x2167, 0x2167, 0x2187, 0x2188, 0x2187, 0x2188, 0x2988,
        0x2188, 0x4AAC, 0x8473, 0x94F5, 0x7C52, 0x3A4B, 0x324B, 0x324B, 0x324B, 0x324B, 0x324B, 0x324B,
        0x324B, 0x324B, 0x324B, 0x324B, 0x324B, 0x324B, 0x324B, 0x324B, 0x324B, 0x324B, 0x324B, 0x324B,
        0x324B, 0x324B, 0x324B, 0x324B, 0x324B, 0x324B, 0x324B, 0x324B, 0x324B, 0x324B, 0x324B, 0x324B,
        0x324B, 0x324B, 0x324B, 0x324B, 0x324B, 0x324B, 0x324B, 0x324B, 0x324B, 0x324B, 0x324B, 0x324B,
        0x324B, 0x324B, 0x324B, 0x324B, 0x324B, 0x324B, 0x324B, 0x324B, 0x324B, 0x324B, 0x324B, 0x324B,
        0x324B, 0x324B, 0x324B, 0x324B, 0x324B, 0x324B, 0x324B, 0x324B, 0x324B, 0x324B, 0x324B, 0x324B,
        0x324B, 0x324B, 0x324B, 0x324B, 0x324B, 0x324B, 0x324B, 0x324B, 0x324B, 0x324B, 0x324B, 0x324B,
        0x324B, 0x324B, 0x324B, 0x324B, 0x324B, 0x324B, 0x324B, 0x324B, 0x324B, 0x324B, 0x324B, 0x324B,
        0x324B, 0x324B, 0x324B, 0x324B, 0x324B, 0x324B, 0x324B, 0x324B, 0x324B, 0x324B, 0x324B, 0x324B,
        0x324B, 0x324B, 0x324B, 0x324B, 0x324B, 0x324B, 0x324B, 0x324B, 0x324B, 0x324B, 0x324B, 0x324B,
        0x324B, 0x324B, 0x324B, 0x324B, 0x324B, 0x324B, 0x324B, 0x324B, 0x324B, 0x324B, 0x3A8C, 0x8493,
        0x8CF5, 0x84B4, 0x52ED, 0x29A8, 0x2988, 0x2188, 0x2187, 0x2188, 0x2187, 0x2187, 0x2167, 0x2167,
        0x2167, 0x2167, 0x2167, 0x2167, 0x2167, 0x2167, 0x2167, 0x2167, 0x2167, 0x2167, 0x2167, 0x2167,
        0x2167, 0x2167, 0x2167, 0x2167, 0x2167, 0x2167, 0x2167, 0x2167, 0x2167, 0x2167, 0x2167, 0x2167,
        0x2167, 0x2167, 0x2167, 0x2167, 0x2167, 0x2167, 0x2167, 0x2187, 0x2167, 0x2167, 0x2167, 0x2167,
        0x2167, 0x2167, 0x2167, 0x2167, 0x2188, 0x2187, 0x2167, 0x2147, 0x428C, 0x7C53, 0x94F5, 0x7432,
        0x324B, 0x324B, 0x324B, 0x324B, 0x324B, 0x324B, 0x324B, 0x324B, 0x324B, 0x324B, 0x324B, 0x324B,
        0x324B, 0x324B, 0x324B, 0x324B, 0x324B, 0x324B, 0x324B, 0x324B, 0x324B, 0x324B, 0x324B, 0x324B,
        0x324B, 0x324B, 0x324B, 0x324B, 0x324B, 0x324B, 0x324B, 0x324B, 0x324B, 0x324B, 0x324B, 0x324B,
        0x324B, 0x324B, 0x324B, 0x324B, 0x324B, 0x324B, 0x324B, 0x324B, 0x324B, 0x324B, 0x324B, 0x324B,
        0x324B, 0x324B, 0x324B, 0x324B, 0x324B, 0x324B, 0x324B, 0x324B, 0x428C, 0x94F5, 0x8CD5, 0x7C52,
        0x31E9, 0x29A8, 0x29C8, 0x2167, 0x2187, 0x2188, 0x2187, 0x2167, 0x2167, 0x2187, 0x2187, 0x2167,
        0x2167, 0x2187, 0x2187, 0x2167, 0x2167, 0x2167, 0x2167, 0x2167, 0x2167, 0x2167, 0x2167, 0x2167,
        0x2167, 0x2167, 0x2167, 0x2187, 0x2187, 0x2187, 0x2187, 0x2167, 0x2187, 0x2167, 0x2167, 0x2167,
        0x2167, 0x2167, 0x2187, 0x2187, 0x2187, 0x2188, 0x2188, 0x2187, 0x2187, 0x2187, 0x2188, 0x2188,
        0x2187, 0x2187, 0x2188, 0x2188, 0x2988, 0x2187, 0x4ACD, 0x8493, 0x94F5, 0x6BF1, 0x3A4B, 0x324B,
        0x324B, 0x324B, 0x324B, 0x324B, 0x324B, 0x324B, 0x324B, 0x324B, 0x324B, 0x324B, 0x324B, 0x324B,
        0x324B, 0x324B, 0x324B, 0x324B, 0x324B, 0x324B, 0x324B, 0x324B, 0x324B, 0x324B, 0x324B, 0x324B,
        0x324B, 0x324B, 0x324B, 0x324B, 0x324B, 0x324B, 0x324B, 0x324B, 0x324B, 0x324B, 0x324B, 0x324B,
        0x324B, 0x324B, 0x324B, 0x324B, 0x324B, 0x324B, 0x324B, 0x324B, 0x324B, 0x324B, 0x324B, 0x324B,
        0x324B, 0x324B, 0x324B, 0x324B, 0x324B, 0x324B, 0x324B, 0x324B, 0x324B, 0x324B, 0x324B, 0x324B,
        0x324B, 0x324B, 0x324B, 0x324B, 0x324B, 0x324B, 0x324B, 0x324B, 0x324B, 0x324B, 0x324B, 0x324B,
        0x324B, 0x324B, 0x324B, 0x324B, 0x324B, 0x324B, 0x324B, 0x324B, 0x324B, 0x324B, 0x324B, 0x324B,
        0x324B, 0x324B, 0x324B, 0x324B, 0x324B, 0x324B, 0x324B, 0x324B, 0x324B, 0x324B, 0x324B, 0x324B,
        0x324B, 0x324B, 0x324B, 0x324B, 0x324B, 0x324B, 0x324B, 0x324B, 0x324B, 0x324B, 0x324B, 0x324B,
        0x324B, 0x324B, 0x324B, 0x324B, 0x324B, 0x324B, 0x324B, 0x324B, 0x324B, 0x324B, 0x324B, 0x324B,
        0x324B, 0x42AC, 0x7C73, 0x8CF5, 0x8CF5, 0x5B4F, 0x2988, 0x2988, 0x2188, 0x2187, 0x2188, 0x2187,
        0x2167, 0x2187, 0x2167, 0x2167, 0x2167, 0x2167, 0x2167, 0x2167, 0x2167, 0x2167, 0x2167, 0x2167,
        0x2167, 0x2167, 0x2167, 0x2167, 0x2167, 0x2167, 0x2167, 0x2167, 0x2167, 0x2167, 0x2167, 0x2167,
        0x2167, 0x2167, 0x2167, 0x2167, 0x2167, 0x2167, 0x2167, 0x2167, 0x2167, 0x2167, 0x2167, 0x2167,
        0x2167, 0x2167, 0x2167, 0x2167, 0x2167, 0x2167, 0x2187, 0x2167, 0x2167, 0x2188, 0x2167, 0x428C,
        0x7C73, 0x94F5, 0x7412, 0x324B, 0x324B, 0x324B, 0x324B, 0x324B, 0x324B, 0x324B, 0x324B, 0x324B,
        0x324B, 0x324B, 0x324B, 0x324B, 0x324B, 0x324B, 0x324B, 0x324B, 0x324B, 0x324B, 0x324B, 0x324B,
        0x324B, 0x324B, 0x324B, 0x324B, 0x324B, 0x324B, 0x324B, 0x324B, 0x324B, 0x324B, 0x324B, 0x324B,
        0x324B, 0x324B, 0x324B, 0x324B, 0x324B, 0x324B, 0x324B, 0x324B, 0x324B, 0x324B, 0x324B, 0x324B,
        0x324B, 0x324B, 0x324B, 0x324B, 0x324B, 0x324B, 0x324B, 0x324B, 0x324B, 0x324B, 0x324B, 0x324B,
        0x3A6C, 0x6BB0, 0x8CF5, 0x8CF5, 0x7411, 0x3A0A, 0x29A8, 0x29A8, 0x2188, 0x2188, 0x2188, 0x2188,
        0x2167, 0x2167, 0x2167, 0x2167, 0x2167, 0x2187, 0x2187, 0x2187, 0x2167, 0x2187, 0x2187, 0x2167,
        0x2167, 0x2167, 0x2167, 0x2167, 0x2167, 0x2167, 0x2167, 0x2187, 0x2187, 0x2187, 0x2187, 0x2187,
        0x2167, 0x2167, 0x2167, 0x2167, 0x2167, 0x2167, 0x2187, 0x2187, 0x2187, 0x2187, 0x2188, 0x2187,
        0x2187, 0x2187, 0x2188, 0x2188, 0x2188, 0x2187, 0x2187, 0x2188, 0x2988, 0x2188, 0x2188, 0x4ACD,
        0x8494, 0x94F5, 0x6BD0, 0x324B, 0x324B, 0x324B, 0x324B, 0x324B, 0x324B, 0x324B, 0x324B, 0x324B,
        0x324B, 0x324B, 0x324B, 0x324B, 0x324B, 0x324B, 0x324B, 0x324B, 0x324B, 0x324B, 0x324B, 0x324B,
        0x324B, 0x324B, 0x324B, 0x324B, 0x324B, 0x324B, 0x324B, 0x324B, 0x324B, 0x324B, 0x324B, 0x324B,
        0x324B, 0x324B, 0x324B, 0x324B, 0x324B, 0x324B, 0x324B, 0x324B, 0x324B, 0x324B, 0x324B, 0x324B,
        0x324B, 0x324B, 0x324B, 0x324B, 0x324B, 0x324B, 0x324B, 0x324B, 0x324B, 0x324B, 0x324B, 0x324B,
        0x324B, 0x324B, 0x324B, 0x324B, 0x324B, 0x324B, 0x324B, 0x324B, 0x324B, 0x324B, 0x324B, 0x324B,
        0x324B, 0x324B, 0x324B, 0x324B, 0x324B, 0x324B, 0x324B, 0x324B, 0x324B, 0x324B, 0x324B, 0x324B,
        0x324B, 0x324B, 0x324B, 0x324B, 0x324B, 0x324B, 0x324B, 0x324B, 0x324B, 0x324B, 0x324B, 0x324B,
        0x324B, 0x324B, 0x324B, 0x324B, 0x324B, 0x324B, 0x324B, 0x324B, 0x324B, 0x324B, 0x324B, 0x324B,
        0x324B, 0x324B, 0x324B, 0x324B, 0x324B, 0x324B, 0x324B, 0x324B, 0x324B, 0x324B, 0x324B, 0x324B,
        0x324B, 0x324B, 0x324B, 0x324B, 0x3A8C, 0x7C53, 0x8CF5, 0x8CD4, 0x5B4E, 0x29C9, 0x2187, 0x2188,
        0x2188, 0x2187, 0x2167, 0x2187, 0x2187, 0x2187, 0x2167, 0x2167, 0x2167, 0x2167, 0x2167, 0x2167,
        0x2167, 0x2187, 0x2167, 0x2167, 0x2167, 0x2167, 0x2167, 0x2167, 0x2167, 0x2167, 0x2167, 0x2167,
        0x2167, 0x2167, 0x2167, 0x2167, 0x2167, 0x2167, 0x2167, 0x2167, 0x2167, 0x2167, 0x2167, 0x2167,
        0x2167, 0x2167, 0x2167, 0x2167, 0x2167, 0x2167, 0x2167, 0x2167, 0x2167, 0x2167, 0x2167, 0x2167,
        0x2187, 0x2167, 0x426B, 0x7C53, 0x8CF5, 0x7412, 0x3A4B, 0x324B, 0x324B, 0x324B, 0x324B, 0x324B,
        0x324B, 0x324B, 0x324B, 0x324B, 0x324B, 0x324B, 0x324B, 0x324B, 0x324B, 0x324B, 0x324B, 0x324B,
        0x324B, 0x324B, 0x324B, 0x324B, 0x324B, 0x324B, 0x324B, 0x324B, 0x324B, 0x324B, 0x324B, 0x324B,
        0x324B, 0x324B, 0x324B, 0x324B, 0x324B, 0x324B, 0x324B, 0x324B, 0x324B, 0x324B, 0x324B, 0x324B,
        0x324B, 0x324B, 0x324B, 0x324B, 0x324B, 0x324B, 0x324B, 0x324B, 0x324B, 0x324B, 0x324B, 0x324B,
        0x324B, 0x324B, 0x324B, 0x324B, 0x324B, 0x3A4B, 0x6BD1, 0x8CD4, 0x8CF5, 0x7412, 0x31E9, 0x2167,
        0x29A8, 0x2188, 0x2187, 0x2188, 0x2188, 0x2167, 0x2167, 0x2167, 0x2167, 0x2167, 0x2187, 0x2187,
        0x2187, 0x2188, 0x2188, 0x2167, 0x2167, 0x2167, 0x2167, 0x2167, 0x2167, 0x2167, 0x2187, 0x2187,
        0x2187, 0x2187, 0x2188, 0x2187, 0x2167, 0x2167, 0x2167, 0x2167, 0x2167, 0x2167, 0x2187, 0x2187,
        0x2187, 0x2187, 0x2187, 0x2187, 0x2187, 0x2187, 0x2188, 0x2188, 0x2188, 0x2187, 0x2187, 0x2167,
        0x2188, 0x29A8, 0x2188, 0x2988, 0x530D, 0x8494, 0x94F5, 0x63B0, 0x324B, 0x324B, 0x324B, 0x324B,
        0x324B, 0x324B, 0x324B, 0x324B, 0x324B, 0x324B, 0x324B, 0x324B, 0x324B, 0x324B, 0x324B, 0x324B,
        0x324B, 0x324B, 0x324B, 0x324B, 0x324B, 0x324B, 0x324B, 0x324B, 0x324B, 0x324B, 0x324B, 0x324B,
        0x324B, 0x324B, 0x324B, 0x324B, 0x324B, 0x324B, 0x324B, 0x324B, 0x324B, 0x324B, 0x324B, 0x324B,
        0x324B, 0x324B, 0x324B, 0x324B, 0x324B, 0x324B, 0x324B, 0x324B, 0x324B, 0x324B, 0x324B, 0x324B,
        0x324B, 0x324B, 0x324B, 0x324B, 0x324B, 0x324B, 0x324B, 0x324B, 0x324B, 0x324B, 0x324B, 0x324B,
        0x324B, 0x324B, 0x324B, 0x324B, 0x324B, 0x324B, 0x324B, 0x324B, 0x324B, 0x324B, 0x324B, 0x324B,
        0x324B, 0x324B, 0x324B, 0x324B, 0x324B, 0x324B, 0x324B, 0x324B, 0x324B, 0x324B, 0x324B, 0x324B,
        0x324B, 0x324B, 0x324B, 0x324B, 0x324B, 0x324B, 0x324B, 0x324B, 0x324B, 0x324B, 0x324B, 0x324B,
        0x324B, 0x324B, 0x324B, 0x324B, 0x324B, 0x324B, 0x324B, 0x324B, 0x324B, 0x324B, 0x324B, 0x324B,
        0x324B, 0x324B, 0x324B, 0x324B, 0x324B, 0x324B, 0x324B, 0x3A8C, 0x7C52, 0x8CD5, 0x8CF5, 0x5B6F,
        0x29A8, 0x2988, 0x29A8, 0x2167, 0x2187, 0x2188, 0x2187, 0x2187, 0x2167, 0x2167, 0x2167, 0x2167,
        0x2167, 0x2167, 0x2167, 0x2167, 0x2167, 0x2167, 0x2167, 0x2167, 0x2167, 0x2167, 0x2167, 0x2167,
        0x2167, 0x2167, 0x2167, 0x2167, 0x2167, 0x2167, 0x2167, 0x2167, 0x2167, 0x2167, 0x2167, 0x2167,
        0x2167, 0x2167, 0x2167, 0x2167, 0x2167, 0x2167, 0x2167, 0x2167, 0x2167, 0x2167, 0x2167, 0x2167,
        0x2167, 0x2167, 0x2167, 0x2187, 0x2167, 0x31E9, 0x6BF1, 0x8CD4, 0x8CD4, 0x532E, 0x324B, 0x3A4B,
        0x324B, 0x324B, 0x324B, 0x324B, 0x324B, 0x324B, 0x324B, 0x324B, 0x324B, 0x324B, 0x324B, 0x324B,
        0x324B, 0x324B, 0x324B, 0x324B, 0x324B, 0x324B, 0x324B, 0x324B, 0x324B, 0x324B, 0x324B, 0x324B,
        0x324B, 0x324B, 0x324B, 0x324B, 0x324B, 0x324B, 0x324B, 0x324B, 0x324B, 0x324B, 0x324B, 0x324B,
        0x324B, 0x324B, 0x324B, 0x324B, 0x324B, 0x324B, 0x324B, 0x324B, 0x324B, 0x324B, 0x324B, 0x324B,
        0x324B, 0x324B, 0x324B, 0x324B, 0x324B, 0x324B, 0x324B, 0x324B, 0x324B, 0x324B, 0x324B, 0x6BF1,
        0x8CD5, 0x8CF5, 0x7412, 0x31C9, 0x2187, 0x2188, 0x2188, 0x2187, 0x2187, 0x2167, 0x2167, 0x2187,
        0x2187, 0x2187, 0x2187, 0x2187, 0x2187, 0x2187, 0x2187, 0x2167, 0x2167, 0x2167, 0x2187, 0x2187,
        0x2167, 0x2167, 0x2187, 0x2187, 0x2188, 0x2188, 0x2188, 0x2188, 0x2167, 0x2167, 0x2167, 0x2167,
        0x2167, 0x2167, 0x2167, 0x2187, 0x2167, 0x2167, 0x2167, 0x2187, 0x2187, 0x2167, 0x2187, 0x2187,
        0x2167, 0x2187, 0x2187, 0x2187, 0x2187, 0x2988, 0x2988, 0x2188, 0x29A8, 0x5B2E, 0x8CD4, 0x8CD5,
        0x5B4F, 0x322B, 0x324B, 0x324B, 0x324B, 0x324B, 0x324B, 0x324B, 0x324B, 0x324B, 0x324B, 0x324B,
        0x324B, 0x324B, 0x324B, 0x324B, 0x324B, 0x324B, 0x324B, 0x324B, 0x324B, 0x324B, 0x324B, 0x324B,
        0x324B, 0x324B, 0x324B, 0x324B, 0x324B, 0x324B, 0x324B, 0x324B, 0x324B, 0x324B, 0x324B, 0x324B,
        0x324B, 0x324B, 0x324B, 0x324B, 0x324B, 0x324B, 0x324B, 0x324B, 0x324B, 0x324B, 0x324B, 0x324B,
        0x324B, 0x324B, 0x324B, 0x324B, 0x324B, 0x324B, 0x324B, 0x324B, 0x324B, 0x324B, 0x324B, 0x324B,
        0x324B, 0x324B, 0x324B, 0x324B, 0x324B, 0x324B, 0x324B, 0x324B, 0x324B, 0x324B, 0x324B, 0x324B,
        0x324B, 0x324B, 0x324B, 0x324B, 0x324B, 0x324B, 0x324B, 0x324B, 0x324B, 0x324B, 0x324B, 0x324B,
        0x324B, 0x324B, 0x324B, 0x324B, 0x324B, 0x324B, 0x324B, 0x324B, 0x324B, 0x324B, 0x324B, 0x324B,
        0x324B, 0x324B, 0x324B, 0x324B, 0x324B, 0x324B, 0x324B, 0x324B, 0x324B, 0x324B, 0x324B, 0x324B,
        0x324B, 0x324B, 0x324B, 0x324B, 0x324B, 0x324B, 0x324B, 0x324B, 0x324B, 0x324B, 0x428C, 0x7C73,
        0x8CD4, 0x8CF5, 0x5B4E, 0x29C8, 0x2188, 0x2188, 0x2187, 0x29A8, 0x2188, 0x2188, 0x2188, 0x2187,
        0x2167, 0x2167, 0x2167, 0x2187, 0x2167, 0x2167, 0x2167, 0x2167, 0x2167, 0x2167, 0x2167, 0x2167,
        0x2167, 0x2167, 0x2167, 0x2167, 0x2167, 0x2167, 0x2167, 0x2167, 0x2167, 0x2167, 0x2167, 0x2167,
        0x2167, 0x2167, 0x2167, 0x2167, 0x2167, 0x2167, 0x2167, 0x2167, 0x2167, 0x2167, 0x2167, 0x2167,
        0x2167, 0x2167, 0x2167, 0x2167, 0x2167, 0x2167, 0x2988, 0x2188, 0x31E9, 0x6BD1, 0x8CF5, 0x8493,
        0x324B, 0x324B, 0x324B, 0x324B, 0x324B, 0x324B, 0x324B, 0x324B, 0x324B, 0x324B, 0x324B, 0x324B,
        0x324B, 0x324B, 0x324B, 0x324B, 0x324B, 0x324B, 0x324B, 0x324B, 0x324B, 0x324B, 0x324B, 0x324B,
        0x324B, 0x324B, 0x324B, 0x324B, 0x324B, 0x324B, 0x324B, 0x324B, 0x324B, 0x324B, 0x324B, 0x324B,
        0x324B, 0x324B, 0x324B, 0x324B, 0x324B, 0x324B, 0x324B, 0x324B, 0x324B, 0x324B, 0x324B, 0x324B,
        0x324B, 0x324B, 0x324B, 0x324B, 0x324B, 0x324B, 0x324B, 0x324B, 0x324B, 0x324B, 0x324B, 0x324B,
        0x324B, 0x324B, 0x324B, 0x324B, 0x6BF1, 0x8CD4, 0x8CD5, 0x73F1, 0x31C9, 0x2167, 0x2988, 0x2187,
        0x2167, 0x2187, 0x2167, 0x2187, 0x2187, 0x2187, 0x2187, 0x2187, 0x2187, 0x2187, 0x2187, 0x2167,
        0x2167, 0x2167, 0x2188, 0x2187, 0x2167, 0x2167, 0x2167, 0x2187, 0x2188, 0x2188, 0x2188, 0x2188,
        0x2167, 0x2167, 0x2167, 0x2167, 0x2188, 0x2187, 0x2167, 0x2187, 0x2187, 0x2187, 0x2187, 0x2187,
        0x2187, 0x2167, 0x2187, 0x2187, 0x2167, 0x2187, 0x2188, 0x2187, 0x2187, 0x2188, 0x2988, 0x2188,
        0x2188, 0x29A8, 0x5B4F, 0x8CB4, 0x8CF5, 0x6390, 0x324B, 0x324B, 0x324B, 0x324B, 0x324B, 0x324B,
        0x324B, 0x324B, 0x324B, 0x324B, 0x324B, 0x324B, 0x324B, 0x324B, 0x324B, 0x324B, 0x324B, 0x324B,
        0x324B, 0x324B, 0x324B, 0x324B, 0x324B, 0x324B, 0x324B, 0x324B, 0x324B, 0x324B, 0x324B, 0x324B,
        0x324B, 0x324B, 0x324B, 0x324B, 0x324B, 0x324B, 0x324B, 0x324B, 0x324B, 0x324B, 0x324B, 0x324B,
        0x324B, 0x324B, 0x324B, 0x324B, 0x324B, 0x324B, 0x324B, 0x324B, 0x324B, 0x324B, 0x324B, 0x324B,
        0x324B, 0x324B, 0x324B, 0x324B, 0x324B, 0x324B, 0x324B, 0x324B, 0x324B, 0x324B, 0x324B, 0x324B,
        0x324B, 0x324B, 0x324B, 0x324B, 0x324B, 0x324B, 0x324B, 0x324B, 0x324B, 0x324B, 0x324B, 0x324B,
        0x324B, 0x324B, 0x324B, 0x324B, 0x324B, 0x324B, 0x324B, 0x324B, 0x324B, 0x324B, 0x324B, 0x324B,
        0x324B, 0x324B, 0x324B, 0x324B, 0x324B, 0x324B, 0x324B, 0x324B, 0x324B, 0x324B, 0x324B, 0x324B,
        0x324B, 0x324B, 0x324B, 0x324B, 0x324B, 0x324B, 0x324B, 0x324B, 0x324B, 0x324B, 0x324B, 0x324B,
        0x324B, 0x428C, 0x7C73, 0x8CD5, 0x8CD5, 0x5B4F, 0x2988, 0x2188, 0x2988, 0x2188, 0x2187, 0x2187,
        0x2988, 0x2188, 0x2188, 0x2187, 0x2167, 0x2167, 0x2167, 0x2187, 0x2167, 0x2187, 0x2167, 0x2167,
        0x2167, 0x2167, 0x2167, 0x2167, 0x2187, 0x2187, 0x2187, 0x2188, 0x2167, 0x2167, 0x2167, 0x2167,
        0x2167, 0x2167, 0x2167, 0x2167, 0x2167, 0x2167, 0x2167, 0x2167, 0x2167, 0x2167, 0x2167, 0x2167,
        0x2167, 0x2167, 0x2167, 0x2167, 0x2167, 0x2167, 0x2167, 0x2167, 0x2167, 0x2187, 0x2187, 0x320A,
        0x73F1, 0x94F5, 0x94F5, 0x5B4F, 0x324B, 0x324B, 0x324B, 0x324B, 0x324B, 0x324B, 0x324B, 0x324B,
        0x324B, 0x324B, 0x324B, 0x324B, 0x324B, 0x324B, 0x324B, 0x324B, 0x324B, 0x324B, 0x324B, 0x324B,
        0x324B, 0x324B, 0x324B, 0x324B, 0x324B, 0x324B, 0x324B, 0x324B, 0x324B, 0x324B, 0x324B, 0x324B,
        0x324B, 0x324B, 0x324B, 0x324B, 0x324B, 0x324B, 0x324B, 0x324B, 0x324B, 0x324B, 0x324B, 0x324B,
        0x324B, 0x324B, 0x324B, 0x324B, 0x324B, 0x324B, 0x324B, 0x324B, 0x324B, 0x324B, 0x324B, 0x324B,
        0x324B, 0x324B, 0x324B, 0x324B, 0x324B, 0x324B, 0x324B, 0x324B, 0x324B, 0x6BD1, 0x8CF5, 0x8CB4,
        0x6BF1, 0x29C9, 0x2187, 0x2988, 0x2167, 0x2167, 0x2187, 0x2187, 0x2187, 0x2187, 0x2187, 0x2187,
        0x2187, 0x2187, 0x2167, 0x2167, 0x2167, 0x2167, 0x2167, 0x2167, 0x2167, 0x2167, 0x2187, 0x2187,
        0x2188, 0x2188, 0x2188, 0x2188, 0x2167, 0x2167, 0x2167, 0x2187, 0x29A8, 0x2988, 0x2167, 0x2187,
        0x2187, 0x2188, 0x2188, 0x2188, 0x2188, 0x2188, 0x2187, 0x2187, 0x2187, 0x2167, 0x2188, 0x2167,
        0x2188, 0x29A8, 0x29A8, 0x2187, 0x2187, 0x29A8, 0x29A8, 0x5B6F, 0x8CD4, 0x8CF5, 0x6390, 0x322B,
        0x324B, 0x324B, 0x324B, 0x324B, 0x324B, 0x324B, 0x324B, 0x324B, 0x324B, 0x324B, 0x324B, 0x324B,
        0x324B, 0x324B, 0x324B, 0x324B, 0x324B, 0x324B, 0x324B, 0x324B, 0x324B, 0x324B, 0x324B, 0x324B,
        0x324B, 0x324B, 0x324B, 0x324B, 0x324B, 0x324B, 0x324B, 0x324B, 0x324B, 0x324B, 0x324B, 0x324B,
        0x324B, 0x324B, 0x324B, 0x324B, 0x324B, 0x324B, 0x324B, 0x324B, 0x324B, 0x324B, 0x324B, 0x324B,
        0x324B, 0x324B, 0x324B, 0x324B, 0x324B, 0x324B, 0x324B, 0x324B, 0x324B, 0x324B, 0x324B, 0x324B,
        0x324B, 0x324B, 0x324B, 0x324B, 0x324B, 0x324B, 0x324B, 0x324B, 0x324B, 0x324B, 0x324B, 0x324B,
        0x324B, 0x324B, 0x324B, 0x324B, 0x324B, 0x324B, 0x324B, 0x324B, 0x324B, 0x324B, 0x324B, 0x324B,
        0x324B, 0x324B, 0x324B, 0x324B, 0x324B, 0x324B, 0x324B, 0x324B, 0x324B, 0x324B, 0x324B, 0x324B,
        0x324B, 0x324B, 0x324B, 0x324B, 0x324B, 0x324B, 0x324B, 0x324B, 0x324B, 0x324B, 0x324B, 0x324B,
        0x324B, 0x324B, 0x324B, 0x324B, 0x42AD, 0x7C73, 0x8CD5, 0x8CD4, 0x638F, 0x29A8, 0x29A8, 0x29A8,
        0x2188, 0x2187, 0x2187, 0x2188, 0x2188, 0x2187, 0x2188, 0x2187, 0x2167, 0x2167, 0x2187, 0x2187,
        0x2167, 0x2167, 0x2167, 0x2167, 0x2167, 0x2167, 0x2187, 0x2187, 0x2187, 0x2187, 0x2188, 0x2188,
        0x2187, 0x2167, 0x2167, 0x2167, 0x2167, 0x2167, 0x2167, 0x2167, 0x2167, 0x2167, 0x2167, 0x2167,
        0x2167, 0x2167, 0x2167, 0x2167, 0x2167, 0x2167, 0x2167, 0x2167, 0x2167, 0x2167, 0x2167, 0x2167,
        0x2188, 0x2187, 0x31E9, 0x6BB0, 0x8CF5, 0x6BF1, 0x530E, 0x324B, 0x324B, 0x324B, 0x324B, 0x324B,
        0x324B, 0x324B, 0x324B, 0x324B, 0x324B, 0x324B, 0x324B, 0x324B, 0x324B, 0x324B, 0x324B, 0x324B,
        0x324B, 0x324B, 0x324B, 0x324B, 0x324B, 0x324B, 0x324B, 0x324B, 0x324B, 0x324B, 0x324B, 0x324B,
        0x324B, 0x324B, 0x324B, 0x324B, 0x324B, 0x324B, 0x324B, 0x324B, 0x324B, 0x324B, 0x324B, 0x324B,
        0x324B, 0x324B, 0x324B, 0x324B, 0x324B, 0x324B, 0x324B, 0x324B, 0x324B, 0x324B, 0x324B, 0x324B,
        0x324B, 0x324B, 0x324B, 0x324B, 0x324B, 0x324B, 0x324B, 0x324B, 0x324B, 0x324B, 0x324B, 0x324B,
        0x324B, 0x324B, 0x6BF1, 0x94F5, 0x8CD4, 0x6BD1, 0x3A0A, 0x2167, 0x29A8, 0x2167, 0x2187, 0x2188,
        0x2167, 0x2167, 0x2187, 0x2187, 0x2187, 0x2187, 0x2187, 0x2167, 0x2167, 0x2167, 0x2167, 0x2167,
        0x2187, 0x2188, 0x2187, 0x2167, 0x2187, 0x2188, 0x2188, 0x2188, 0x2187, 0x2188, 0x2187, 0x2187,
        0x29A8, 0x29A8, 0x2187, 0x2187, 0x2188, 0x2187, 0x2167, 0x2187, 0x2187, 0x2187, 0x2187, 0x2187,
        0x2187, 0x2187, 0x2188, 0x2187, 0x2187, 0x2187, 0x2187, 0x2187, 0x2187, 0x29A8, 0x2188, 0x29C9,
        0x638F, 0x8CD4, 0x8CF5, 0x5B4E, 0x322B, 0x324B, 0x324B, 0x324B, 0x324B, 0x324B, 0x324B, 0x324B,
        0x324B, 0x324B, 0x324B, 0x324B, 0x324B, 0x324B, 0x324B, 0x324B, 0x324B, 0x324B, 0x324B, 0x324B,
        0x324B, 0x324B, 0x324B, 0x324B, 0x324B, 0x324B, 0x324B, 0x324B, 0x324B, 0x324B, 0x324B, 0x324B,
        0x324B, 0x324B, 0x324B, 0x324B, 0x324B, 0x324B, 0x324B, 0x324B, 0x324B, 0x324B, 0x324B, 0x324B,
        0x324B, 0x324B, 0x324B, 0x324B, 0x324B, 0x324B, 0x324B, 0x324B, 0x324B, 0x324B, 0x324B, 0x324B,
        0x324B, 0x324B, 0x324B, 0x324B, 0x324B, 0x324B, 0x324B, 0x324B, 0x324B, 0x324B, 0x324B, 0x324B,
        0x324B, 0x324B, 0x324B, 0x324B, 0x324B, 0x324B, 0x324B, 0x324B, 0x324B, 0x324B, 0x324B, 0x324B,
        0x324B, 0x324B, 0x324B, 0x324B, 0x324B, 0x324B, 0x324B, 0x324B, 0x324B, 0x324B, 0x324B, 0x324B,
        0x324B, 0x324B, 0x324B, 0x324B, 0x324B, 0x324B, 0x324B, 0x324B, 0x324B, 0x324B, 0x324B, 0x324B,
        0x324B, 0x324B, 0x324B, 0x324B, 0x324B, 0x324B, 0x324B, 0x324B, 0x5B6F, 0x94F5, 0x84B4, 0x6BD1,
        0x31E9, 0x2988, 0x29A8, 0x2988, 0x2188, 0x2188, 0x2187, 0x2187, 0x2187, 0x2188, 0x2988, 0x2188,
        0x2187, 0x2167, 0x2188, 0x2188, 0x2167, 0x2187, 0x2187, 0x2187, 0x2167, 0x2188, 0x29A8, 0x2188,
        0x2187, 0x2187, 0x2188, 0x2188, 0x2188, 0x2167, 0x2167, 0x2167, 0x2167, 0x2167, 0x2167, 0x2167,
        0x2167, 0x2187, 0x2187, 0x2167, 0x2167, 0x2167, 0x2167, 0x2167, 0x2167, 0x2167, 0x2167, 0x2167,
        0x2167, 0x2167, 0x2167, 0x2187, 0x2167, 0x3A2A, 0x6BD1, 0x8CD4, 0x8CF5, 0x4B0E, 0x324B, 0x3A6B,
        0x324B, 0x324B, 0x324B, 0x324B, 0x324B, 0x324B, 0x324B, 0x324B, 0x324B, 0x324B, 0x324B, 0x324B,
        0x324B, 0x324B, 0x324B, 0x324B, 0x324B, 0x324B, 0x324B, 0x324B, 0x324B, 0x324B, 0x324B, 0x324B,
        0x324B, 0x324B, 0x324B, 0x324B, 0x324B, 0x324B, 0x324B, 0x324B, 0x324B, 0x324B, 0x324B, 0x324B,
        0x324B, 0x324B, 0x324B, 0x324B, 0x324B, 0x324B, 0x324B, 0x324B, 0x324B, 0x324B, 0x324B, 0x324B,
        0x324B, 0x324B, 0x324B, 0x324B, 0x324B, 0x324B, 0x324B, 0x324B, 0x324B, 0x324B, 0x324B, 0x324B,
        0x324B, 0x324B, 0x324B, 0x324B, 0x324B, 0x324B, 0x3A6B, 0x7412, 0x94F5, 0x8CF5, 0x7411, 0x29C9,
        0x2167, 0x2188, 0x2188, 0x2188, 0x2187, 0x2988, 0x2988, 0x2188, 0x2188, 0x2188, 0x2187, 0x2167,
        0x2167, 0x2187, 0x2187, 0x2167, 0x2188, 0x2187, 0x2187, 0x2167, 0x2167, 0x2167, 0x2167, 0x2187,
        0x2167, 0x2167, 0x2188, 0x2167, 0x2187, 0x29A8, 0x2188, 0x2187, 0x2188, 0x2188, 0x2188, 0x2188,
        0x2187, 0x2187, 0x2187, 0x2187, 0x2188, 0x2187, 0x2187, 0x2988, 0x2988, 0x2988, 0x2188, 0x2187,
        0x2188, 0x2188, 0x2188, 0x2988, 0x31E9, 0x6BB0, 0x8CF5, 0x8CD4, 0x5B2E, 0x322B, 0x324B, 0x324B,
        0x324B, 0x324B, 0x324B, 0x324B, 0x324B, 0x324B, 0x324B, 0x324B, 0x324B, 0x324B, 0x324B, 0x324B,
        0x324B, 0x324B, 0x324B, 0x324B, 0x324B, 0x324B, 0x324B, 0x324B, 0x324B, 0x324B, 0x324B, 0x324B,
        0x324B, 0x324B, 0x324B, 0x324B, 0x324B, 0x324B, 0x324B, 0x324B, 0x324B, 0x324B, 0x324B, 0x324B,
        0x324B, 0x324B, 0x324B, 0x324B, 0x324B, 0x324B, 0x324B, 0x324B, 0x324B, 0x324B, 0x324B, 0x324B,
        0x324B, 0x324B, 0x324B, 0x324B, 0x324B, 0x324B, 0x324B, 0x324B, 0x324B, 0x324B, 0x324B, 0x324B,
        0x324B, 0x324B, 0x324B, 0x324B, 0x324B, 0x324B, 0x324B, 0x324B, 0x324B, 0x324B, 0x324B, 0x324B,
        0x324B, 0x324B, 0x324B, 0x324B, 0x324B, 0x324B, 0x324B, 0x324B, 0x324B, 0x324B, 0x324B, 0x324B,
        0x324B, 0x324B, 0x324B, 0x324B, 0x324B, 0x324B, 0x324B, 0x324B, 0x324B, 0x324B, 0x324B, 0x324B,
        0x324B, 0x324B, 0x324B, 0x324B, 0x324B, 0x324B, 0x324B, 0x324B, 0x324B, 0x3A4B, 0x3A6C, 0x530E,
        0x8CD5, 0x8CD5, 0x7411, 0x31E9, 0x2988, 0x2988, 0x29A8, 0x2988, 0x2188, 0x2187, 0x2188, 0x2187,
        0x2187, 0x2188, 0x2187, 0x2188, 0x2188, 0x2167, 0x2167, 0x2167, 0x2167, 0x2187, 0x2188, 0x2187,
        0x2167, 0x2188, 0x29A8, 0x2187, 0x2187, 0x2187, 0x2188, 0x2188, 0x2188, 0x2167, 0x2167, 0x2167,
        0x2167, 0x2167, 0x2167, 0x2167, 0x2167, 0x2187, 0x2187, 0x2167, 0x2167, 0x2167, 0x2167, 0x2167,
        0x2167, 0x2167, 0x2167, 0x2167, 0x2187, 0x2187, 0x2188, 0x2187, 0x29C8, 0x6BD1, 0x8CF5, 0x94F5,
        0x6390, 0x3A4B, 0x3A4B, 0x324B, 0x324B, 0x324B, 0x324B, 0x324B, 0x324B, 0x324B, 0x324B, 0x324B,
        0x324B, 0x324B, 0x324B, 0x324B, 0x324B, 0x324B, 0x324B, 0x324B, 0x324B, 0x324B, 0x324B, 0x324B,
        0x324B, 0x324B, 0x324B, 0x324B, 0x324B, 0x324B, 0x324B, 0x324B, 0x324B, 0x324B, 0x324B, 0x324B,
        0x324B, 0x324B, 0x324B, 0x324B, 0x324B, 0x324B, 0x324B, 0x324B, 0x324B, 0x324B, 0x324B, 0x324B,
        0x324B, 0x324B, 0x324B, 0x324B, 0x324B, 0x324B, 0x324B, 0x324B, 0x324B, 0x324B, 0x324B, 0x324B,
        0x324B, 0x324B, 0x324B, 0x324B, 0x324B, 0x324B, 0x324B, 0x324B, 0x324B, 0x324B, 0x324B, 0x324B,
        0x7412, 0x8CF5, 0x8CD4, 0x6BD1, 0x29C9, 0x2188, 0x29A8, 0x2188, 0x29A8, 0x2988, 0x2188, 0x2988,
        0x2988, 0x2187, 0x2988, 0x2188, 0x2187, 0x2187, 0x2188, 0x2167, 0x2187, 0x2188, 0x29A8, 0x2188,
        0x2187, 0x2187, 0x2188, 0x2188, 0x2187, 0x2187, 0x2988, 0x2187, 0x2187, 0x29A8, 0x2988, 0x2187,
        0x2188, 0x2188, 0x2988, 0x2188, 0x2187, 0x2188, 0x2188, 0x2988, 0x2988, 0x2187, 0x2188, 0x2988,
        0x29A8, 0x29A8, 0x2188, 0x2988, 0x29A8, 0x2188, 0x2188, 0x29A8, 0x2988, 0x320A, 0x6BD1, 0x8CD4,
        0x8CD4, 0x5B2E, 0x322B, 0x324B, 0x324B, 0x324B, 0x324B, 0x324B, 0x324B, 0x324B, 0x324B, 0x324B,
        0x324B, 0x324B, 0x324B, 0x324B, 0x324B, 0x324B, 0x324B, 0x324B, 0x324B, 0x324B, 0x324B, 0x324B,
        0x324B, 0x324B, 0x324B, 0x324B, 0x324B, 0x324B, 0x324B, 0x324B, 0x324B, 0x324B, 0x324B, 0x324B,
        0x324B, 0x324B, 0x324B, 0x324B, 0x324B, 0x324B, 0x324B, 0x324B, 0x324B, 0x324B, 0x324B, 0x324B,
        0x324B, 0x324B, 0x324B, 0x324B, 0x324B, 0x324B, 0x324B, 0x324B, 0x324B, 0x324B, 0x324B, 0x324B,
        0x324B, 0x324B, 0x324B, 0x324B, 0x324B, 0x324B, 0x324B, 0x324B, 0x324B, 0x324B, 0x324B, 0x324B,
        0x324B, 0x324B, 0x324B, 0x324B, 0x324B, 0x324B, 0x324B, 0x324B, 0x324B, 0x324B, 0x324B, 0x324B,
        0x324B, 0x324B, 0x324B, 0x324B, 0x324B, 0x324B, 0x324B, 0x324B, 0x324B, 0x324B, 0x324B, 0x324B,
        0x324B, 0x324B, 0x324B, 0x324B, 0x324B, 0x324B, 0x324B, 0x324B, 0x324B, 0x324B, 0x324B, 0x324B,
        0x324B, 0x324B, 0x7432, 0x94F5, 0x8CD4, 0x6390, 0x29A8, 0x2988, 0x29A8, 0x2988, 0x2988, 0x2188,
        0x2187, 0x2187, 0x2188, 0x2188, 0x2188, 0x2187, 0x2187, 0x2188, 0x2188, 0x2187, 0x2188, 0x2187,
        0x2188, 0x2188, 0x2188, 0x2188, 0x2188, 0x2188, 0x2187, 0x2188, 0x2188, 0x2187, 0x2188, 0x2188,
        0x2188, 0x2187, 0x2187, 0x2167, 0x2167, 0x2167, 0x2167, 0x2167, 0x2167, 0x2167, 0x2187, 0x2187,
        0x2187, 0x2187, 0x2167, 0x2167, 0x2167, 0x2167, 0x2167, 0x2167, 0x2167, 0x2167, 0x2188, 0x320A,
        0x6390, 0x8CD5, 0x8CD4, 0x6390, 0x324B, 0x324B, 0x324B, 0x324B, 0x324B, 0x324B, 0x324B, 0x324B,
        0x324B, 0x324B, 0x324B, 0x324B, 0x324B, 0x324B, 0x324B, 0x324B, 0x324B, 0x324B, 0x324B, 0x324B,
        0x324B, 0x324B, 0x324B, 0x324B, 0x324B, 0x324B, 0x324B, 0x324B, 0x324B, 0x324B, 0x324B, 0x324B,
        0x324B, 0x324B, 0x324B, 0x324B, 0x324B, 0x324B, 0x324B, 0x324B, 0x324B, 0x324B, 0x324B, 0x324B,
        0x324B, 0x324B, 0x324B, 0x324B, 0x324B, 0x324B, 0x324B, 0x324B, 0x324B, 0x324B, 0x324B, 0x324B,
        0x324B, 0x324B, 0x324B, 0x324B, 0x324B, 0x324B, 0x324B, 0x324B, 0x324B, 0x324B, 0x324B, 0x324B,
        0x324B, 0x324B, 0x324B, 0x324B, 0x324B, 0x7412, 0x94F5, 0x8CD5, 0x6BB0, 0x29A8, 0x2187, 0x2988,
        0x2187, 0x2188, 0x2187, 0x2187, 0x2167, 0x2167, 0x2187, 0x2167, 0x2187, 0x2187, 0x2167, 0x2187,
        0x2187, 0x2988, 0x2188, 0x2187, 0x2187, 0x2187, 0x2188, 0x2167, 0x2188, 0x2188, 0x2188, 0x2187,
        0x2187, 0x2188, 0x2187, 0x2187, 0x2188, 0x2167, 0x2187, 0x2187, 0x2188, 0x2167, 0x2187, 0x2988,
        0x2188, 0x2188, 0x2187, 0x2188, 0x2187, 0x2188, 0x2188, 0x2188, 0x2167, 0x2188, 0x2188, 0x2167,
        0x29A8, 0x2188, 0x29C9, 0x6BB0, 0x8CF5, 0x8CD4, 0x52ED, 0x324B, 0x324B, 0x324B, 0x324B, 0x324B,
        0x324B, 0x324B, 0x324B, 0x324B, 0x324B, 0x324B, 0x324B, 0x324B, 0x324B, 0x324B, 0x324B, 0x324B,
        0x324B, 0x324B, 0x324B, 0x324B, 0x324B, 0x324B, 0x324B, 0x324B, 0x324B, 0x324B, 0x324B, 0x324B,
        0x324B, 0x324B, 0x324B, 0x324B, 0x324B, 0x324B, 0x324B, 0x324B, 0x324B, 0x324B, 0x324B, 0x324B,
        0x324B, 0x324B, 0x324B, 0x324B, 0x324B, 0x324B, 0x324B, 0x324B, 0x324B, 0x324B, 0x324B, 0x324B,
        0x324B, 0x324B, 0x324B, 0x324B, 0x324B, 0x324B, 0x324B, 0x324B, 0x324B, 0x324B, 0x324B, 0x324B,
        0x324B, 0x324B, 0x324B, 0x324B, 0x324B, 0x324B, 0x324B, 0x324B, 0x324B, 0x324B, 0x324B, 0x324B,
        0x324B, 0x324B, 0x324B, 0x324B, 0x324B, 0x324B, 0x324B, 0x324B, 0x324B, 0x324B, 0x324B, 0x324B,
        0x324B, 0x324B, 0x324B, 0x324B, 0x324B, 0x324B, 0x324B, 0x324B, 0x324B, 0x324B, 0x324B, 0x324B,
        0x324B, 0x324B, 0x324B, 0x324B, 0x324B, 0x530E, 0x8CD5, 0x8CD4, 0x8493, 0x530D, 0x52ED, 0x52ED,
        0x52ED, 0x5B2E, 0x530D, 0x52ED, 0x52ED, 0x52ED, 0x52ED, 0x52ED, 0x52ED, 0x4ACD, 0x52ED, 0x530D,
        0x52ED, 0x4ACD, 0x530D, 0x530D, 0x4ACD, 0x530D, 0x530D, 0x52ED, 0x52ED, 0x52ED, 0x52ED, 0x530D,
        0x530D, 0x52ED, 0x530D, 0x530D, 0x52ED, 0x52ED, 0x530D, 0x4ACD, 0x4ACD, 0x530D, 0x52ED, 0x4ACD,
        0x52ED, 0x52ED, 0x4ACD, 0x52ED, 0x52ED, 0x4AED, 0x4ACD, 0x530D, 0x4ACD, 0x4ACC, 0x530D, 0x52ED,
        0x4ACD, 0x52ED, 0x5B2E, 0x7412, 0x8494, 0x94F5, 0x5B4F, 0x324B, 0x324B, 0x324B, 0x324B, 0x324B,
        0x324B, 0x324B, 0x324B, 0x324B, 0x324B, 0x324B, 0x324B, 0x324B, 0x324B, 0x324B, 0x324B, 0x324B,
        0x324B, 0x324B, 0x324B, 0x324B, 0x324B, 0x324B, 0x324B, 0x324B, 0x324B, 0x324B, 0x324B, 0x324B,
        0x324B, 0x324B, 0x324B, 0x324B, 0x324B, 0x324B, 0x324B, 0x324B, 0x324B, 0x324B, 0x324B, 0x324B,
        0x324B, 0x324B, 0x324B, 0x324B, 0x324B, 0x324B, 0x324B, 0x324B, 0x324B, 0x324B, 0x324B, 0x324B,
        0x324B, 0x324B, 0x324B, 0x324B, 0x324B, 0x324B, 0x324B, 0x324B, 0x324B, 0x324B, 0x324B, 0x324B,
        0x324B, 0x324B, 0x324B, 0x324B, 0x324B, 0x324B, 0x324B, 0x324B, 0x324B, 0x324B, 0x7432, 0x8CF5,
        0x8CD4, 0x6BD0, 0x428B, 0x530D, 0x4ACD, 0x4ACC, 0x4AAC, 0x52ED, 0x4ACD, 0x4AAC, 0x4ACD, 0x4ACC,
        0x4AED, 0x4ACD, 0x4AAC, 0x4AED, 0x4ACD, 0x4AAC, 0x4AAC, 0x4ACD, 0x4ACC, 0x4AAC, 0x4ACD, 0x4ACC,
        0x4ACD, 0x4ACD, 0x4ACD, 0x4ACD, 0x4AAC, 0x4ACD, 0x4ACC, 0x4ACC, 0x4ACD, 0x4AAC, 0x4AAC, 0x4AAC,
        0x52ED, 0x4AAC, 0x4AAC, 0x4ACD, 0x4AAC, 0x4ACD, 0x4AAC, 0x4AAC, 0x4ACC, 0x4ACD, 0x4AAC, 0x4AAC,
        0x4AAC, 0x4AAC, 0x4AAC, 0x52ED, 0x4AAC, 0x4AAC, 0x4AAC, 0x530D, 0x8494, 0x8CD5, 0x84B4, 0x532E,
        0x322B, 0x324B, 0x324B, 0x324B, 0x324B, 0x324B, 0x324B, 0x324B, 0x324B, 0x324B, 0x324B, 0x324B,
        0x324B, 0x324B, 0x324B, 0x324B, 0x324B, 0x324B, 0x324B, 0x324B, 0x324B, 0x324B, 0x324B, 0x324B,
        0x324B, 0x324B, 0x324B, 0x324B, 0x324B, 0x324B, 0x324B, 0x324B, 0x324B, 0x324B, 0x324B, 0x324B,
        0x324B, 0x324B, 0x324B, 0x324B, 0x324B, 0x324B, 0x324B, 0x324B, 0x324B, 0x324B, 0x324B, 0x324B,
        0x324B, 0x324B, 0x324B, 0x324B, 0x324B, 0x324B, 0x324B, 0x324B, 0x324B, 0x324B, 0x324B, 0x324B,
        0x324B, 0x324B, 0x324B, 0x324B, 0x324B, 0x324B, 0x324B, 0x324B, 0x324B, 0x324B, 0x324B, 0x324B,
        0x324B, 0x324B, 0x324B, 0x324B, 0x324B, 0x324B, 0x324B, 0x324B, 0x324B, 0x324B, 0x324B, 0x324B,
        0x324B, 0x324B, 0x324B, 0x324B, 0x324B, 0x324B, 0x324B, 0x324B, 0x324B, 0x324B, 0x324B, 0x324B,
        0x324B, 0x324B, 0x324B, 0x324B, 0x324B, 0x324B, 0x324B, 0x324B, 0x532E, 0x8CF5, 0x84B4, 0x84B4,
        0x84B4, 0x8494, 0x8CD4, 0x84B4, 0x84B4, 0x84B4, 0x84B4, 0x84B4, 0x8CB4, 0x8CD4, 0x8CB4, 0x8CD4,
        0x8CD4, 0x8CD4, 0x8CD4, 0x8CD5, 0x8CF5, 0x8CD4, 0x8CD5, 0x8CD5, 0x8CD5, 0x8CD5, 0x8CD5, 0x8CD4,
        0x8CD5, 0x8CD4, 0x8CD5, 0x8CD5, 0x8CD5, 0x8CD4, 0x8CD5, 0x8CD5, 0x8CD5, 0x8CD5, 0x8CF5, 0x8CD4,
        0x8CD5, 0x8CF5, 0x8CD5, 0x8CD4, 0x8CF5, 0x8CF5, 0x8CD5, 0x8CF5, 0x8CF5, 0x8CD5, 0x8CD5, 0x94F5,
        0x8CD5, 0x8CD4, 0x8CF5, 0x8CF5, 0x8CD4, 0x8CF5, 0x8CD5, 0x84B4, 0x94F5, 0x6390, 0x324B, 0x3A4B,
        0x324B, 0x324B, 0x324B, 0x324B, 0x324B, 0x324B, 0x324B, 0x324B, 0x324B, 0x324B, 0x324B, 0x324B,
        0x324B, 0x324B, 0x324B, 0x324B, 0x324B, 0x324B, 0x324B, 0x324B, 0x324B, 0x324B, 0x324B, 0x324B,
        0x324B, 0x324B, 0x324B, 0x324B, 0x324B, 0x324B, 0x324B, 0x324B, 0x324B, 0x324B, 0x324B, 0x324B,
        0x324B, 0x324B, 0x324B, 0x324B, 0x324B, 0x324B, 0x324B, 0x324B, 0x324B, 0x324B, 0x324B, 0x324B,
        0x324B, 0x324B, 0x324B, 0x324B, 0x324B, 0x324B, 0x324B, 0x324B, 0x324B, 0x324B, 0x324B, 0x324B,
        0x324B, 0x324B, 0x324B, 0x324B, 0x324B, 0x324B, 0x324B, 0x324B, 0x324B, 0x324B, 0x324B, 0x324B,
        0x324B, 0x324B, 0x3A6B, 0x7432, 0x8CF5, 0x8CD4, 0x8493, 0x84B4, 0x84B4, 0x8493, 0x8494, 0x8CB4,
        0x84B4, 0x8493, 0x84B4, 0x8493, 0x8494, 0x8493, 0x8493, 0x84B4, 0x8494, 0x7C73, 0x8493, 0x84B4,
        0x8494, 0x8493, 0x8494, 0x8CB4, 0x84B4, 0x84B4, 0x8CB4, 0x84B4, 0x84B4, 0x8CD4, 0x8CD4, 0x8CB4,
        0x8CD4, 0x8CD4, 0x84B4, 0x84B4, 0x8CD4, 0x8CB4, 0x8CB4, 0x8CD4, 0x8CD4, 0x8CD4, 0x8CD4, 0x84B4,
        0x8CD4, 0x8CD4, 0x8CB4, 0x8CD4, 0x8CD4, 0x84B4, 0x84B4, 0x8CD4, 0x8CD4, 0x8CB4, 0x8CF5, 0x8493,
        0x84B4, 0x8CD4, 0x8CD4, 0x8CB4, 0x530D, 0x322B, 0x324B, 0x324B, 0x324B, 0x324B, 0x324B, 0x324B,
        0x324B, 0x324B, 0x324B, 0x324B, 0x324B, 0x324B, 0x324B, 0x324B, 0x324B, 0x324B, 0x324B, 0x324B,
        0x324B, 0x324B, 0x324B, 0x324B, 0x324B, 0x324B, 0x324B, 0x324B, 0x324B, 0x324B, 0x324B, 0x324B,
        0x324B, 0x324B, 0x324B, 0x324B, 0x324B, 0x324B, 0x324B, 0x324B, 0x324B, 0x324B, 0x324B, 0x324B,
        0x324B, 0x324B, 0x324B, 0x324B, 0x324B, 0x324B, 0x324B, 0x324B, 0x324B, 0x324B, 0x324B, 0x324B,
        0x324B, 0x324B, 0x324B, 0x324B, 0x324B, 0x324B, 0x324B, 0x324B, 0x324B, 0x324B, 0x324B, 0x324B,
        0x324B, 0x324B, 0x324B, 0x324B, 0x324B, 0x324B, 0x324B, 0x324B, 0x324B, 0x324B, 0x324B, 0x324B,
        0x324B, 0x324B, 0x324B, 0x324B, 0x324B, 0x324B, 0x324B, 0x324B, 0x324B, 0x324B, 0x324B, 0x324B,
        0x324B, 0x324B, 0x324B, 0x324B, 0x324B, 0x324B, 0x324B, 0x324B, 0x324B, 0x324B, 0x324B, 0x4AEE,
        0x8CD5, 0x84B4, 0x8493, 0x8494, 0x8CB4, 0x8CB4, 0x84B4, 0x8494, 0x8493, 0x8493, 0x8494, 0x8494,
        0x8493, 0x8494, 0x8493, 0x8493, 0x8493, 0x8493, 0x8493, 0x8493, 0x8493, 0x8493, 0x8493, 0x7C73,
        0x8493, 0x8473, 0x7C53, 0x7C73, 0x8473, 0x7C73, 0x7C73, 0x7C52, 0x7C53, 0x7C73, 0x7C53, 0x7C53,
        0x7C73, 0x7C73, 0x7C52, 0x7C53, 0x7C73, 0x7C53, 0x7C73, 0x7C73, 0x7C73, 0x7C73, 0x7C73, 0x8493,
        0x8493, 0x8493, 0x8493, 0x8473, 0x8493, 0x84B4, 0x8493, 0x8493, 0x84B4, 0x84B4, 0x84B4, 0x8CB4,
        0x6390, 0x324B, 0x324B, 0x324B, 0x324B, 0x324B, 0x324B, 0x324B, 0x324B, 0x324B, 0x324B, 0x324B,
        0x324B, 0x324B, 0x324B, 0x324B, 0x324B, 0x324B, 0x324B, 0x324B, 0x324B, 0x324B, 0x324B, 0x324B,
        0x324B, 0x324B, 0x324B, 0x324B, 0x324B, 0x324B, 0x324B, 0x324B, 0x324B, 0x324B, 0x324B, 0x324B,
        0x324B, 0x324B, 0x324B, 0x324B, 0x324B, 0x324B, 0x324B, 0x324B, 0x324B, 0x324B, 0x324B, 0x324B,
        0x324B, 0x324B, 0x324B, 0x324B, 0x324B, 0x324B, 0x324B, 0x324B, 0x324B, 0x324B, 0x324B, 0x324B,
        0x324B, 0x324B, 0x324B, 0x324B, 0x324B, 0x324B, 0x324B, 0x324B, 0x324B, 0x324B, 0x324B, 0x324B,
        0x324B, 0x324B, 0x324B, 0x324B, 0x324B, 0x324B, 0x324B, 0x3A6C, 0x7C52, 0x8CF5, 0x8CD4, 0x8CD5,
        0x8CD5, 0x8CD4, 0x8CD4, 0x8CD5, 0x8CD4, 0x8CD4, 0x8CD4, 0x8CD4, 0x8CD4, 0x8CD4, 0x8CD4, 0x8CD4,
        0x8CD4, 0x84B4, 0x8CB4, 0x8CB4, 0x84B4, 0x8CD4, 0x84B4, 0x8CB4, 0x84B4, 0x84B4, 0x84B4, 0x84B4,
        0x8CB4, 0x8CB4, 0x84B4, 0x84B4, 0x84B4, 0x8494, 0x84B4, 0x84B4, 0x8493, 0x8493, 0x8493, 0x8493,
        0x8494, 0x8493, 0x8494, 0x84B4, 0x8493, 0x8493, 0x8494, 0x84B4, 0x84B4, 0x84B4, 0x8CB4, 0x8494,
        0x84B4, 0x8CD4, 0x84B4, 0x8CD4, 0x84B4, 0x8CD4, 0x8494, 0x8CD4, 0x8494, 0x52ED, 0x322B, 0x324B,
        0x324B, 0x324B, 0x324B, 0x324B, 0x324B, 0x324B, 0x324B, 0x324B, 0x324B, 0x324B, 0x324B, 0x324B,
        0x324B, 0x324B, 0x324B, 0x324B, 0x324B, 0x324B, 0x324B, 0x324B, 0x324B, 0x324B, 0x324B, 0x324B,
        0x324B, 0x324B, 0x324B, 0x324B, 0x324B, 0x324B, 0x324B, 0x324B, 0x324B, 0x324B, 0x324B, 0x324B,
        0x324B, 0x324B, 0x324B, 0x324B, 0x324B, 0x324B, 0x324B, 0x324B, 0x324B, 0x324B, 0x324B, 0x324B,
        0x324B, 0x324B, 0x324B, 0x324B, 0x324B, 0x324B, 0x324B, 0x324B, 0x324B, 0x324B, 0x324B, 0x324B,
        0x324B, 0x324B, 0x324B, 0x324B, 0x324B, 0x324B, 0x324B, 0x324B, 0x324B, 0x324B, 0x324B, 0x324B,
        0x324B, 0x324B, 0x324B, 0x324B, 0x324B, 0x324B, 0x324B, 0x324B, 0x324B, 0x324B, 0x324B, 0x324B,
        0x324B, 0x324B, 0x324B, 0x324B, 0x324B, 0x324B, 0x324B, 0x324B, 0x324B, 0x324B, 0x324B, 0x324B,
        0x324B, 0x324B, 0x324B, 0x324B, 0x324B, 0x324B, 0x324B, 0x324B, 0x324B, 0x324B, 0x324B, 0x324B,
        0x324B, 0x324B, 0x324B, 0x324B, 0x324B, 0x324B, 0x324B, 0x324B, 0x324B, 0x324B, 0x324B, 0x324B,
        0x324B, 0x324B, 0x324B, 0x324B, 0x324B, 0x324B, 0x324B, 0x324B, 0x324B, 0x324B, 0x324B, 0x324B,
        0x324B, 0x324B, 0x324B, 0x324B, 0x324B, 0x324B, 0x324B, 0x324B, 0x324B, 0x324B, 0x324B, 0x324B,
        0x324B, 0x324B, 0x324B, 0x324B, 0x324B, 0x324B, 0x324B, 0x324B, 0x324B, 0x324B, 0x324B, 0x324B,
        0x324B, 0x324B, 0x324B, 0x324B, 0x324B, 0x324B, 0x324B, 0x324B, 0x324B, 0x324B, 0x324B, 0x324B,
        0x324B, 0x324B, 0x324B, 0x324B, 0x324B, 0x324B, 0x324B, 0x324B, 0x324B, 0x324B, 0x324B, 0x324B,
        0x324B, 0x324B, 0x324B, 0x324B, 0x324B, 0x324B, 0x324B, 0x324B, 0x324B, 0x324B, 0x324B, 0x324B,
        0x324B, 0x324B, 0x324B, 0x324B, 0x324B, 0x324B, 0x324B, 0x324B, 0x324B, 0x324B, 0x324B, 0x324B,
        0x324B, 0x324B, 0x324B, 0x324B, 0x324B, 0x324B, 0x324B, 0x324B, 0x324B, 0x324B, 0x324B, 0x324B,
        0x324B, 0x324B, 0x324B, 0x324B, 0x324B, 0x324B, 0x324B, 0x324B, 0x324B, 0x324B, 0x324B, 0x324B,
        0x324B, 0x324B, 0x324B, 0x324B, 0x324B, 0x324B, 0x324B, 0x324B, 0x324B, 0x324B, 0x324B, 0x324B,
        0x324B, 0x324B, 0x324B, 0x324B, 0x324B, 0x324B, 0x324B, 0x324B, 0x324B, 0x324B, 0x324B, 0x324B,
        0x324B, 0x324B, 0x324B, 0x324B, 0x324B, 0x324B, 0x324B, 0x324B, 0x324B, 0x324B, 0x324B, 0x324B,
        0x324B, 0x324B, 0x324B, 0x324B, 0x324B, 0x324B, 0x324B, 0x324B, 0x324B, 0x324B, 0x324B, 0x324B,
        0x324B, 0x324B, 0x324B, 0x324B, 0x324B, 0x324B, 0x324B, 0x324B, 0x324B, 0x324B, 0x324B, 0x324B,
        0x324B, 0x324B, 0x324B, 0x324B, 0x324B, 0x324B, 0x324B, 0x324B, 0x324B, 0x324B, 0x324B, 0x324B,
        0x324B, 0x324B, 0x324B, 0x324B, 0x324B, 0x324B, 0x324B, 0x324B, 0x324B, 0x324B, 0x324B, 0x324B,
        0x324B, 0x324B, 0x324B, 0x324B, 0x324B, 0x324B, 0x324B, 0x324B, 0x324B, 0x324B, 0x324B, 0x324B,
        0x324B, 0x324B, 0x324B, 0x324B, 0x324B, 0x324B, 0x324B, 0x324B, 0x324B, 0x324B, 0x324B, 0x324B,
        0x324B, 0x324B, 0x324B, 0x324B, 0x324B, 0x324B, 0x324B, 0x324B, 0x324B, 0x324B, 0x324B, 0x324B,
        0x324B, 0x324B, 0x324B, 0x324B, 0x324B, 0x324B, 0x324B, 0x324B, 0x324B, 0x324B, 0x324B, 0x324B,
        0x324B, 0x324B, 0x324B, 0x324B, 0x324B, 0x324B, 0x324B, 0x324B, 0x324B, 0x324B, 0x324B, 0x324B,
        0x324B, 0x324B, 0x324B, 0x324B, 0x324B, 0x324B, 0x324B, 0x324B, 0x324B, 0x324B, 0x324B, 0x324B,
        0x324B, 0x324B, 0x324B, 0x324B, 0x324B, 0x324B, 0x324B, 0x324B, 0x324B, 0x324B, 0x324B, 0x324B,
        0x324B, 0x324B, 0x324B, 0x324B, 0x324B, 0x324B, 0x324B, 0x324B, 0x324B, 0x324B, 0x324B, 0x324B,
        0x324B, 0x324B, 0x324B, 0x324B, 0x324B, 0x324B, 0x324B, 0x324B, 0x324B, 0x324B, 0x324B, 0x324B,
        0x324B, 0x324B, 0x324B, 0x324B, 0x324B, 0x324B, 0x324B, 0x324B, 0x324B, 0x324B, 0x324B, 0x324B,
        0x324B, 0x324B, 0x324B, 0x324B, 0x324B, 0x324B, 0x324B, 0x324B, 0x324B, 0x324B, 0x324B, 0x324B,
        0x324B, 0x324B, 0x324B, 0x324B, 0x324B, 0x324B, 0x324B, 0x324B, 0x324B, 0x324B, 0x324B, 0x324B,
        0x324B, 0x324B, 0x324B, 0x324B, 0x324B, 0x324B, 0x324B, 0x324B, 0x324B, 0x324B, 0x324B, 0x324B,
        0x324B, 0x324B, 0x324B, 0x324B, 0x324B, 0x324B, 0x324B, 0x324B, 0x324B, 0x324B, 0x324B, 0x324B,
        0x324B, 0x324B, 0x324B, 0x324B, 0x324B, 0x324B, 0x324B, 0x324B, 0x324B, 0x324B, 0x324B, 0x324B,
        0x324B, 0x324B, 0x324B, 0x324B, 0x324B, 0x324B, 0x324B, 0x324B, 0x324B, 0x324B, 0x324B, 0x324B,
        0x324B, 0x324B, 0x324B, 0x324B, 0x324B, 0x324B, 0x324B, 0x324B, 0x324B, 0x324B, 0x324B, 0x324B,
        0x324B, 0x324B, 0x324B, 0x324B, 0x324B, 0x324B, 0x324B, 0x324B, 0x324B, 0x324B, 0x324B, 0x324B,
        0x324B, 0x324B, 0x324B, 0x324B, 0x324B, 0x324B, 0x324B, 0x324B, 0x324B, 0x324B, 0x324B, 0x324B,
        0x324B, 0x324B, 0x324B, 0x324B, 0x324B, 0x324B, 0x324B, 0x324B, 0x324B, 0x324B, 0x324B, 0x324B,
        0x324B, 0x324B, 0x324B, 0x324B, 0x324B, 0x324B, 0x324B, 0x324B, 0x324B, 0x324B, 0x324B, 0x324B,
        0x324B, 0x324B, 0x324B, 0x324B, 0x324B, 0x324B, 0x324B, 0x324B, 0x324B, 0x324B, 0x324B, 0x324B,
        0x324B, 0x324B, 0x324B, 0x324B, 0x324B, 0x324B, 0x324B, 0x324B, 0x324B, 0x324B, 0x324B, 0x324B,
        0x324B, 0x324B, 0x324B, 0x324B, 0x324B, 0x324B, 0x324B, 0x324B, 0x324B, 0x324B, 0x324B, 0x324B,
        0x324B, 0x324B, 0x324B, 0x324B, 0x324B, 0x324B, 0x324B, 0x324B, 0x324B, 0x324B, 0x324B, 0x324B,
        0x324B, 0x324B, 0x324B, 0x324B, 0x324B, 0x324B, 0x324B, 0x324B, 0x324B, 0x324B, 0x324B, 0x324B,
        0x324B, 0x324B, 0x324B, 0x324B, 0x324B, 0x324B, 0x324B, 0x324B, 0x324B, 0x324B, 0x324B, 0x324B,
        0x324B, 0x324B, 0x324B, 0x324B, 0x324B, 0x324B, 0x324B, 0x324B, 0x324B, 0x324B, 0x324B, 0x324B,
        0x324B, 0x324B, 0x324B, 0x324B, 0x324B, 0x324B, 0x324B, 0x324B, 0x324B, 0x324B, 0x324B, 0x324B,
        0x324B, 0x324B, 0x324B, 0x324B, 0x324B, 0x324B, 0x324B, 0x324B, 0x324B, 0x324B, 0x324B, 0x324B,
        0x324B, 0x324B, 0x324B, 0x324B, 0x324B, 0x324B, 0x324B, 0x324B, 0x324B, 0x324B, 0x324B, 0x324B,
        0x324B, 0x324B, 0x324B, 0x324B, 0x324B, 0x324B, 0x324B, 0x324B, 0x324B, 0x324B, 0x324B, 0x324B,
        0x324B, 0x324B, 0x324B, 0x324B, 0x324B, 0x324B, 0x324B, 0x324B, 0x324B, 0x324B, 0x324B, 0x324B,
        0x324B, 0x324B, 0x324B, 0x324B, 0x324B, 0x324B, 0x324B, 0x324B, 0x324B, 0x324B, 0x324B, 0x324B,
        0x324B, 0x324B, 0x324B, 0x324B, 0x324B, 0x324B, 0x324B, 0x324B, 0x324B, 0x324B, 0x324B, 0x324B,
        0x324B, 0x324B, 0x324B, 0x324B, 0x324B, 0x324B, 0x324B, 0x324B, 0x324B, 0x324B, 0x324B, 0x324B,
        0x324B, 0x324B, 0x324B, 0x324B, 0x324B, 0x324B, 0x324B, 0x324B, 0x324B, 0x324B, 0x324B, 0x324B,
        0x324B, 0x324B, 0x324B, 0x324B, 0x324B, 0x324B, 0x324B, 0x324B, 0x324B, 0x324B, 0x324B, 0x324B,
        0x324B, 0x324B, 0x324B, 0x324B, 0x324B, 0x324B, 0x324B, 0x324B, 0x324B, 0x324B, 0x324B, 0x324B,
        0x324B, 0x324B, 0x324B, 0x324B, 0x324B, 0x324B, 0x324B, 0x324B, 0x324B, 0x324B, 0x324B, 0x324B,
        0x324B, 0x324B, 0x324B, 0x324B, 0x324B, 0x324B, 0x324B, 0x324B, 0x324B, 0x324B, 0x324B, 0x324B,
        0x324B, 0x324B, 0x324B, 0x324B, 0x324B, 0x324B, 0x324B, 0x324B, 0x324B, 0x324B, 0x324B, 0x324B,
        0x324B, 0x324B, 0x324B, 0x324B, 0x324B, 0x324B, 0x324B, 0x324B, 0x324B, 0x324B, 0x324B, 0x324B,
        0x324B, 0x324B, 0x324B, 0x324B, 0x324B, 0x324B, 0x324B, 0x324B, 0x324B, 0x324B, 0x324B, 0x324B,
        0x324B, 0x324B, 0x324B, 0x324B, 0x324B, 0x324B, 0x324B, 0x324B, 0x324B, 0x324B, 0x324B, 0x324B,
        0x324B, 0x324B, 0x324B, 0x324B, 0x324B, 0x324B, 0x324B, 0x324B, 0x324B, 0x324B, 0x324B, 0x324B,
        0x324B, 0x324B, 0x324B, 0x324B, 0x324B, 0x324B, 0x324B, 0x324B, 0x324B, 0x324B, 0x324B, 0x324B,
        0x324B, 0x324B, 0x324B, 0x324B, 0x324B, 0x324B, 0x324B, 0x324B, 0x324B, 0x324B, 0x324B, 0x324B,
        0x324B, 0x324B, 0x324B, 0x324B, 0x324B, 0x324B, 0x324B, 0x324B, 0x324B, 0x324B, 0x324B, 0x324B,
        0x324B, 0x324B, 0x324B, 0x324B, 0x324B, 0x324B, 0x324B, 0x324B, 0x324B, 0x324B, 0x324B, 0x324B,
        0x324B, 0x324B, 0x324B, 0x324B, 0x324B, 0x324B, 0x324B, 0x324B, 0x324B, 0x324B, 0x324B, 0x324B,
        0x324B, 0x324B, 0x324B, 0x324B, 0x324B, 0x324B, 0x324B, 0x324B, 0x324B, 0x324B, 0x324B, 0x324B,
        0x324B, 0x324B, 0x324B, 0x324B, 0x324B, 0x324B, 0x324B, 0x324B, 0x324B, 0x324B, 0x324B, 0x324B,
        0x324B, 0x324B, 0x324B, 0x324B, 0x324B, 0x324B, 0x324B, 0x324B, 0x324B, 0x324B, 0x324B, 0x324B,
        0x324B, 0x324B, 0x324B, 0x324B, 0x324B, 0x324B, 0x324B, 0x324B, 0x324B, 0x324B, 0x324B, 0x324B,
        0x324B, 0x324B, 0x324B, 0x324B, 0x324B, 0x324B, 0x324B, 0x324B, 0x324B, 0x324B, 0x324B, 0x324B,
        0x324B, 0x324B, 0x324B, 0x324B, 0x324B, 0x324B, 0x324B, 0x324B, 0x324B, 0x324B, 0x324B, 0x324B,
        0x324B, 0x324B, 0x324B, 0x324B, 0x324B, 0x324B, 0x324B, 0x324B, 0x324B, 0x324B, 0x324B, 0x324B,
        0x324B, 0x324B, 0x324B, 0x324B, 0x324B, 0x324B, 0x324B, 0x324B, 0x324B, 0x324B, 0x324B, 0x324B,
        0x324B, 0x324B, 0x324B, 0x324B, 0x324B, 0x324B, 0x324B, 0x324B, 0x324B, 0x324B, 0x324B, 0x324B,
        0x324B, 0x324B, 0x324B, 0x324B, 0x324B, 0x324B, 0x324B, 0x324B, 0x324B, 0x324B, 0x324B, 0x324B,
        0x324B, 0x324B, 0x324B, 0x324B, 0x324B, 0x324B, 0x324B, 0x324B, 0x324B, 0x324B, 0x324B, 0x324B,
        0x324B, 0x324B, 0x324B, 0x324B, 0x324B, 0x324B, 0x324B, 0x324B, 0x324B, 0x324B, 0x324B, 0x324B,
        0x324B, 0x324B, 0x324B, 0x324B, 0x324B, 0x324B, 0x324B, 0x324B, 0x324B, 0x324B, 0x324B, 0x324B,
        0x324B, 0x324B, 0x324B, 0x324B, 0x324B, 0x324B, 0x324B, 0x324B, 0x324B, 0x324B, 0x324B, 0x324B,
        0x324B, 0x324B, 0x324B, 0x324B, 0x324B, 0x324B, 0x324B, 0x324B, 0x324B, 0x324B, 0x324B, 0x324B,
        0x324B, 0x324B, 0x324B, 0x324B, 0x324B, 0x324B, 0x324B, 0x324B, 0x324B, 0x324B, 0x324B, 0x324B,
        0x324B, 0x324B, 0x324B, 0x324B, 0x324B, 0x324B, 0x324B, 0x324B, 0x324B, 0x324B, 0x324B, 0x324B,
        0x324B, 0x324B, 0x324B, 0x324B, 0x324B, 0x324B, 0x324B, 0x324B, 0x324B, 0x324B, 0x324B, 0x324B,
        0x324B, 0x324B, 0x324B, 0x324B, 0x324B, 0x324B, 0x324B, 0x324B, 0x324B, 0x324B, 0x324B, 0x324B,
        0x324B, 0x324B, 0x324B, 0x324B, 0x324B, 0x324B, 0x324B, 0x324B, 0x324B, 0x324B, 0x324B, 0x324B,
        0x324B, 0x324B, 0x324B, 0x324B, 0x324B, 0x324B, 0x324B, 0x324B, 0x324B, 0x324B, 0x324B, 0x324B,
        0x324B, 0x324B, 0x324B, 0x324B, 0x324B, 0x324B, 0x324B, 0x324B, 0x324B, 0x324B, 0x324B, 0x324B,
        0x324B, 0x324B, 0x324B, 0x324B, 0x324B, 0x324B, 0x324B, 0x324B, 0x324B, 0x324B, 0x324B, 0x324B,
        0x324B, 0x324B, 0x324B, 0x324B, 0x324B, 0x324B, 0x324B, 0x324B, 0x324B, 0x324B, 0x324B, 0x324B,
        0x324B, 0x324B, 0x324B, 0x324B, 0x324B, 0x324B, 0x324B, 0x324B, 0x324B, 0x324B, 0x324B, 0x324B,
        0x324B, 0x324B, 0x324B, 0x324B, 0x324B, 0x324B, 0x324B, 0x324B, 0x324B, 0x324B, 0x324B, 0x324B,
        0x324B, 0x324B, 0x324B, 0x324B, 0x324B, 0x324B, 0x324B, 0x324B, 0x324B, 0x324B, 0x324B, 0x324B,
        0x324B, 0x324B, 0x324B, 0x324B, 0x324B, 0x324B, 0x324B, 0x324B, 0x324B, 0x324B, 0x324B, 0x324B,
        0x324B, 0x324B, 0x324B, 0x324B, 0x324B, 0x324B, 0x324B, 0x324B, 0x324B, 0x324B, 0x324B, 0x324B,
        0x324B, 0x324B, 0x324B, 0x324B, 0x324B, 0x324B, 0x324B, 0x324B, 0x324B, 0x324B, 0x324B, 0x324B,
        0x324B, 0x324B, 0x324B, 0x324B, 0x324B, 0x324B, 0x324B, 0x324B, 0x324B, 0x324B, 0x324B, 0x324B,
        0x324B, 0x324B, 0x324B, 0x324B, 0x324B, 0x324B, 0x324B, 0x324B, 0x324B, 0x324B, 0x324B, 0x324B,
        0x324B, 0x324B, 0x324B, 0x324B, 0x324B, 0x324B, 0x324B, 0x324B, 0x324B, 0x324B, 0x324B, 0x324B,
        0x324B, 0x324B, 0x324B, 0x324B, 0x324B, 0x324B, 0x324B, 0x324B, 0x324B, 0x324B, 0x324B, 0x324B,
        0x324B, 0x324B, 0x324B, 0x324B, 0x324B, 0x324B, 0x324B, 0x324B, 0x324B, 0x324B, 0x324B, 0x324B,
        0x324B, 0x324B, 0x324B, 0x324B, 0x324B, 0x324B, 0x324B, 0x324B, 0x324B, 0x324B, 0x324B, 0x324B,
        0x324B, 0x324B, 0x324B, 0x324B, 0x324B, 0x324B, 0x324B, 0x324B, 0x324B, 0x324B, 0x324B, 0x324B,
        0x324B, 0x324B, 0x324B, 0x324B, 0x324B, 0x324B, 0x324B, 0x324B, 0x324B, 0x324B, 0x324B, 0x324B,
        0x324B, 0x324B, 0x324B, 0x324B, 0x324B, 0x324B, 0x324B, 0x324B, 0x324B, 0x324B, 0x324B, 0x324B,
        0x324B, 0x324B, 0x324B, 0x324B, 0x324B, 0x324B, 0x324B, 0x324B, 0x324B, 0x324B, 0x324B, 0x324B,
        0x324B, 0x324B, 0x324B, 0x324B, 0x324B, 0x324B, 0x324B, 0x324B, 0x324B, 0x324B, 0x324B, 0x324B,
        0x324B, 0x324B, 0x324B, 0x324B, 0x324B, 0x324B, 0x324B, 0x324B, 0x324B, 0x324B, 0x324B, 0x324B,
        0x324B, 0x324B, 0x324B, 0x324B, 0x324B, 0x324B, 0x324B, 0x324B, 0x324B, 0x324B, 0x324B, 0x324B,
        0x324B, 0x324B, 0x324B, 0x324B, 0x324B, 0x324B, 0x324B, 0x324B, 0x324B, 0x324B, 0x324B, 0x324B,
        0x324B, 0x324B, 0x324B, 0x324B, 0x324B, 0x324B, 0x324B, 0x324B, 0x324B, 0x324B, 0x324B, 0x324B,
        0x324B, 0x324B, 0x324B, 0x324B, 0x324B, 0x324B, 0x324B, 0x324B, 0x324B, 0x324B, 0x324B, 0x324B,
        0x324B, 0x324B, 0x324B, 0x324B, 0x324B, 0x324B, 0x324B, 0x324B, 0x324B, 0x324B, 0x324B, 0x324B,
        0x324B, 0x324B, 0x324B, 0x324B, 0x324B, 0x324B, 0x324B, 0x324B, 0x324B, 0x324B, 0x324B, 0x324B,
        0x324B, 0x324B, 0x324B, 0x324B, 0x324B, 0x324B, 0x324B, 0x324B, 0x324B, 0x324B, 0x324B, 0x324B,
        0x324B, 0x324B, 0x324B, 0x324B, 0x324B, 0x324B, 0x324B, 0x324B, 0x324B, 0x324B, 0x324B, 0x324B,
        0x324B, 0x324B, 0x324B, 0x324B, 0x324B, 0x324B, 0x324B, 0x324B, 0x324B, 0x324B, 0x324B, 0x324B,
        0x324B, 0x324B, 0x324B, 0x324B, 0x324B, 0x324B, 0x324B, 0x324B, 0x324B, 0x324B, 0x324B, 0x324B,
        0x324B, 0x324B, 0x324B, 0x324B, 0x324B, 0x324B, 0x324B, 0x324B, 0x324B, 0x324B, 0x324B, 0x324B,
        0x324B, 0x324B, 0x324B, 0x324B, 0x324B, 0x324B, 0x324B, 0x324B, 0x324B, 0x324B, 0x324B, 0x324B,
        0x324B, 0x324B, 0x324B, 0x324B, 0x324B, 0x324B, 0x324B, 0x324B, 0x324B, 0x324B, 0x324B, 0x324B,
        0x324B, 0x324B, 0x324B, 0x324B, 0x324B, 0x324B, 0x324B, 0x324B, 0x324B, 0x324B, 0x324B, 0x324B,
        0x324B, 0x324B, 0x324B, 0x324B, 0x324B, 0x324B, 0x324B, 0x324B, 0x324B, 0x324B, 0x324B, 0x324B,
        0x324B, 0x324B, 0x324B, 0x324B, 0x324B, 0x324B, 0x324B, 0x324B, 0x324B, 0x324B, 0x324B, 0x324B,
        0x324B, 0x324B, 0x324B, 0x324B, 0x324B, 0x324B, 0x324B, 0x324B, 0x324B, 0x324B, 0x324B, 0x324B,
        0x324B, 0x324B, 0x324B, 0x324B, 0x324B, 0x324B, 0x324B, 0x324B, 0x324B, 0x324B, 0x324B, 0x324B,
        0x324B, 0x324B, 0x324B, 0x324B, 0x324B, 0x324B, 0x324B, 0x324B, 0x324B, 0x324B, 0x324B, 0x324B,
        0x324B, 0x324B, 0x324B, 0x324B, 0x324B, 0x324B, 0x324B, 0x324B, 0x324B, 0x324B, 0x324B, 0x324B,
        0x324B, 0x324B, 0x324B, 0x324B, 0x324B, 0x324B, 0x324B, 0x324B, 0x324B, 0x324B, 0x324B, 0x324B,
        0x324B, 0x324B, 0x324B, 0x324B, 0x324B, 0x324B, 0x324B, 0x324B, 0x324B, 0x324B, 0x324B, 0x324B,
        0x324B, 0x324B, 0x324B, 0x324B, 0x324B, 0x324B, 0x324B, 0x324B, 0x324B, 0x324B, 0x324B, 0x324B,
        0x324B, 0x324B, 0x324B, 0x324B, 0x324B, 0x324B, 0x324B, 0x324B, 0x324B, 0x324B, 0x324B, 0x324B,
        0x324B, 0x324B, 0x324B, 0x324B, 0x324B, 0x324B, 0x324B, 0x324B, 0x324B, 0x324B, 0x324B, 0x324B,
        0x324B, 0x324B, 0x324B, 0x324B, 0x324B, 0x324B, 0x324B, 0x324B, 0x324B, 0x324B, 0x324B, 0x324B,
        0x324B, 0x324B, 0x324B, 0x324B, 0x324B, 0x324B, 0x324B, 0x324B, 0x324B, 0x324B, 0x324B, 0x324B,
        0x324B, 0x324B, 0x324B, 0x324B, 0x324B, 0x324B, 0x324B, 0x324B, 0x324B, 0x324B, 0x324B, 0x324B,
        0x324B, 0x324B, 0x324B, 0x324B, 0x324B, 0x324B, 0x324B, 0x324B, 0x324B, 0x324B, 0x324B, 0x324B,
        0x324B, 0x324B, 0x324B, 0x324B, 0x324B, 0x324B, 0x324B, 0x324B, 0x324B, 0x324B, 0x324B, 0x324B,
        0x324B, 0x324B, 0x324B, 0x324B, 0x324B, 0x324B, 0x324B, 0x324B, 0x324B, 0x324B, 0x324B, 0x324B,
        0x324B, 0x324B, 0x324B, 0x324B, 0x324B, 0x324B, 0x324B, 0x324B, 0x324B, 0x324B, 0x324B, 0x324B,
        0x324B, 0x324B, 0x324B, 0x324B, 0x324B, 0x324B, 0x324B, 0x324B, 0x324B, 0x324B, 0x324B, 0x324B,
        0x324B, 0x324B, 0x324B, 0x324B, 0x324B, 0x324B, 0x324B, 0x324B, 0x324B, 0x324B, 0x324B, 0x324B,
        0x324B, 0x324B, 0x324B, 0x324B, 0x324B, 0x324B, 0x324B, 0x324B, 0x324B, 0x324B, 0x324B, 0x324B,
        0x324B, 0x324B, 0x324B, 0x324B, 0x324B, 0x324B, 0x324B, 0x324B, 0x324B, 0x324B, 0x324B, 0x324B,
        0x324B, 0x324B, 0x324B, 0x324B, 0x324B, 0x324B, 0x324B, 0x324B, 0x324B, 0x324B, 0x324B, 0x324B,
        0x324B, 0x324B, 0x324B, 0x324B, 0x324B, 0x324B, 0x324B, 0x324B, 0x324B, 0x324B, 0x324B, 0x324B,
        0x324B, 0x324B, 0x324B, 0x324B, 0x324B, 0x324B, 0x324B, 0x324B, 0x324B, 0x324B, 0x324B, 0x324B,
        0x324B, 0x324B, 0x324B, 0x324B, 0x324B, 0x324B, 0x324B, 0x324B, 0x324B, 0x324B, 0x324B, 0x324B,
        0x324B, 0x324B, 0x324B, 0x324B, 0x324B, 0x324B, 0x324B, 0x324B, 0x324B, 0x324B, 0x324B, 0x324B,
        0x324B, 0x324B, 0x324B, 0x324B, 0x324B, 0x324B, 0x324B, 0x324B, 0x324B, 0x324B, 0x324B, 0x324B,
        0x324B, 0x324B, 0x324B, 0x324B, 0x324B, 0x324B, 0x324B, 0x324B, 0x324B, 0x324B, 0x324B, 0x324B,
        0x324B, 0x324B, 0x324B, 0x324B, 0x324B, 0x324B, 0x324B, 0x324B, 0x324B, 0x324B, 0x324B, 0x324B,
        0x324B, 0x324B, 0x324B, 0x324B, 0x324B, 0x324B, 0x324B, 0x324B, 0x324B, 0x324B, 0x324B, 0x324B,
        0x324B, 0x324B, 0x324B, 0x324B, 0x324B, 0x324B, 0x324B, 0x324B, 0x324B, 0x324B, 0x324B, 0x324B,
        0x324B, 0x324B, 0x324B, 0x324B, 0x324B, 0x324B, 0x324B, 0x324B, 0x324B, 0x324B, 0x324B, 0x324B,
        0x324B, 0x324B, 0x324B, 0x324B, 0x324B, 0x324B, 0x324B, 0x324B, 0x324B, 0x324B, 0x324B, 0x324B,
        0x324B, 0x324B, 0x324B, 0x324B, 0x324B, 0x324B, 0x324B, 0x324B, 0x324B, 0x324B, 0x324B, 0x324B,
        0x324B, 0x324B, 0x324B, 0x324B, 0x324B, 0x324B, 0x324B, 0x324B, 0x324B, 0x324B, 0x324B, 0x324B,
        0x324B, 0x324B, 0x324B, 0x324B, 0x324B, 0x324B, 0x324B, 0x324B, 0x324B, 0x324B, 0x324B, 0x324B,
        0x324B, 0x324B, 0x324B, 0x324B, 0x324B, 0x324B, 0x324B, 0x324B, 0x324B, 0x324B, 0x324B, 0x324B,
        0x324B, 0x324B, 0x324B, 0x324B, 0x324B, 0x324B, 0x324B, 0x324B, 0x324B, 0x324B, 0x324B, 0x324B,
        0x324B, 0x324B, 0x324B, 0x324B, 0x324B, 0x324B, 0x324B, 0x324B, 0x324B, 0x324B, 0x324B, 0x324B,
        0x324B, 0x324B, 0x324B, 0x324B, 0x324B, 0x324B, 0x324B, 0x324B, 0x324B, 0x324B, 0x324B, 0x324B,
        0x324B, 0x324B, 0x324B, 0x324B, 0x324B, 0x324B, 0x324B, 0x324B, 0x324B, 0x324B, 0x324B, 0x324B,
        0x324B, 0x324B, 0x324B, 0x324B, 0x324B, 0x324B, 0x324B, 0x324B, 0x324B, 0x324B, 0x324B, 0x324B,
        0x324B, 0x324B, 0x324B, 0x324B, 0x324B, 0x324B, 0x324B, 0x324B, 0x324B, 0x324B, 0x324B, 0x324B,
        0x324B, 0x324B, 0x324B, 0x324B, 0x324B, 0x324B, 0x324B, 0x324B, 0x324B, 0x324B, 0x324B, 0x324B,
        0x324B, 0x324B, 0x324B, 0x324B, 0x324B, 0x324B, 0x324B, 0x324B, 0x324B, 0x324B, 0x324B, 0x324B,
        0x324B, 0x324B, 0x324B, 0x324B, 0x324B, 0x324B, 0x324B, 0x324B, 0x324B, 0x324B, 0x324B, 0x324B,
        0x324B, 0x324B, 0x324B, 0x324B, 0x324B, 0x324B, 0x324B, 0x324B, 0x324B, 0x324B, 0x324B, 0x324B,
        0x324B, 0x324B, 0x324B, 0x324B, 0x324B, 0x324B, 0x324B, 0x324B, 0x324B, 0x324B, 0x324B, 0x324B,
        0x324B, 0x324B, 0x324B, 0x324B, 0x324B, 0x324B, 0x324B, 0x324B, 0x324B, 0x324B, 0x324B, 0x324B,
        0x324B, 0x324B, 0x324B, 0x324B, 0x324B, 0x324B, 0x324B, 0x324B, 0x324B, 0x324B, 0x324B, 0x324B,
        0x324B, 0x324B, 0x324B, 0x324B, 0x324B, 0x324B, 0x324B, 0x324B, 0x324B, 0x324B, 0x324B, 0x324B,
        0x324B, 0x324B, 0x324B, 0x324B, 0x324B, 0x324B, 0x324B, 0x324B, 0x324B, 0x324B, 0x324B, 0x324B,
        0x324B, 0x324B, 0x324B, 0x324B, 0x324B, 0x324B, 0x324B, 0x324B, 0x324B, 0x324B, 0x324B, 0x324B,
        0x324B, 0x324B, 0x324B, 0x324B, 0x324B, 0x324B, 0x324B, 0x324B, 0x324B, 0x324B, 0x324B, 0x324B,
        0x324B, 0x324B, 0x324B, 0x324B, 0x324B, 0x324B, 0x324B, 0x324B, 0x324B, 0x324B, 0x324B, 0x324B,
        0x324B, 0x324B, 0x324B, 0x324B, 0x324B, 0x324B, 0x324B, 0x324B, 0x324B, 0x324B, 0x324B, 0x324B,
        0x324B, 0x324B, 0x324B, 0x324B, 0x324B, 0x324B, 0x324B, 0x324B, 0x324B, 0x324B, 0x324B, 0x324B,
        0x324B, 0x324B, 0x324B, 0x324B, 0x324B, 0x324B, 0x324B, 0x324B, 0x324B, 0x324B, 0x324B, 0x324B,
        0x324B, 0x324B, 0x324B, 0x324B, 0x324B, 0x324B, 0x324B, 0x324B, 0x324B, 0x324B, 0x324B, 0x324B,
        0x324B, 0x324B, 0x324B, 0x324B, 0x324B, 0x324B, 0x324B, 0x324B, 0x324B, 0x324B, 0x324B, 0x324B,
        0x324B, 0x324B, 0x324B, 0x324B, 0x324B, 0x324B, 0x324B, 0x324B, 0x324B, 0x324B, 0x324B, 0x324B,
        0x324B, 0x324B, 0x324B, 0x324B, 0x324B, 0x324B, 0x324B, 0x324B, 0x324B, 0x324B, 0x324B, 0x324B,
        0x324B, 0x324B, 0x324B, 0x324B, 0x324B, 0x324B, 0x324B, 0x324B, 0x324B, 0x324B, 0x324B, 0x324B,
        0x324B, 0x324B, 0x324B, 0x324B, 0x324B, 0x324B, 0x324B, 0x324B, 0x324B, 0x324B, 0x324B, 0x324B,
        0x324B, 0x324B, 0x324B, 0x324B, 0x324B, 0x324B, 0x324B, 0x324B, 0x324B, 0x324B, 0x324B, 0x324B,
        0x324B, 0x324B, 0x324B, 0x324B, 0x324B, 0x324B, 0x324B, 0x324B, 0x324B, 0x324B, 0x324B, 0x324B,
        0x324B, 0x324B, 0x324B, 0x324B, 0x324B, 0x324B, 0x324B, 0x324B, 0x324B, 0x324B, 0x324B, 0x324B,
        0x324B, 0x324B, 0x324B, 0x324B, 0x324B, 0x324B, 0x324B, 0x324B, 0x324B, 0x324B, 0x324B, 0x324B,
        0x324B, 0x324B, 0x324B, 0x324B, 0x324B, 0x324B, 0x324B, 0x324B, 0x324B, 0x324B, 0x324B, 0x324B,
        0x324B, 0x324B, 0x324B, 0x324B, 0x324B, 0x324B, 0x324B, 0x324B, 0x324B, 0x324B, 0x324B, 0x324B,
        0x324B, 0x324B, 0x324B, 0x324B, 0x324B, 0x324B, 0x324B, 0x324B, 0x324B, 0x324B, 0x324B, 0x324B,
        0x324B, 0x324B, 0x324B, 0x324B, 0x324B, 0x324B, 0x324B, 0x324B, 0x324B, 0x324B, 0x324B, 0x324B,
        0x324B, 0x324B, 0x324B, 0x324B, 0x324B, 0x324B, 0x324B, 0x324B, 0x324B, 0x324B, 0x324B, 0x324B,
        0x324B, 0x324B, 0x324B, 0x324B, 0x324B, 0x324B, 0x324B, 0x324B, 0x324B, 0x324B, 0x324B, 0x324B,
        0x324B, 0x324B, 0x324B, 0x324B, 0x324B, 0x324B, 0x324B, 0x324B, 0x324B, 0x324B, 0x324B, 0x324B,
        0x324B, 0x324B, 0x324B, 0x324B, 0x324B, 0x324B, 0x324B, 0x324B, 0x324B, 0x324B, 0x324B, 0x324B,
        0x324B, 0x324B, 0x324B, 0x324B, 0x324B, 0x324B, 0x324B, 0x324B, 0x324B, 0x324B, 0x324B, 0x324B,
        0x324B, 0x324B, 0x324B, 0x324B, 0x324B, 0x324B, 0x324B, 0x324B, 0x324B, 0x324B, 0x324B, 0x324B,
        0x324B, 0x324B, 0x324B, 0x324B, 0x324B, 0x324B, 0x324B, 0x324B, 0x324B, 0x324B, 0x324B, 0x324B,
        0x324B, 0x324B, 0x324B, 0x324B, 0x324B, 0x324B, 0x324B, 0x324B, 0x324B, 0x324B, 0x324B, 0x324B,
        0x324B, 0x324B, 0x324B, 0x324B, 0x324B, 0x324B, 0x324B, 0x324B, 0x324B, 0x324B, 0x324B, 0x324B,
        0x324B, 0x324B, 0x324B, 0x324B, 0x324B, 0x324B, 0x324B, 0x324B, 0x324B, 0x324B, 0x324B, 0x324B,
        0x324B, 0x324B, 0x324B, 0x324B, 0x324B, 0x324B, 0x324B, 0x324B, 0x324B, 0x324B, 0x324B, 0x324B,
        0x324B, 0x324B, 0x324B, 0x324B, 0x324B, 0x324B, 0x324B, 0x324B, 0x324B, 0x324B, 0x324B, 0x324B,
        0x324B, 0x324B, 0x324B, 0x324B, 0x324B, 0x324B, 0x324B, 0x324B, 0x324B, 0x324B, 0x324B, 0x324B,
        0x324B, 0x324B, 0x324B, 0x324B, 0x324B, 0x324B, 0x324B, 0x324B, 0x324B, 0x324B, 0x324B, 0x324B,
        0x324B, 0x324B, 0x324B, 0x324B, 0x324B, 0x324B, 0x324B, 0x324B, 0x324B, 0x324B, 0x324B, 0x324B,
        0x324B, 0x324B, 0x324B, 0x324B, 0x324B, 0x324B, 0x324B, 0x324B, 0x324B, 0x324B, 0x324B, 0x324B,
        0x324B, 0x324B, 0x324B, 0x324B, 0x324B, 0x324B, 0x324B, 0x324B, 0x324B, 0x324B, 0x324B, 0x324B,
        0x324B, 0x324B, 0x324B, 0x324B, 0x324B, 0x324B, 0x324B, 0x324B, 0x324B, 0x324B, 0x324B, 0x324B,
        0x324B, 0x324B, 0x324B, 0x324B, 0x324B, 0x324B, 0x324B, 0x324B, 0x324B, 0x324B, 0x324B, 0x324B,
        0x324B, 0x324B, 0x324B, 0x324B, 0x324B, 0x324B, 0x324B, 0x324B, 0x324B, 0x324B, 0x324B, 0x324B,
        0x324B, 0x324B, 0x324B, 0x324B, 0x324B, 0x324B, 0x324B, 0x324B, 0x324B, 0x324B, 0x324B, 0x324B,
        0x324B, 0x324B, 0x324B, 0x324B, 0x324B, 0x324B, 0x324B, 0x324B, 0x324B, 0x324B, 0x324B, 0x324B,
        0x324B, 0x324B, 0x324B, 0x324B, 0x324B, 0x324B, 0x324B, 0x324B, 0x324B, 0x324B, 0x324B, 0x324B,
        0x324B, 0x324B, 0x324B, 0x324B, 0x324B, 0x324B, 0x324B, 0x324B, 0x324B, 0x324B, 0x324B, 0x324B,
        0x324B, 0x324B, 0x324B, 0x324B, 0x324B, 0x324B, 0x324B, 0x324B, 0x324B, 0x324B, 0x324B, 0x324B,
        0x324B, 0x324B, 0x324B, 0x324B, 0x324B, 0x324B, 0x324B, 0x324B, 0x324B, 0x324B, 0x324B, 0x324B,
        0x324B, 0x324B, 0x324B, 0x324B, 0x324B, 0x324B, 0x324B, 0x324B, 0x324B, 0x324B, 0x324B, 0x324B,
        0x324B, 0x324B, 0x324B, 0x324B, 0x324B, 0x324B, 0x324B, 0x324B, 0x324B, 0x324B, 0x324B, 0x324B,
        0x324B, 0x324B, 0x324B, 0x324B, 0x324B, 0x324B, 0x324B, 0x324B, 0x324B, 0x324B, 0x324B, 0x324B,
        0x324B, 0x324B, 0x324B, 0x324B, 0x324B, 0x324B, 0x324B, 0x324B, 0x324B, 0x324B, 0x324B, 0x324B,
        0x324B, 0x324B, 0x324B, 0x324B, 0x324B, 0x324B, 0x324B, 0x324B, 0x324B, 0x324B, 0x324B, 0x324B,
        0x324B, 0x324B, 0x324B, 0x324B, 0x324B, 0x324B, 0x324B, 0x324B, 0x324B, 0x324B, 0x324B, 0x324B,
        0x324B, 0x324B, 0x324B, 0x324B, 0x324B, 0x324B, 0x324B, 0x324B, 0x324B, 0x324B, 0x324B, 0x324B,
        0x324B, 0x324B, 0x324B, 0x324B, 0x324B, 0x324B, 0x324B, 0x324B, 0x324B, 0x324B, 0x324B, 0x324B,
        0x324B, 0x324B, 0x324B, 0x324B, 0x324B, 0x324B, 0x324B, 0x324B, 0x324B, 0x324B, 0x324B, 0x324B,
        0x324B, 0x324B, 0x324B, 0x324B, 0x324B, 0x324B, 0x324B, 0x324B, 0x324B, 0x324B, 0x324B, 0x324B,
        0x324B, 0x324B, 0x324B, 0x324B, 0x324B, 0x324B, 0x324B, 0x324B, 0x324B, 0x324B, 0x324B, 0x324B,
        0x324B, 0x324B, 0x324B, 0x324B, 0x324B, 0x324B, 0x324B, 0x324B, 0x324B, 0x324B, 0x324B, 0x324B,
        0x324B, 0x324B, 0x324B, 0x324B, 0x324B, 0x324B, 0x324B, 0x324B, 0x324B, 0x324B, 0x324B, 0x324B,
        0x324B, 0x324B, 0x324B, 0x324B, 0x324B, 0x324B, 0x324B, 0x324B, 0x324B, 0x324B, 0x324B, 0x324B,
        0x324B, 0x324B, 0x324B, 0x324B, 0x324B, 0x324B, 0x324B, 0x324B, 0x324B, 0x324B, 0x324B, 0x324B,
        0x324B, 0x324B, 0x324B, 0x324B, 0x324B, 0x324B, 0x324B, 0x324B, 0x324B, 0x324B, 0x324B, 0x324B,
        0x324B, 0x324B, 0x324B, 0x324B, 0x324B, 0x324B, 0x324B, 0x324B, 0x324B, 0x324B, 0x324B, 0x324B,
        0x324B, 0x324B, 0x324B, 0x324B, 0x324B, 0x324B, 0x324B, 0x324B, 0x324B, 0x324B, 0x324B, 0x324B,
        0x324B, 0x324B, 0x324B, 0x324B, 0x324B, 0x324B, 0x324B, 0x324B, 0x324B, 0x324B, 0x324B, 0x324B,
        0x324B, 0x324B, 0x324B, 0x324B, 0x324B, 0x324B, 0x324B, 0x324B, 0x324B, 0x324B, 0x324B, 0x324B,
        0x324B, 0x324B, 0x324B, 0x324B, 0x324B, 0x324B, 0x324B, 0x324B, 0x324B, 0x324B, 0x324B, 0x324B,
        0x324B, 0x324B, 0x324B, 0x324B, 0x324B, 0x324B, 0x324B, 0x324B, 0x324B, 0x324B, 0x324B, 0x324B,
        0x324B, 0x324B, 0x324B, 0x324B, 0x324B, 0x324B, 0x324B, 0x324B, 0x324B, 0x324B, 0x324B, 0x324B,
        0x324B, 0x324B, 0x324B, 0x324B, 0x324B, 0x324B, 0x324B, 0x324B, 0x324B, 0x324B, 0x324B, 0x324B,
        0x324B, 0x324B, 0x324B, 0x324B, 0x324B, 0x324B, 0x324B, 0x324B, 0x324B, 0x324B, 0x324B, 0x324B,
        0x324B, 0x324B, 0x324B, 0x324B, 0x324B, 0x324B, 0x324B, 0x324B, 0x324B, 0x324B, 0x324B, 0x324B,
        0x324B, 0x324B, 0x324B, 0x324B, 0x324B, 0x324B, 0x324B, 0x324B, 0x324B, 0x324B, 0x324B, 0x324B,
        0x324B, 0x324B, 0x324B, 0x324B, 0x324B, 0x324B, 0x324B, 0x324B, 0x324B, 0x324B, 0x324B, 0x324B,
        0x324B, 0x324B, 0x324B, 0x324B, 0x324B, 0x324B, 0x324B, 0x324B, 0x324B, 0x324B, 0x324B, 0x324B,
        0x324B, 0x324B, 0x324B, 0x324B, 0x324B, 0x324B, 0x324B, 0x324B, 0x324B, 0x324B, 0x324B, 0x324B,
        0x324B, 0x324B, 0x324B, 0x324B, 0x324B, 0x324B, 0x324B, 0x324B, 0x324B, 0x324B, 0x324B, 0x324B,
        0x324B, 0x324B, 0x324B, 0x324B, 0x324B, 0x324B, 0x324B, 0x324B, 0x324B, 0x324B, 0x324B, 0x324B,
        0x324B, 0x324B, 0x324B, 0x324B, 0x324B, 0x324B, 0x324B, 0x324B, 0x324B, 0x324B, 0x324B, 0x324B,
        0x324B, 0x324B, 0x324B, 0x324B, 0x324B, 0x324B, 0x324B, 0x324B, 0x324B, 0x324B, 0x324B, 0x324B,
        0x324B, 0x324B, 0x324B, 0x324B, 0x324B, 0x324B, 0x324B, 0x324B, 0x324B, 0x324B, 0x324B, 0x324B,
        0x324B, 0x324B, 0x324B, 0x324B, 0x324B, 0x324B, 0x324B, 0x324B, 0x324B, 0x324B, 0x324B, 0x324B,
        0x324B, 0x324B, 0x324B, 0x324B, 0x324B, 0x324B, 0x324B, 0x324B, 0x324B, 0x324B, 0x324B, 0x324B,
        0x324B, 0x324B, 0x324B, 0x324B, 0x324B, 0x324B, 0x324B, 0x324B, 0x324B, 0x324B, 0x324B, 0x324B,
        0x324B, 0x324B, 0x324B, 0x324B, 0x324B, 0x324B, 0x324B, 0x324B, 0x324B, 0x324B, 0x324B, 0x324B,
        0x324B, 0x324B, 0x324B, 0x324B, 0x324B, 0x324B, 0x324B, 0x324B, 0x324B, 0x324B, 0x324B, 0x324B,
        0x324B, 0x324B, 0x324B, 0x324B, 0x324B, 0x324B, 0x324B, 0x324B, 0x324B, 0x324B, 0x324B, 0x324B,
        0x324B, 0x324B, 0x324B, 0x324B, 0x324B, 0x324B, 0x324B, 0x324B, 0x324B, 0x324B, 0x324B, 0x324B,
        0x324B, 0x324B, 0x324B, 0x324B, 0x324B, 0x324B, 0x324B, 0x324B, 0x324B, 0x324B, 0x324B, 0x324B,
        0x324B, 0x324B, 0x324B, 0x324B, 0x324B, 0x324B, 0x324B, 0x324B, 0x324B, 0x324B, 0x324B, 0x324B,
        0x324B, 0x324B, 0x324B, 0x324B, 0x324B, 0x324B, 0x324B, 0x324B, 0x324B, 0x324B, 0x324B, 0x324B,
        0x324B, 0x324B, 0x324B, 0x324B, 0x324B, 0x324B, 0x324B, 0x324B, 0x324B, 0x324B, 0x324B, 0x324B,
        0x324B, 0x324B, 0x324B, 0x324B, 0x324B, 0x324B, 0x324B, 0x324B, 0x324B, 0x324B, 0x324B, 0x324B,
        0x324B, 0x324B, 0x324B, 0x324B, 0x324B, 0x324B, 0x324B, 0x324B, 0x324B, 0x324B, 0x324B, 0x324B,
        0x324B, 0x324B, 0x324B, 0x324B, 0x324B, 0x324B, 0x324B, 0x324B, 0x324B, 0x324B, 0x324B, 0x324B,
        0x324B, 0x324B, 0x324B, 0x324B, 0x324B, 0x324B, 0x324B, 0x324B, 0x324B, 0x324B, 0x324B, 0x324B,
        0x324B, 0x324B, 0x324B, 0x324B, 0x324B, 0x324B, 0x324B, 0x324B, 0x324B, 0x324B, 0x324B, 0x324B,
        0x324B, 0x324B, 0x324B, 0x324B, 0x324B, 0x324B, 0x324B, 0x324B, 0x324B, 0x324B, 0x324B, 0x324B,
        0x324B, 0x324B, 0x324B, 0x324B, 0x324B, 0x324B, 0x324B, 0x324B, 0x324B, 0x324B, 0x324B, 0x324B,
        0x324B, 0x324B, 0x324B, 0x324B, 0x324B, 0x324B, 0x324B, 0x324B, 0x324B, 0x324B, 0x324B, 0x324B,
        0x324B, 0x324B, 0x324B, 0x324B, 0x324B, 0x324B, 0x324B, 0x324B, 0x324B, 0x324B, 0x324B, 0x324B,
        0x324B, 0x324B, 0x324B, 0x324B, 0x324B, 0x324B, 0x324B, 0x324B, 0x324B, 0x324B, 0x324B, 0x324B,
        0x324B, 0x324B, 0x324B, 0x324B, 0x324B, 0x324B, 0x324B, 0x324B, 0x324B, 0x324B, 0x324B, 0x324B,
        0x324B, 0x324B, 0x324B, 0x324B, 0x324B, 0x324B, 0x324B, 0x324B, 0x324B, 0x324B, 0x324B, 0x324B,
        0x324B, 0x324B, 0x324B, 0x324B, 0x324B, 0x324B, 0x324B, 0x324B, 0x324B, 0x324B, 0x324B, 0x324B,
        0x324B, 0x324B, 0x324B, 0x324B, 0x324B, 0x324B, 0x324B, 0x324B, 0x324B, 0x324B, 0x324B, 0x324B,
        0x324B, 0x324B, 0x324B, 0x324B, 0x324B, 0x324B, 0x324B, 0x324B, 0x324B, 0x324B, 0x324B, 0x324B,
        0x324B, 0x324B, 0x324B, 0x324B, 0x324B, 0x324B, 0x324B, 0x324B, 0x324B, 0x324B, 0x324B, 0x324B,
        0x324B, 0x324B, 0x324B, 0x324B, 0x324B, 0x324B, 0x324B, 0x324B, 0x324B, 0x324B, 0x324B, 0x324B,
        0x324B, 0x324B, 0x324B, 0x324B, 0x324B, 0x324B, 0x324B, 0x324B, 0x324B, 0x324B, 0x324B, 0x324B,
        0x324B, 0x324B, 0x324B, 0x324B, 0x324B, 0x324B, 0x324B, 0x324B, 0x324B, 0x324B, 0x324B, 0x324B,
        0x324B, 0x324B, 0x324B, 0x324B, 0x324B, 0x324B, 0x324B, 0x324B, 0x324B, 0x324B, 0x324B, 0x324B,
        0x324B, 0x324B, 0x324B, 0x324B, 0x324B, 0x324B, 0x324B, 0x324B, 0x324B, 0x324B, 0x324B, 0x324B,
        0x324B, 0x324B, 0x324B, 0x324B, 0x324B, 0x324B, 0x324B, 0x324B, 0x324B, 0x324B, 0x324B, 0x324B,
        0x324B, 0x324B, 0x324B, 0x324B, 0x324B, 0x324B, 0x324B, 0x324B, 0x324B, 0x324B, 0x324B, 0x324B,
        0x324B, 0x324B, 0x324B, 0x324B, 0x324B, 0x324B, 0x324B, 0x324B, 0x324B, 0x324B, 0x324B, 0x324B,
        0x324B, 0x324B, 0x324B, 0x324B, 0x324B, 0x324B, 0x324B, 0x324B, 0x324B, 0x324B, 0x324B, 0x324B,
        0x324B, 0x324B, 0x324B, 0x324B, 0x324B, 0x324B, 0x324B, 0x324B, 0x324B, 0x324B, 0x324B, 0x324B,
        0x324B, 0x324B, 0x324B, 0x324B, 0x324B, 0x324B, 0x324B, 0x324B, 0x324B, 0x324B, 0x324B, 0x324B,
        0x324B, 0x324B, 0x324B, 0x324B, 0x324B, 0x324B, 0x324B, 0x324B, 0x324B, 0x324B, 0x324B, 0x324B,
        0x324B, 0x324B, 0x324B, 0x324B, 0x324B, 0x324B, 0x324B, 0x324B, 0x324B, 0x324B, 0x324B, 0x324B,
        0x324B, 0x324B, 0x324B, 0x324B, 0x324B, 0x324B, 0x324B, 0x324B, 0x324B, 0x324B, 0x324B, 0x324B,
        0x324B, 0x324B, 0x324B, 0x324B, 0x324B, 0x324B, 0x324B, 0x324B, 0x324B, 0x324B, 0x324B, 0x324B,
        0x324B, 0x324B, 0x324B, 0x324B, 0x324B, 0x324B, 0x324B, 0x324B, 0x324B, 0x324B, 0x324B, 0x324B,
        0x324B, 0x324B, 0x324B, 0x324B, 0x324B, 0x324B, 0x324B, 0x324B, 0x324B, 0x324B, 0x324B, 0x324B,
        0x324B, 0x324B, 0x324B, 0x324B, 0x324B, 0x324B, 0x324B, 0x324B, 0x324B, 0x324B, 0x324B, 0x324B,
        0x324B, 0x324B, 0x324B, 0x324B, 0x324B, 0x324B, 0x324B, 0x324B, 0x324B, 0x324B, 0x324B, 0x324B,
        0x324B, 0x324B, 0x324B, 0x324B, 0x324B, 0x324B, 0x324B, 0x324B, 0x324B, 0x324B, 0x324B, 0x324B,
        0x324B, 0x324B, 0x324B, 0x324B, 0x324B, 0x324B, 0x324B, 0x324B, 0x324B, 0x324B, 0x324B, 0x324B,
        0x324B, 0x324B, 0x324B, 0x324B, 0x324B, 0x324B, 0x324B, 0x324B, 0x324B, 0x324B, 0x324B, 0x324B,
        0x324B, 0x324B, 0x324B, 0x324B, 0x324B, 0x324B, 0x324B, 0x324B, 0x324B, 0x324B, 0x324B, 0x324B,
        0x324B, 0x324B, 0x324B, 0x324B, 0x324B, 0x324B, 0x324B, 0x324B, 0x324B, 0x324B, 0x324B, 0x324B,
        0x324B, 0x324B, 0x324B, 0x324B, 0x324B, 0x324B, 0x324B, 0x324B, 0x324B, 0x324B, 0x324B, 0x324B,
        0x324B, 0x324B, 0x324B, 0x324B, 0x324B, 0x324B, 0x324B, 0x324B, 0x324B, 0x324B, 0x324B, 0x324B,
        0x324B, 0x324B, 0x324B, 0x324B, 0x324B, 0x324B, 0x324B, 0x324B, 0x324B, 0x324B, 0x324B, 0x324B,
        0x324B, 0x324B, 0x324B, 0x324B, 0x324B, 0x324B, 0x324B, 0x324B, 0x324B, 0x324B, 0x324B, 0x324B,
        0x324B, 0x324B, 0x324B, 0x324B, 0x324B, 0x324B, 0x324B, 0x324B, 0x324B, 0x324B, 0x324B, 0x324B,
        0x324B, 0x324B, 0x324B, 0x324B, 0x324B, 0x324B, 0x324B, 0x324B, 0x324B, 0x324B, 0x324B, 0x324B,
        0x324B, 0x324B, 0x324B, 0x324B, 0x324B, 0x324B, 0x324B, 0x324B, 0x324B, 0x324B, 0x324B, 0x324B,
        0x324B, 0x324B, 0x324B, 0x324B, 0x324B, 0x324B, 0x324B, 0x324B, 0x324B, 0x324B, 0x324B, 0x324B,
        0x324B, 0x324B, 0x324B, 0x324B, 0x324B, 0x324B, 0x324B, 0x324B, 0x324B, 0x324B, 0x324B, 0x324B,
        0x324B, 0x324B, 0x324B, 0x324B, 0x324B, 0x324B, 0x324B, 0x324B, 0x324B, 0x324B, 0x324B, 0x324B,
        0x324B, 0x324B, 0x324B, 0x324B, 0x324B, 0x324B, 0x324B, 0x324B, 0x324B, 0x324B, 0x324B, 0x324B,
        0x324B, 0x324B, 0x324B, 0x324B, 0x324B, 0x324B, 0x324B, 0x324B, 0x324B, 0x324B, 0x324B, 0x324B,
        0x324B, 0x324B, 0x324B, 0x324B, 0x324B, 0x324B, 0x324B, 0x324B, 0x324B, 0x324B, 0x324B, 0x324B,
        0x324B, 0x324B, 0x324B, 0x324B, 0x324B, 0x324B, 0x324B, 0x324B, 0x324B, 0x324B, 0x324B, 0x324B,
        0x324B, 0x324B, 0x324B, 0x324B, 0x324B, 0x324B, 0x324B, 0x324B, 0x324B, 0x324B, 0x324B, 0x324B,
        0x324B, 0x324B, 0x324B, 0x324B, 0x324B, 0x324B, 0x324B, 0x324B, 0x324B, 0x324B, 0x324B, 0x324B,
        0x324B, 0x324B, 0x324B, 0x324B, 0x324B, 0x324B, 0x324B, 0x324B, 0x324B, 0x324B, 0x324B, 0x324B,
        0x324B, 0x324B, 0x324B, 0x324B, 0x324B, 0x324B, 0x324B, 0x324B, 0x324B, 0x324B, 0x324B, 0x324B,
        0x324B, 0x324B, 0x324B, 0x324B, 0x324B, 0x324B, 0x324B, 0x324B, 0x324B, 0x324B, 0x324B, 0x324B,
        0x324B, 0x324B, 0x324B, 0x324B, 0x324B, 0x324B, 0x324B, 0x324B, 0x324B, 0x324B, 0x324B, 0x324B,
        0x324B, 0x324B, 0x324B, 0x324B, 0x324B, 0x324B, 0x324B, 0x324B, 0x324B, 0x324B, 0x324B, 0x324B,
        0x324B, 0x324B, 0x324B, 0x324B, 0x324B, 0x324B, 0x324B, 0x324B, 0x324B, 0x324B, 0x324B, 0x324B,
        0x324B, 0x324B, 0x324B, 0x324B, 0x324B, 0x324B, 0x324B, 0x324B, 0x324B, 0x324B, 0x324B, 0x324B,
        0x324B, 0x324B, 0x324B, 0x324B, 0x324B, 0x324B, 0x324B, 0x324B, 0x324B, 0x324B, 0x324B, 0x324B,
        0x324B, 0x324B, 0x324B, 0x324B, 0x324B, 0x324B, 0x324B, 0x324B, 0x324B, 0x324B, 0x324B, 0x324B,
        0x324B, 0x324B, 0x324B, 0x324B, 0x324B, 0x324B, 0x324B, 0x324B, 0x324B, 0x324B, 0x324B, 0x324B,
        0x324B, 0x324B, 0x324B, 0x324B, 0x324B, 0x324B, 0x324B, 0x324B, 0x324B, 0x324B, 0x324B, 0x324B,
        0x324B, 0x324B, 0x324B, 0x324B, 0x324B, 0x324B, 0x324B, 0x324B, 0x324B, 0x324B, 0x324B, 0x324B,
        0x324B, 0x324B, 0x324B, 0x324B, 0x324B, 0x324B, 0x324B, 0x324B, 0x324B, 0x324B, 0x324B, 0x324B,
        0x324B, 0x324B, 0x324B, 0x324B, 0x324B, 0x324B, 0x324B, 0x324B, 0x324B, 0x324B, 0x324B, 0x324B,
        0x324B, 0x324B, 0x324B, 0x324B, 0x324B, 0x324B, 0x324B, 0x324B, 0x324B, 0x324B, 0x324B, 0x324B,
        0x324B, 0x324B, 0x324B, 0x324B, 0x324B, 0x324B, 0x324B, 0x324B, 0x324B, 0x324B, 0x324B, 0x324B,
        0x324B, 0x324B, 0x324B, 0x324B, 0x324B, 0x324B, 0x324B, 0x324B, 0x324B, 0x324B, 0x324B, 0x324B,
        0x324B, 0x324B, 0x324B, 0x324B, 0x324B, 0x324B, 0x324B, 0x324B, 0x324B, 0x324B, 0x324B, 0x324B,
        0x324B, 0x324B, 0x324B, 0x324B, 0x324B, 0x324B, 0x324B, 0x324B, 0x324B, 0x324B, 0x324B, 0x324B,
        0x324B, 0x324B, 0x324B, 0x324B, 0x324B, 0x324B, 0x324B, 0x324B, 0x324B, 0x324B, 0x324B, 0x324B,
        0x324B, 0x324B, 0x324B, 0x324B, 0x324B, 0x324B, 0x324B, 0x324B, 0x324B, 0x324B, 0x324B, 0x324B,
        0x324B, 0x324B, 0x324B, 0x324B, 0x324B, 0x324B, 0x324B, 0x324B, 0x324B, 0x324B, 0x324B, 0x324B,
        0x324B, 0x324B, 0x324B, 0x324B, 0x324B, 0x324B, 0x324B, 0x324B, 0x324B, 0x324B, 0x324B, 0x324B,
        0x324B, 0x324B, 0x324B, 0x324B, 0x324B, 0x324B, 0x324B, 0x324B, 0x324B, 0x324B, 0x324B, 0x324B,
        0x324B, 0x324B, 0x324B, 0x324B, 0x324B, 0x324B, 0x324B, 0x324B, 0x324B, 0x324B, 0x324B, 0x324B,
        0x324B, 0x324B, 0x324B, 0x324B, 0x324B, 0x324B, 0x324B, 0x324B, 0x324B, 0x324B, 0x324B, 0x324B,
        0x324B, 0x324B, 0x324B, 0x324B, 0x324B, 0x324B, 0x324B, 0x324B, 0x324B, 0x324B, 0x324B, 0x324B,
        0x324B, 0x324B, 0x324B, 0x324B, 0x324B, 0x324B, 0x324B, 0x324B, 0x324B, 0x324B, 0x324B, 0x324B,
        0x324B, 0x324B, 0x324B, 0x324B, 0x324B, 0x324B, 0x324B, 0x324B, 0x324B, 0x324B, 0x324B, 0x324B,
        0x324B, 0x324B, 0x324B, 0x324B, 0x324B, 0x324B, 0x324B, 0x324B, 0x324B, 0x324B, 0x324B, 0x324B,
        0x324B, 0x324B, 0x324B, 0x324B, 0x324B, 0x324B, 0x324B, 0x324B, 0x324B, 0x324B, 0x324B, 0x324B,
        0x324B, 0x324B, 0x324B, 0x324B, 0x324B, 0x324B, 0x324B, 0x324B, 0x324B, 0x324B, 0x324B, 0x324B,
        0x324B, 0x324B, 0x324B, 0x324B, 0x324B, 0x324B, 0x324B, 0x324B, 0x324B, 0x324B, 0x324B, 0x324B,
        0x324B, 0x324B, 0x324B, 0x324B, 0x324B, 0x324B, 0x324B, 0x324B, 0x324B, 0x324B, 0x324B, 0x324B,
        0x324B, 0x324B, 0x324B, 0x324B, 0x324B, 0x324B, 0x324B, 0x324B, 0x324B, 0x324B, 0x324B, 0x324B,
        0x324B, 0x324B, 0x324B, 0x324B, 0x324B, 0x324B, 0x324B, 0x324B, 0x324B, 0x324B, 0x324B, 0x324B,
        0x324B, 0x324B, 0x324B, 0x324B, 0x324B, 0x324B, 0x324B, 0x324B, 0x324B, 0x324B, 0x324B, 0x324B,
        0x324B, 0x324B, 0x324B, 0x324B, 0x324B, 0x324B, 0x324B, 0x324B, 0x324B, 0x324B, 0x324B, 0x324B,
        0x324B, 0x324B, 0x324B, 0x324B, 0x324B, 0x324B, 0x324B, 0x324B, 0x324B, 0x324B, 0x324B, 0x324B,
        0x324B, 0x324B, 0x324B, 0x324B, 0x324B, 0x324B, 0x324B, 0x324B, 0x324B, 0x324B, 0x324B, 0x324B,
        0x324B, 0x324B, 0x324B, 0x324B, 0x324B, 0x324B, 0x324B, 0x324B, 0x324B, 0x324B, 0x324B, 0x324B,
        0x324B, 0x324B, 0x324B, 0x324B, 0x324B, 0x324B, 0x324B, 0x324B, 0x324B, 0x324B, 0x324B, 0x324B,
        0x324B, 0x324B, 0x324B, 0x324B, 0x324B, 0x324B, 0x324B, 0x324B, 0x324B, 0x324B, 0x324B, 0x324B,
        0x324B, 0x324B, 0x324B, 0x324B, 0x324B, 0x324B, 0x324B, 0x324B, 0x324B, 0x324B, 0x324B, 0x324B,
        0x324B, 0x324B, 0x324B, 0x324B, 0x324B, 0x324B, 0x324B, 0x324B, 0x324B, 0x324B, 0x324B, 0x324B,
        0x324B, 0x324B, 0x324B, 0x324B, 0x324B, 0x324B, 0x324B, 0x324B, 0x324B, 0x324B, 0x324B, 0x324B,
        0x324B, 0x324B, 0x324B, 0x324B, 0x324B, 0x324B, 0x324B, 0x324B, 0x324B, 0x324B, 0x324B, 0x324B,
        0x324B, 0x324B, 0x324B, 0x324B, 0x324B, 0x324B, 0x324B, 0x324B, 0x324B, 0x324B, 0x324B, 0x324B,
        0x324B, 0x324B, 0x324B, 0x324B, 0x324B, 0x324B, 0x324B, 0x324B, 0x324B, 0x324B, 0x324B, 0x324B,
        0x324B, 0x324B, 0x324B, 0x324B, 0x324B, 0x324B, 0x324B, 0x324B, 0x324B, 0x324B, 0x324B, 0x324B
};

}
}
